session,title,keys,file_path
sc5665,NOH_50pc_1p25perc_Capill_2mm_50ms_13m,NOH|50pc|1p25perc|Capill|2mm|50ms|13m,\\Synology\Data\2025\sc5665\id02\20250404\PROCESSED_DATA\Raft_Melts\Raft_Melts_20250406-175608\Raft_Melts_eiger2_00132_00_ave.h5
sc5665,NOH_50pc_0p625perc_2mm_Capill_100ms_13m,NOH|50pc|0p625perc|2mm|Capill|100ms|13m,\\Synology\Data\2025\sc5665\id02\20250404\PROCESSED_DATA\Raft_Melts\Raft_Melts_20250406-175608\Raft_Melts_eiger2_00131_00_ave.h5
sc5665,NOH_50pc_2p5perc_Capill_2mm_50ms_1p1m,NOH|50pc|2p5perc|Capill|2mm|50ms|1p1m,\\Synology\Data\2025\sc5665\id02\20250404\PROCESSED_DATA\Raft_Melts\Raft_Melts_20250406-175608\Raft_Melts_eiger2_00121_00_ave.h5
sc5665,Raft_200_5perc_2mm_Capill_100ms_13m,Raft|200|5perc|2mm|Capill|100ms|13m,\\Synology\Data\2025\sc5665\id02\20250404\PROCESSED_DATA\Raft_Melts\Raft_Melts_20250406-175608\Raft_Melts_eiger2_00066_00_ave.h5
sc5665,Raft_200_5perc_2mm_Capill_100ms_1_1m,Raft|200|5perc|2mm|Capill|100ms|1|1m,\\Synology\Data\2025\sc5665\id02\20250404\PROCESSED_DATA\Raft_Melts\Raft_Melts_20250406-175608\Raft_Melts_eiger2_00082_00_ave.h5
sc5665,Raft_1013_5perc_2mm_Capill_100ms_13m,Raft|1013|5perc|2mm|Capill|100ms|13m,\\Synology\Data\2025\sc5665\id02\20250404\PROCESSED_DATA\Raft_Melts\Raft_Melts_20250406-175608\Raft_Melts_eiger2_00029_00_ave.h5
sc5665,Raft_97_0p625pc_Capill_2mm_20ms_1m,Raft|97|0p625pc|Capill|2mm|20ms|1m,\\Synology\Data\2025\sc5665\id02\20250404\PROCESSED_DATA\Raft_Melts\Raft_Melts_20250406-175608\Raft_Melts_eiger2_00049_00_ave.h5
sc5665,Raft_200_2p5perc_2mm_Capill_100ms_13m,Raft|200|2p5perc|2mm|Capill|100ms|13m,\\Synology\Data\2025\sc5665\id02\20250404\PROCESSED_DATA\Raft_Melts\Raft_Melts_20250406-175608\Raft_Melts_eiger2_00069_00_ave.h5
sc5665,Hexane_2mm_Capill_100ms_5m,Hexane|2mm|Capill|100ms|5m,\\Synology\Data\2025\sc5665\id02\20250404\PROCESSED_DATA\Raft_Melts\Raft_Melts_20250406-175608\Raft_Melts_eiger2_00019_00_ave.h5
sc5665,Raft_200_0p6perc_2mm_Capill_100ms_1_1m,Raft|200|0p6perc|2mm|Capill|100ms|1|1m,\\Synology\Data\2025\sc5665\id02\20250404\PROCESSED_DATA\Raft_Melts\Raft_Melts_20250406-175608\Raft_Melts_eiger2_00085_00_ave.h5
sc5665,Raft_1013_0p625perc_2mm_Capill_100ms_1p1m,Raft|1013|0p625perc|2mm|Capill|100ms|1p1m,\\Synology\Data\2025\sc5665\id02\20250404\PROCESSED_DATA\Raft_Melts\Raft_Melts_20250406-175608\Raft_Melts_eiger2_00115_00_ave.h5
sc5665,Raft_200_5perc_Capill_2mm_20ms_13m,Raft|200|5perc|Capill|2mm|20ms|13m,\\Synology\Data\2025\sc5665\id02\20250404\PROCESSED_DATA\Raft_Melts\Raft_Melts_20250406-175608\Raft_Melts_eiger2_00063_00_ave.h5
sc5665,Raft_200_1p25perc_2mm_Capill_100ms_1_1m,Raft|200|1p25perc|2mm|Capill|100ms|1|1m,\\Synology\Data\2025\sc5665\id02\20250404\PROCESSED_DATA\Raft_Melts\Raft_Melts_20250406-175608\Raft_Melts_eiger2_00078_00_ave.h5
sc5665,Raft_480_2p5perc_Capill_2mm_50ms_13m,Raft|480|2p5perc|Capill|2mm|50ms|13m,\\Synology\Data\2025\sc5665\id02\20250404\PROCESSED_DATA\Raft_Melts\Raft_Melts_20250406-175608\Raft_Melts_eiger2_00095_00_ave.h5
sc5665,Raft_97_1p25pc_Capill_2mm_20ms_1m,Raft|97|1p25pc|Capill|2mm|20ms|1m,\\Synology\Data\2025\sc5665\id02\20250404\PROCESSED_DATA\Raft_Melts\Raft_Melts_20250406-175608\Raft_Melts_eiger2_00047_00_ave.h5
sc5665,Raft_97_1p25pc_Capill_2mm_20ms_13m,Raft|97|1p25pc|Capill|2mm|20ms|13m,\\Synology\Data\2025\sc5665\id02\20250404\PROCESSED_DATA\Raft_Melts\Raft_Melts_20250406-175608\Raft_Melts_eiger2_00040_00_ave.h5
sc5665,Raft_480_5perc_Capill_2mm_50ms_1_1m,Raft|480|5perc|Capill|2mm|50ms|1|1m,\\Synology\Data\2025\sc5665\id02\20250404\PROCESSED_DATA\Raft_Melts\Raft_Melts_20250406-175608\Raft_Melts_eiger2_00087_00_ave.h5
sc5665,Raft_480_2p5perc_2mm_Capill_100ms_1_1m,Raft|480|2p5perc|2mm|Capill|100ms|1|1m,\\Synology\Data\2025\sc5665\id02\20250404\PROCESSED_DATA\Raft_Melts\Raft_Melts_20250406-175608\Raft_Melts_eiger2_00091_00_ave.h5
sc5665,Raft_200_2p5perc_Capill_2mm_50ms_1_1m,Raft|200|2p5perc|Capill|2mm|50ms|1|1m,\\Synology\Data\2025\sc5665\id02\20250404\PROCESSED_DATA\Raft_Melts\Raft_Melts_20250406-175608\Raft_Melts_eiger2_00079_00_ave.h5
sc5665,NOH_50pc_0p3125perc_2mm_Capill_100ms_1_1m,NOH|50pc|0p3125perc|2mm|Capill|100ms|1|1m,\\Synology\Data\2025\sc5665\id02\20250404\PROCESSED_DATA\Raft_Melts\Raft_Melts_20250406-175608\Raft_Melts_eiger2_00147_00_ave.h5
sc5665,NOH_50pc_2p5perc_2mm_Capill_100ms_1p1m,NOH|50pc|2p5perc|2mm|Capill|100ms|1p1m,\\Synology\Data\2025\sc5665\id02\20250404\PROCESSED_DATA\Raft_Melts\Raft_Melts_20250406-175608\Raft_Melts_eiger2_00122_00_ave.h5
sc5665,NOH_50pc_2p5perc_Capill_2mm_50ms_13m,NOH|50pc|2p5perc|Capill|2mm|50ms|13m,\\Synology\Data\2025\sc5665\id02\20250404\PROCESSED_DATA\Raft_Melts\Raft_Melts_20250406-175608\Raft_Melts_eiger2_00134_00_ave.h5
sc5665,Raft_480_5perc_2mm_Capill_100ms_13m,Raft|480|5perc|2mm|Capill|100ms|13m,\\Synology\Data\2025\sc5665\id02\20250404\PROCESSED_DATA\Raft_Melts\Raft_Melts_20250406-175608\Raft_Melts_eiger2_00098_00_ave.h5
sc5665,Raft_200_5perc_Capill_2mm_50ms_13m,Raft|200|5perc|Capill|2mm|50ms|13m,\\Synology\Data\2025\sc5665\id02\20250404\PROCESSED_DATA\Raft_Melts\Raft_Melts_20250406-175608\Raft_Melts_eiger2_00064_00_ave.h5
sc5665,NOH_50pc_0p625perc_Capill_2mm_50ms_1p1m,NOH|50pc|0p625perc|Capill|2mm|50ms|1p1m,\\Synology\Data\2025\sc5665\id02\20250404\PROCESSED_DATA\Raft_Melts\Raft_Melts_20250406-175608\Raft_Melts_eiger2_00127_00_ave.h5
sc5665,NOH_50pc_0p625perc_Capill_2mm_50ms_13m,NOH|50pc|0p625perc|Capill|2mm|50ms|13m,\\Synology\Data\2025\sc5665\id02\20250404\PROCESSED_DATA\Raft_Melts\Raft_Melts_20250406-175608\Raft_Melts_eiger2_00130_00_ave.h5
sc5665,Raft_1013_Capill_2mm_20ms_13m,Raft|1013|Capill|2mm|20ms|13m,\\Synology\Data\2025\sc5665\id02\20250404\PROCESSED_DATA\Raft_Melts\Raft_Melts_20250406-175608\Raft_Melts_eiger2_00027_00_ave.h5
sc5665,Raft_1013_5perc_2mm_Capill_20ms_5m,Raft|1013|5perc|2mm|Capill|20ms|5m,\\Synology\Data\2025\sc5665\id02\20250404\PROCESSED_DATA\Raft_Melts\Raft_Melts_20250406-175608\Raft_Melts_eiger2_00017_00_ave.h5
sc5665,Raft_1013_1p25perc_2mm_Capill_100ms_13m,Raft|1013|1p25perc|2mm|Capill|100ms|13m,\\Synology\Data\2025\sc5665\id02\20250404\PROCESSED_DATA\Raft_Melts\Raft_Melts_20250406-175608\Raft_Melts_eiger2_00059_00_ave.h5
sc5665,Raft_1013_2p5perc_2mm_Capill_100ms_1m,Raft|1013|2p5perc|2mm|Capill|100ms|1m,\\Synology\Data\2025\sc5665\id02\20250404\PROCESSED_DATA\Raft_Melts\Raft_Melts_20250406-175608\Raft_Melts_eiger2_00054_00_ave.h5
sc5665,Raft_200_0p6perc_2mm_Capill_100ms_13m,Raft|200|0p6perc|2mm|Capill|100ms|13m,\\Synology\Data\2025\sc5665\id02\20250404\PROCESSED_DATA\Raft_Melts\Raft_Melts_20250406-175608\Raft_Melts_eiger2_00100_00_ave.h5
sc5665,Raft_1013_2p5pc_Capill_2mm_20ms_13m,Raft|1013|2p5pc|Capill|2mm|20ms|13m,\\Synology\Data\2025\sc5665\id02\20250404\PROCESSED_DATA\Raft_Melts\Raft_Melts_20250406-175608\Raft_Melts_eiger2_00060_00_ave.h5
sc5665,Raft_200_5perc_Capill_2mm_100ms_13m,Raft|200|5perc|Capill|2mm|100ms|13m,\\Synology\Data\2025\sc5665\id02\20250404\PROCESSED_DATA\Raft_Melts\Raft_Melts_20250406-175608\Raft_Melts_eiger2_00065_00_ave.h5
sc5665,Raft_480_0p625perc_Capill_2mm_50ms_13m,Raft|480|0p625perc|Capill|2mm|50ms|13m,\\Synology\Data\2025\sc5665\id02\20250404\PROCESSED_DATA\Raft_Melts\Raft_Melts_20250406-175608\Raft_Melts_eiger2_00109_00_ave.h5
sc5665,NOH_50pc_0p625perc_2mm_Capill_100ms_1p1m,NOH|50pc|0p625perc|2mm|Capill|100ms|1p1m,\\Synology\Data\2025\sc5665\id02\20250404\PROCESSED_DATA\Raft_Melts\Raft_Melts_20250406-175608\Raft_Melts_eiger2_00128_00_ave.h5
sc5665,Raft_97_1p25perc_2mm_Capill_100ms_13m,Raft|97|1p25perc|2mm|Capill|100ms|13m,\\Synology\Data\2025\sc5665\id02\20250404\PROCESSED_DATA\Raft_Melts\Raft_Melts_20250406-175608\Raft_Melts_eiger2_00041_00_ave.h5
sc5665,NOH_50pc_0p3125perc_Capill_2mm_50ms_13m,NOH|50pc|0p3125perc|Capill|2mm|50ms|13m,\\Synology\Data\2025\sc5665\id02\20250404\PROCESSED_DATA\Raft_Melts\Raft_Melts_20250406-175608\Raft_Melts_eiger2_00137_00_ave.h5
sc5665,Raft_1013_0p625perc_2mm_Capill_100ms_13m,Raft|1013|0p625perc|2mm|Capill|100ms|13m,\\Synology\Data\2025\sc5665\id02\20250404\PROCESSED_DATA\Raft_Melts\Raft_Melts_20250406-175608\Raft_Melts_eiger2_00113_00_ave.h5
sc5665,Raft_480_1p25perc_Capill_2mm_50ms_13m,Raft|480|1p25perc|Capill|2mm|50ms|13m,\\Synology\Data\2025\sc5665\id02\20250404\PROCESSED_DATA\Raft_Melts\Raft_Melts_20250406-175608\Raft_Melts_eiger2_00103_00_ave.h5
sc5665,NOH_50pc_2p5perc_2mm_Capill_100ms_13m,NOH|50pc|2p5perc|2mm|Capill|100ms|13m,\\Synology\Data\2025\sc5665\id02\20250404\PROCESSED_DATA\Raft_Melts\Raft_Melts_20250406-175608\Raft_Melts_eiger2_00135_00_ave.h5
sc5665,Raft_480_1p25perc_Capill_2mm_50ms_1p1m,Raft|480|1p25perc|Capill|2mm|50ms|1p1m,\\Synology\Data\2025\sc5665\id02\20250404\PROCESSED_DATA\Raft_Melts\Raft_Melts_20250406-175608\Raft_Melts_eiger2_00118_00_ave.h5
sc5665,NOH_50pc_0p3125perc_2mm_Capill_100ms_13m,NOH|50pc|0p3125perc|2mm|Capill|100ms|13m,\\Synology\Data\2025\sc5665\id02\20250404\PROCESSED_DATA\Raft_Melts\Raft_Melts_20250406-175608\Raft_Melts_eiger2_00138_00_ave.h5
sc5665,Raft_97_0p625perc_2mm_Capill_100ms_1m,Raft|97|0p625perc|2mm|Capill|100ms|1m,\\Synology\Data\2025\sc5665\id02\20250404\PROCESSED_DATA\Raft_Melts\Raft_Melts_20250406-175608\Raft_Melts_eiger2_00050_00_ave.h5
sc5665,NOH_50pc_0p3125perc_Capill_2mm_50ms_1_1m,NOH|50pc|0p3125perc|Capill|2mm|50ms|1|1m,\\Synology\Data\2025\sc5665\id02\20250404\PROCESSED_DATA\Raft_Melts\Raft_Melts_20250406-175608\Raft_Melts_eiger2_00146_00_ave.h5
sc5665,NOH_50pc_1p25perc_Capill_2mm_50ms_1p1m,NOH|50pc|1p25perc|Capill|2mm|50ms|1p1m,\\Synology\Data\2025\sc5665\id02\20250404\PROCESSED_DATA\Raft_Melts\Raft_Melts_20250406-175608\Raft_Melts_eiger2_00124_00_ave.h5
sc5665,Raft_200_2p5perc_2mm_Capill_100ms_1_1m,Raft|200|2p5perc|2mm|Capill|100ms|1|1m,\\Synology\Data\2025\sc5665\id02\20250404\PROCESSED_DATA\Raft_Melts\Raft_Melts_20250406-175608\Raft_Melts_eiger2_00080_00_ave.h5
sc5665,Raft_480_5perc_Capill_2mm_100ms_1_1m,Raft|480|5perc|Capill|2mm|100ms|1|1m,\\Synology\Data\2025\sc5665\id02\20250404\PROCESSED_DATA\Raft_Melts\Raft_Melts_20250406-175608\Raft_Melts_eiger2_00149_00_ave.h5
sc5665,Raft_480_5perc_Capill_2mm_50ms_13m,Raft|480|5perc|Capill|2mm|50ms|13m,\\Synology\Data\2025\sc5665\id02\20250404\PROCESSED_DATA\Raft_Melts\Raft_Melts_20250406-175608\Raft_Melts_eiger2_00142_00_ave.h5
sc5665,Raft_97_5perc_2mm_Capill_20ms_1_1m,Raft|97|5perc|2mm|Capill|20ms|1|1m,\\Synology\Data\2025\sc5665\id02\20250404\PROCESSED_DATA\Raft_Melts\Raft_Melts_20250406-175608\Raft_Melts_eiger2_00013_00_ave.h5
sc5665,Raft_200_1p25perc_2mm_Capill_100ms_13m,Raft|200|1p25perc|2mm|Capill|100ms|13m,\\Synology\Data\2025\sc5665\id02\20250404\PROCESSED_DATA\Raft_Melts\Raft_Melts_20250406-175608\Raft_Melts_eiger2_00075_00_ave.h5
sc5665,Raft_480_5perc_2mm_Capill_100ms_1_1m,Raft|480|5perc|2mm|Capill|100ms|1|1m,\\Synology\Data\2025\sc5665\id02\20250404\PROCESSED_DATA\Raft_Melts\Raft_Melts_20250406-175608\Raft_Melts_eiger2_00088_00_ave.h5
sc5665,Raft_97_Capill_2mm_20ms_13m,Raft|97|Capill|2mm|20ms|13m,\\Synology\Data\2025\sc5665\id02\20250404\PROCESSED_DATA\Raft_Melts\Raft_Melts_20250406-175608\Raft_Melts_eiger2_00030_00_ave.h5
sc5665,Raft_1013_0p625perc_Capill_2mm_50ms_1p1m,Raft|1013|0p625perc|Capill|2mm|50ms|1p1m,\\Synology\Data\2025\sc5665\id02\20250404\PROCESSED_DATA\Raft_Melts\Raft_Melts_20250406-175608\Raft_Melts_eiger2_00114_00_ave.h5
sc5665,Hexane_Capill_2mm_20ms_13m,Hexane|Capill|2mm|20ms|13m,\\Synology\Data\2025\sc5665\id02\20250404\PROCESSED_DATA\Raft_Melts\Raft_Melts_20250406-175608\Raft_Melts_eiger2_00022_00_ave.h5
sc5665,Raft_97_2p5perc_2mm_Capill_100ms_1m,Raft|97|2p5perc|2mm|Capill|100ms|1m,\\Synology\Data\2025\sc5665\id02\20250404\PROCESSED_DATA\Raft_Melts\Raft_Melts_20250406-175608\Raft_Melts_eiger2_00046_00_ave.h5
sc5665,Raft_200_1p25perc_Capill_2mm_50ms_13m,Raft|200|1p25perc|Capill|2mm|50ms|13m,\\Synology\Data\2025\sc5665\id02\20250404\PROCESSED_DATA\Raft_Melts\Raft_Melts_20250406-175608\Raft_Melts_eiger2_00074_00_ave.h5
sc5665,Raft_1013_0p625perc_Capill_2mm_50ms_13m,Raft|1013|0p625perc|Capill|2mm|50ms|13m,\\Synology\Data\2025\sc5665\id02\20250404\PROCESSED_DATA\Raft_Melts\Raft_Melts_20250406-175608\Raft_Melts_eiger2_00112_00_ave.h5
sc5665,Raft_97_2p5pc_Capill_2mm_20ms_1m,Raft|97|2p5pc|Capill|2mm|20ms|1m,\\Synology\Data\2025\sc5665\id02\20250404\PROCESSED_DATA\Raft_Melts\Raft_Melts_20250406-175608\Raft_Melts_eiger2_00045_00_ave.h5
sc5665,Raft_1013_1p25pc_Capill_2mm_20ms_1m,Raft|1013|1p25pc|Capill|2mm|20ms|1m,\\Synology\Data\2025\sc5665\id02\20250404\PROCESSED_DATA\Raft_Melts\Raft_Melts_20250406-175608\Raft_Melts_eiger2_00056_00_ave.h5
sc5665,Raft_1013_1p25pc_Capill_2mm_20ms_13m,Raft|1013|1p25pc|Capill|2mm|20ms|13m,\\Synology\Data\2025\sc5665\id02\20250404\PROCESSED_DATA\Raft_Melts\Raft_Melts_20250406-175608\Raft_Melts_eiger2_00058_00_ave.h5
sc5665,Raft_200_0p6perc_Capill_2mm_50ms_1_1m,Raft|200|0p6perc|Capill|2mm|50ms|1|1m,\\Synology\Data\2025\sc5665\id02\20250404\PROCESSED_DATA\Raft_Melts\Raft_Melts_20250406-175608\Raft_Melts_eiger2_00084_00_ave.h5
sc5665,Raft_97_1p25perc_2mm_Capill_100ms_1m,Raft|97|1p25perc|2mm|Capill|100ms|1m,\\Synology\Data\2025\sc5665\id02\20250404\PROCESSED_DATA\Raft_Melts\Raft_Melts_20250406-175608\Raft_Melts_eiger2_00048_00_ave.h5
sc5665,Raft_480_1p25perc_2mm_Capill_100ms_13m,Raft|480|1p25perc|2mm|Capill|100ms|13m,\\Synology\Data\2025\sc5665\id02\20250404\PROCESSED_DATA\Raft_Melts\Raft_Melts_20250406-175608\Raft_Melts_eiger2_00104_00_ave.h5
sc5665,Raft_480_0p625perc_2mm_Capill_100ms_1p1m,Raft|480|0p625perc|2mm|Capill|100ms|1p1m,\\Synology\Data\2025\sc5665\id02\20250404\PROCESSED_DATA\Raft_Melts\Raft_Melts_20250406-175608\Raft_Melts_eiger2_00117_00_ave.h5
sc5665,Hexane_2mm_Capill_100ms_1_1m,Hexane|2mm|Capill|100ms|1|1m,\\Synology\Data\2025\sc5665\id02\20250404\PROCESSED_DATA\Raft_Melts\Raft_Melts_20250406-175608\Raft_Melts_eiger2_00006_00_ave.h5
sc5665,Raft_480_5perc_Capill_2mm_100ms_13m,Raft|480|5perc|Capill|2mm|100ms|13m,\\Synology\Data\2025\sc5665\id02\20250404\PROCESSED_DATA\Raft_Melts\Raft_Melts_20250406-175608\Raft_Melts_eiger2_00145_00_ave.h5
sc5665,Hexane_Capill_2mm_20ms_1_1m,Hexane|Capill|2mm|20ms|1|1m,\\Synology\Data\2025\sc5665\id02\20250404\PROCESSED_DATA\Raft_Melts\Raft_Melts_20250406-175608\Raft_Melts_eiger2_00003_00_ave.h5
sc5665,Raft_97_2p5pc_Capill_2mm_20ms_13m,Raft|97|2p5pc|Capill|2mm|20ms|13m,\\Synology\Data\2025\sc5665\id02\20250404\PROCESSED_DATA\Raft_Melts\Raft_Melts_20250406-175608\Raft_Melts_eiger2_00035_00_ave.h5
sc5665,Raft_200_1p25perc_Capill_2mm_50ms_1_1m,Raft|200|1p25perc|Capill|2mm|50ms|1|1m,\\Synology\Data\2025\sc5665\id02\20250404\PROCESSED_DATA\Raft_Melts\Raft_Melts_20250406-175608\Raft_Melts_eiger2_00076_00_ave.h5
sc5665,Raft_1013_5perc_Capill_2mm_20ms_1_1m,Raft|1013|5perc|Capill|2mm|20ms|1|1m,\\Synology\Data\2025\sc5665\id02\20250404\PROCESSED_DATA\Raft_Melts\Raft_Melts_20250406-175608\Raft_Melts_eiger2_00008_00_ave.h5
sc5665,Raft_200_5perc_Capill_2mm_50ms_1_1m,Raft|200|5perc|Capill|2mm|50ms|1|1m,\\Synology\Data\2025\sc5665\id02\20250404\PROCESSED_DATA\Raft_Melts\Raft_Melts_20250406-175608\Raft_Melts_eiger2_00081_00_ave.h5
sc5665,Raft_480_1p25perc_2mm_Capill_100ms_1p1m,Raft|480|1p25perc|2mm|Capill|100ms|1p1m,\\Synology\Data\2025\sc5665\id02\20250404\PROCESSED_DATA\Raft_Melts\Raft_Melts_20250406-175608\Raft_Melts_eiger2_00119_00_ave.h5
sc5665,Raft_480_0p625perc_2mm_Capill_100ms_13m,Raft|480|0p625perc|2mm|Capill|100ms|13m,\\Synology\Data\2025\sc5665\id02\20250404\PROCESSED_DATA\Raft_Melts\Raft_Melts_20250406-175608\Raft_Melts_eiger2_00110_00_ave.h5
sc5665,NOH_50pc_1p25perc_2mm_Capill_100ms_1p1m,NOH|50pc|1p25perc|2mm|Capill|100ms|1p1m,\\Synology\Data\2025\sc5665\id02\20250404\PROCESSED_DATA\Raft_Melts\Raft_Melts_20250406-175608\Raft_Melts_eiger2_00125_00_ave.h5
sc5665,Raft_200_2p5perc_Capill_2mm_50ms_13m,Raft|200|2p5perc|Capill|2mm|50ms|13m,\\Synology\Data\2025\sc5665\id02\20250404\PROCESSED_DATA\Raft_Melts\Raft_Melts_20250406-175608\Raft_Melts_eiger2_00068_00_ave.h5
sc5665,NOH_50pc_1p25perc_2mm_Capill_100ms_13m,NOH|50pc|1p25perc|2mm|Capill|100ms|13m,\\Synology\Data\2025\sc5665\id02\20250404\PROCESSED_DATA\Raft_Melts\Raft_Melts_20250406-175608\Raft_Melts_eiger2_00133_00_ave.h5
sc5665,Hexane_2mm_Capill_100ms_13m,Hexane|2mm|Capill|100ms|13m,\\Synology\Data\2025\sc5665\id02\20250404\PROCESSED_DATA\Raft_Melts\Raft_Melts_20250406-175608\Raft_Melts_eiger2_00026_00_ave.h5
sc5665,Raft_97_0p625perc_2mm_Capill_100ms_13m,Raft|97|0p625perc|2mm|Capill|100ms|13m,\\Synology\Data\2025\sc5665\id02\20250404\PROCESSED_DATA\Raft_Melts\Raft_Melts_20250406-175608\Raft_Melts_eiger2_00038_00_ave.h5
sc5665,Raft_1013_5perc_2mm_Capill_20ms_1_1m,Raft|1013|5perc|2mm|Capill|20ms|1|1m,\\Synology\Data\2025\sc5665\id02\20250404\PROCESSED_DATA\Raft_Melts\Raft_Melts_20250406-175608\Raft_Melts_eiger2_00009_00_ave.h5
sc5665,Raft_97_2p5perc_2mm_Capill_100ms_13m,Raft|97|2p5perc|2mm|Capill|100ms|13m,\\Synology\Data\2025\sc5665\id02\20250404\PROCESSED_DATA\Raft_Melts\Raft_Melts_20250406-175608\Raft_Melts_eiger2_00044_00_ave.h5
sc5665,Raft_97_5perc_2mm_Capill_20ms_5m,Raft|97|5perc|2mm|Capill|20ms|5m,\\Synology\Data\2025\sc5665\id02\20250404\PROCESSED_DATA\Raft_Melts\Raft_Melts_20250406-175608\Raft_Melts_eiger2_00014_00_ave.h5
sc5665,Raft_97_5perc_2mm_Capill_100ms_13m,Raft|97|5perc|2mm|Capill|100ms|13m,\\Synology\Data\2025\sc5665\id02\20250404\PROCESSED_DATA\Raft_Melts\Raft_Melts_20250406-175608\Raft_Melts_eiger2_00031_00_ave.h5
sc5665,Raft_1013_2p5perc_2mm_Capill_100ms_13m,Raft|1013|2p5perc|2mm|Capill|100ms|13m,\\Synology\Data\2025\sc5665\id02\20250404\PROCESSED_DATA\Raft_Melts\Raft_Melts_20250406-175608\Raft_Melts_eiger2_00061_00_ave.h5
sc5665,Raft_1013_2p5pc_Capill_2mm_20ms_1m,Raft|1013|2p5pc|Capill|2mm|20ms|1m,\\Synology\Data\2025\sc5665\id02\20250404\PROCESSED_DATA\Raft_Melts\Raft_Melts_20250406-175608\Raft_Melts_eiger2_00053_00_ave.h5
sc5665,Raft_480_2p5perc_Capill_2mm_50ms_1_1m,Raft|480|2p5perc|Capill|2mm|50ms|1|1m,\\Synology\Data\2025\sc5665\id02\20250404\PROCESSED_DATA\Raft_Melts\Raft_Melts_20250406-175608\Raft_Melts_eiger2_00090_00_ave.h5
sc5665,Raft_480_0p625perc_Capill_2mm_50ms_1p1m,Raft|480|0p625perc|Capill|2mm|50ms|1p1m,\\Synology\Data\2025\sc5665\id02\20250404\PROCESSED_DATA\Raft_Melts\Raft_Melts_20250406-175608\Raft_Melts_eiger2_00116_00_ave.h5
sc5665,Raft_200_0p6perc_Capill_2mm_50ms_13m,Raft|200|0p6perc|Capill|2mm|50ms|13m,\\Synology\Data\2025\sc5665\id02\20250404\PROCESSED_DATA\Raft_Melts\Raft_Melts_20250406-175608\Raft_Melts_eiger2_00099_00_ave.h5
sc5665,Raft_480_2p5perc_2mm_Capill_100ms_13m,Raft|480|2p5perc|2mm|Capill|100ms|13m,\\Synology\Data\2025\sc5665\id02\20250404\PROCESSED_DATA\Raft_Melts\Raft_Melts_20250406-175608\Raft_Melts_eiger2_00096_00_ave.h5
sc5665,Raft_1013_1p25perc_2mm_Capill_100ms_1m,Raft|1013|1p25perc|2mm|Capill|100ms|1m,\\Synology\Data\2025\sc5665\id02\20250404\PROCESSED_DATA\Raft_Melts\Raft_Melts_20250406-175608\Raft_Melts_eiger2_00057_00_ave.h5
sc5665,PCL_M4_20ms_1m_1,PCL|M4|20ms|1m|1,\\Synology\Data\2025\sc5665\id02\20250404\PROCESSED_DATA\PEG\PEG_20250405-141744\PEG_eiger2_00101_00_ave.h5
sc5665,EAK_UB_20ms_1_1m,EAK|UB|20ms|1|1m,\\Synology\Data\2025\sc5665\id02\20250404\PROCESSED_DATA\PEG\PEG_20250405-141744\PEG_eiger2_00235_00_ave.h5
sc5665,BA2MA2Sv3I10_0_7M_20ms_5m,BA2MA2Sv3I10|0|7M|20ms|5m,\\Synology\Data\2025\sc5665\id02\20250404\PROCESSED_DATA\PEG\PEG_20250405-141744\PEG_eiger2_00397_00_ave.h5
sc5665,M3PEG_PCL_15perc_20ms_1_1m,M3PEG|PCL|15perc|20ms|1|1m,\\Synology\Data\2025\sc5665\id02\20250404\PROCESSED_DATA\PEG\PEG_20250405-141744\PEG_eiger2_00456_00_ave.h5
sc5665,EAK_0_6B_100ms_1_1m_T=135C,EAK|0|6B|100ms|1|1m|T=135C,\\Synology\Data\2025\sc5665\id02\20250404\PROCESSED_DATA\PEG\PEG_20250405-141744\PEG_eiger2_00272_00_ave.h5
sc5665,BA2SvI4_0_7M_20ms_5m,BA2SvI4|0|7M|20ms|5m,\\Synology\Data\2025\sc5665\id02\20250404\PROCESSED_DATA\PEG\PEG_20250405-141744\PEG_eiger2_00380_00_ave.h5
sc5665,NOH_NG_6_Melt_20ms_1_1m,NOH|NG|6|Melt|20ms|1|1m,\\Synology\Data\2025\sc5665\id02\20250404\PROCESSED_DATA\PEG\PEG_20250405-141744\PEG_eiger2_00206_00_ave.h5
sc5665,PDMS_P3HT_5perc_4_1_20ms_1_1m,PDMS|P3HT|5perc|4|1|20ms|1|1m,\\Synology\Data\2025\sc5665\id02\20250404\PROCESSED_DATA\PEG\PEG_20250405-141744\PEG_eiger2_00487_00_ave.h5
sc5665,NOH_NG_4_Melt_20ms_1_1m,NOH|NG|4|Melt|20ms|1|1m,\\Synology\Data\2025\sc5665\id02\20250404\PROCESSED_DATA\PEG\PEG_20250405-141744\PEG_eiger2_00197_00_ave.h5
sc5665,M3_PEG_20perc_100ms_30C_nobeam,M3|PEG|20perc|100ms|30C|nobeam,\\Synology\Data\2025\sc5665\id02\20250404\PROCESSED_DATA\PEG\PEG_20250405-141744\PEG_eiger2_00060_00_ave.h5
sc5665,Denis_Li_Gu_Plasma_20ms_50micrRhodiumfilter_1_1m,Denis|Li|Gu|Plasma|20ms|50micrRhodiumfilter|1|1m,\\Synology\Data\2025\sc5665\id02\20250404\PROCESSED_DATA\PEG\PEG_20250405-141744\PEG_eiger2_00562_00_ave.h5
sc5665,Sorin_EC3_20ms_1_1m,Sorin|EC3|20ms|1|1m,\\Synology\Data\2025\sc5665\id02\20250404\PROCESSED_DATA\PEG\PEG_20250405-141744\PEG_eiger2_00703_00_ave.h5
sc5665,SvI2_0_4M_20ms_5m,SvI2|0|4M|20ms|5m,\\Synology\Data\2025\sc5665\id02\20250404\PROCESSED_DATA\PEG\PEG_20250405-141744\PEG_eiger2_00363_00_ave.h5
sc5665,PDMS_P3HT_5perc_Chloroform_100ms_1_1m,PDMS|P3HT|5perc|Chloroform|100ms|1|1m,\\Synology\Data\2025\sc5665\id02\20250404\PROCESSED_DATA\PEG\PEG_20250405-141744\PEG_eiger2_00501_00_ave.h5
sc5665,PDMS_P3HT_12perc_Chloroform_100ms_1_1m,PDMS|P3HT|12perc|Chloroform|100ms|1|1m,\\Synology\Data\2025\sc5665\id02\20250404\PROCESSED_DATA\PEG\PEG_20250405-141744\PEG_eiger2_00525_00_ave.h5
sc5665,SB02_20ms_5m,SB02|20ms|5m,\\Synology\Data\2025\sc5665\id02\20250404\PROCESSED_DATA\PEG\PEG_20250405-141744\PEG_eiger2_00551_00_ave.h5
sc5665,PDMS_P3HT_5perc_Chloroform_20ms_1_1m,PDMS|P3HT|5perc|Chloroform|20ms|1|1m,\\Synology\Data\2025\sc5665\id02\20250404\PROCESSED_DATA\PEG\PEG_20250405-141744\PEG_eiger2_00500_00_ave.h5
sc5665,PCL_M3_100ms_1m_1_T=70C,PCL|M3|100ms|1m|1|T=70C,\\Synology\Data\2025\sc5665\id02\20250404\PROCESSED_DATA\PEG\PEG_20250405-141744\PEG_eiger2_00099_00_ave.h5
sc5665,SB01_5m,SB01|5m,\\Synology\Data\2025\sc5665\id02\20250404\PROCESSED_DATA\PEG\PEG_20250405-141744\PEG_eiger2_00547_00_ave.h5
sc5665,EAK_UB_100ms_1_1m_T=100C,EAK|UB|100ms|1|1m|T=100C,\\Synology\Data\2025\sc5665\id02\20250404\PROCESSED_DATA\PEG\PEG_20250405-141744\PEG_eiger2_00242_00_ave.h5
sc5665,PDMS_P3HT_15perc_Chloroform_20ms_1_1m,PDMS|P3HT|15perc|Chloroform|20ms|1|1m,\\Synology\Data\2025\sc5665\id02\20250404\PROCESSED_DATA\PEG\PEG_20250405-141744\PEG_eiger2_00528_00_ave.h5
sc5665,EAK_UB_20ms_1_1m_T=100C,EAK|UB|20ms|1|1m|T=100C,\\Synology\Data\2025\sc5665\id02\20250404\PROCESSED_DATA\PEG\PEG_20250405-141744\PEG_eiger2_00241_00_ave.h5
sc5665,Denis_Li_Gu_Plasma_2ms_Rhodiumfilter_50micr_5m,Denis|Li|Gu|Plasma|2ms|Rhodiumfilter|50micr|5m,\\Synology\Data\2025\sc5665\id02\20250404\PROCESSED_DATA\PEG\PEG_20250405-141744\PEG_eiger2_00556_00_ave.h5
sc5665,PDMS_P3HT_7perc_Chloroform_20ms_1_1m,PDMS|P3HT|7perc|Chloroform|20ms|1|1m,\\Synology\Data\2025\sc5665\id02\20250404\PROCESSED_DATA\PEG\PEG_20250405-141744\PEG_eiger2_00513_00_ave.h5
sc5665,PCL_M1_20ms_1m_1,PCL|M1|20ms|1m|1,\\Synology\Data\2025\sc5665\id02\20250404\PROCESSED_DATA\PEG\PEG_20250405-141744\PEG_eiger2_00064_00_ave.h5
sc5665,PDMS_P3HT_5perc_chloroform_100ms_5m,PDMS|P3HT|5perc|chloroform|100ms|5m,\\Synology\Data\2025\sc5665\id02\20250404\PROCESSED_DATA\PEG\PEG_20250405-141744\PEG_eiger2_00506_00_ave.h5
sc5665,EAK_0_1B_100ms_1_1m_T=100C,EAK|0|1B|100ms|1|1m|T=100C,\\Synology\Data\2025\sc5665\id02\20250404\PROCESSED_DATA\PEG\PEG_20250405-141744\PEG_eiger2_00249_00_ave.h5
sc5665,PCL_M1_100ms_1m_1_T=60C,PCL|M1|100ms|1m|1|T=60C,\\Synology\Data\2025\sc5665\id02\20250404\PROCESSED_DATA\PEG\PEG_20250405-141744\PEG_eiger2_00074_00_ave.h5
sc5665,EAK_1_2_0_6B_100ms_1_1m_T=90C,EAK|1|2|0|6B|100ms|1|1m|T=90C,\\Synology\Data\2025\sc5665\id02\20250404\PROCESSED_DATA\PEG\PEG_20250405-141744\PEG_eiger2_00281_00_ave.h5
sc5665,PEG_PNIPAM_576_12_20ms_1_1m,PEG|PNIPAM|576|12|20ms|1|1m,\\Synology\Data\2025\sc5665\id02\20250404\PROCESSED_DATA\PEG\PEG_20250405-141744\PEG_eiger2_00131_00_ave.h5
sc5665,EAK_0_1B_20ms_1_1m_RT,EAK|0|1B|20ms|1|1m|RT,\\Synology\Data\2025\sc5665\id02\20250404\PROCESSED_DATA\PEG\PEG_20250405-141744\PEG_eiger2_00246_00_ave.h5
sc5665,water_capillary_1mm5_new_mask,water|capillary|1mm5|new|mask,\\Synology\Data\2025\sc5665\id02\20250404\PROCESSED_DATA\PEG\PEG_20250405-141744\PEG_eiger2_00006_00_ave.h5
sc5665,EAK_1_2_0_6B_20ms_1_1m_RT,EAK|1|2|0|6B|20ms|1|1m|RT,\\Synology\Data\2025\sc5665\id02\20250404\PROCESSED_DATA\PEG\PEG_20250405-141744\PEG_eiger2_00276_00_ave.h5
sc5665,PCL_M2_100ms_1m_1_T=50C,PCL|M2|100ms|1m|1|T=50C,\\Synology\Data\2025\sc5665\id02\20250404\PROCESSED_DATA\PEG\PEG_20250405-141744\PEG_eiger2_00085_00_ave.h5
sc5665,PCL_M4_100ms_1m_1_T=50C,PCL|M4|100ms|1m|1|T=50C,\\Synology\Data\2025\sc5665\id02\20250404\PROCESSED_DATA\PEG\PEG_20250405-141744\PEG_eiger2_00109_00_ave.h5
sc5665,PCL_M3_20ms_1m_1,PCL|M3|20ms|1m|1,\\Synology\Data\2025\sc5665\id02\20250404\PROCESSED_DATA\PEG\PEG_20250405-141744\PEG_eiger2_00089_00_ave.h5
sc5665,M3_PEG_5perc_20ms,M3|PEG|5perc|20ms,\\Synology\Data\2025\sc5665\id02\20250404\PROCESSED_DATA\PEG\PEG_20250405-141744\PEG_eiger2_00022_00_ave.h5
sc5665,DMF_box_20ms_5m,DMF|box|20ms|5m,\\Synology\Data\2025\sc5665\id02\20250404\PROCESSED_DATA\PEG\PEG_20250405-141744\PEG_eiger2_00341_00_ave.h5
sc5665,EAK_0_3B_100ms_1_1m_T=180C,EAK|0|3B|100ms|1|1m|T=180C,\\Synology\Data\2025\sc5665\id02\20250404\PROCESSED_DATA\PEG\PEG_20250405-141744\PEG_eiger2_00263_00_ave.h5
sc5665,EAK_0_1B_100ms_1_1m_T=135C,EAK|0|1B|100ms|1|1m|T=135C,\\Synology\Data\2025\sc5665\id02\20250404\PROCESSED_DATA\PEG\PEG_20250405-141744\PEG_eiger2_00251_00_ave.h5
sc5665,M3_PEG_20perc_100ms_65C,M3|PEG|20perc|100ms|65C,\\Synology\Data\2025\sc5665\id02\20250404\PROCESSED_DATA\PEG\PEG_20250405-141744\PEG_eiger2_00053_00_ave.h5
sc5665,Lense_31_6_100ms_1_1m,Lense|31|6|100ms|1|1m,\\Synology\Data\2025\sc5665\id02\20250404\PROCESSED_DATA\PEG\PEG_20250405-141744\PEG_eiger2_00171_00_ave.h5
sc5665,LT01_102_Isotactic_20ms_1_1m,LT01|102|Isotactic|20ms|1|1m,\\Synology\Data\2025\sc5665\id02\20250404\PROCESSED_DATA\PEG\PEG_20250405-141744\PEG_eiger2_00217_00_ave.h5
sc5665,PCL_M2_100ms_1m_1_T=40C,PCL|M2|100ms|1m|1|T=40C,\\Synology\Data\2025\sc5665\id02\20250404\PROCESSED_DATA\PEG\PEG_20250405-141744\PEG_eiger2_00084_00_ave.h5
sc5665,EAK_0_1B_100ms_1_1m_T=125C,EAK|0|1B|100ms|1|1m|T=125C,\\Synology\Data\2025\sc5665\id02\20250404\PROCESSED_DATA\PEG\PEG_20250405-141744\PEG_eiger2_00250_00_ave.h5
sc5665,Linkam_empty_WithouCover_50ms_1_1m,Linkam|empty|WithouCover|50ms|1|1m,\\Synology\Data\2025\sc5665\id02\20250404\PROCESSED_DATA\PEG\PEG_20250405-141744\PEG_eiger2_00736_00_ave.h5
sc5665,Sorin_EC6_100ms_1_1m,Sorin|EC6|100ms|1|1m,\\Synology\Data\2025\sc5665\id02\20250404\PROCESSED_DATA\PEG\PEG_20250405-141744\PEG_eiger2_00721_00_ave.h5
sc5665,PEG_PNIPAM_576_6_20ms_5m,PEG|PNIPAM|576|6|20ms|5m,\\Synology\Data\2025\sc5665\id02\20250404\PROCESSED_DATA\PEG\PEG_20250405-141744\PEG_eiger2_00119_00_ave.h5
sc5665,Lense_31_6_20ms_1_1m,Lense|31|6|20ms|1|1m,\\Synology\Data\2025\sc5665\id02\20250404\PROCESSED_DATA\PEG\PEG_20250405-141744\PEG_eiger2_00170_00_ave.h5
sc5665,PDMS_P3HT_5perc_chloroform_100ms_1_1m,PDMS|P3HT|5perc|chloroform|100ms|1|1m,\\Synology\Data\2025\sc5665\id02\20250404\PROCESSED_DATA\PEG\PEG_20250405-141744\PEG_eiger2_00502_00_ave.h5
sc5665,Denis_Li_Gu_Plasma_2ms_5m,Denis|Li|Gu|Plasma|2ms|5m,\\Synology\Data\2025\sc5665\id02\20250404\PROCESSED_DATA\PEG\PEG_20250405-141744\PEG_eiger2_00555_00_ave.h5
sc5665,EAK_UB_100ms_1_1m_T=180C,EAK|UB|100ms|1|1m|T=180C,\\Synology\Data\2025\sc5665\id02\20250404\PROCESSED_DATA\PEG\PEG_20250405-141744\PEG_eiger2_00245_00_ave.h5
sc5665,EAK_UB_100ms_1_1m_T=145C,EAK|UB|100ms|1|1m|T=145C,\\Synology\Data\2025\sc5665\id02\20250404\PROCESSED_DATA\PEG\PEG_20250405-141744\PEG_eiger2_00244_00_ave.h5
sc5665,BA2MASv2I7_0_7M_20ms_5m,BA2MASv2I7|0|7M|20ms|5m,\\Synology\Data\2025\sc5665\id02\20250404\PROCESSED_DATA\PEG\PEG_20250405-141744\PEG_eiger2_00416_00_ave.h5
sc5665,Sorin_EC9_100ms_1_1m,Sorin|EC9|100ms|1|1m,\\Synology\Data\2025\sc5665\id02\20250404\PROCESSED_DATA\PEG\PEG_20250405-141744\PEG_eiger2_00731_00_ave.h5
sc5665,Linkam_empty_withoutCover_1m_1,Linkam|empty|withoutCover|1m|1,\\Synology\Data\2025\sc5665\id02\20250404\PROCESSED_DATA\PEG\PEG_20250405-141744\PEG_eiger2_00063_00_ave.h5
sc5665,EAK_UB_100ms_1_1m_T=135C,EAK|UB|100ms|1|1m|T=135C,\\Synology\Data\2025\sc5665\id02\20250404\PROCESSED_DATA\PEG\PEG_20250405-141744\PEG_eiger2_00243_00_ave.h5
sc5665,Sorin_EC4_20ms_1_1m,Sorin|EC4|20ms|1|1m,\\Synology\Data\2025\sc5665\id02\20250404\PROCESSED_DATA\PEG\PEG_20250405-141744\PEG_eiger2_00712_00_ave.h5
sc5665,M3PEG_PCL_20perc_20ms_1_1m,M3PEG|PCL|20perc|20ms|1|1m,\\Synology\Data\2025\sc5665\id02\20250404\PROCESSED_DATA\PEG\PEG_20250405-141744\PEG_eiger2_00438_00_ave.h5
sc5665,EAK_0_3B_20ms_1_1m,EAK|0|3B|20ms|1|1m,\\Synology\Data\2025\sc5665\id02\20250404\PROCESSED_DATA\PEG\PEG_20250405-141744\PEG_eiger2_00255_00_ave.h5
sc5665,M3_PEG_20perc_100ms_70C,M3|PEG|20perc|100ms|70C,\\Synology\Data\2025\sc5665\id02\20250404\PROCESSED_DATA\PEG\PEG_20250405-141744\PEG_eiger2_00054_00_ave.h5
sc5665,EAK_0_6B_100ms_1_1m_RT,EAK|0|6B|100ms|1|1m|RT,\\Synology\Data\2025\sc5665\id02\20250404\PROCESSED_DATA\PEG\PEG_20250405-141744\PEG_eiger2_00265_00_ave.h5
sc5665,BA2SvI4_0_7M_20ms_1_1m,BA2SvI4|0|7M|20ms|1|1m,\\Synology\Data\2025\sc5665\id02\20250404\PROCESSED_DATA\PEG\PEG_20250405-141744\PEG_eiger2_00389_00_ave.h5
sc5665,EAK_0_1B_100ms_1_1m_T=180C,EAK|0|1B|100ms|1|1m|T=180C,\\Synology\Data\2025\sc5665\id02\20250404\PROCESSED_DATA\PEG\PEG_20250405-141744\PEG_eiger2_00253_00_ave.h5
sc5665,Denis_Li_Gu_Soskreb_FlatOn_100ms_50micrRhodiumfilter_1_1m,Denis|Li|Gu|Soskreb|FlatOn|100ms|50micrRhodiumfilter|1|1m,\\Synology\Data\2025\sc5665\id02\20250404\PROCESSED_DATA\PEG\PEG_20250405-141744\PEG_eiger2_00599_00_ave.h5
sc5665,M3_PEG_20perc_20ms,M3|PEG|20perc|20ms,\\Synology\Data\2025\sc5665\id02\20250404\PROCESSED_DATA\PEG\PEG_20250405-141744\PEG_eiger2_00046_00_ave.h5
sc5665,DMF_air_20ms_1_1m,DMF|air|20ms|1|1m,\\Synology\Data\2025\sc5665\id02\20250404\PROCESSED_DATA\PEG\PEG_20250405-141744\PEG_eiger2_00322_00_ave.h5
sc5665,Test,Test,\\Synology\Data\2025\sc5665\id02\20250404\PROCESSED_DATA\PEG\PEG_20250405-141744\PEG_eiger2_00455_00_ave.h5
sc5665,PDMS_P3HT_15perc_4_1_20ms_1_1m,PDMS|P3HT|15perc|4|1|20ms|1|1m,\\Synology\Data\2025\sc5665\id02\20250404\PROCESSED_DATA\PEG\PEG_20250405-141744\PEG_eiger2_00496_00_ave.h5
sc5665,EAK_0_6B_100ms_1_1m_T=125C,EAK|0|6B|100ms|1|1m|T=125C,\\Synology\Data\2025\sc5665\id02\20250404\PROCESSED_DATA\PEG\PEG_20250405-141744\PEG_eiger2_00271_00_ave.h5
sc5665,PDMS_P3HT_5perc_Chloroform_20ms_5m,PDMS|P3HT|5perc|Chloroform|20ms|5m,\\Synology\Data\2025\sc5665\id02\20250404\PROCESSED_DATA\PEG\PEG_20250405-141744\PEG_eiger2_00504_00_ave.h5
sc5665,Kris_LT02_158_soakedWater_5hrs45min_100ms_1_1m,Kris|LT02|158|soakedWater|5hrs45min|100ms|1|1m,\\Synology\Data\2025\sc5665\id02\20250404\PROCESSED_DATA\PEG\PEG_20250405-141744\PEG_eiger2_00742_00_ave.h5
sc5665,SvI2_0_4M_20ms_1_1m,SvI2|0|4M|20ms|1|1m,\\Synology\Data\2025\sc5665\id02\20250404\PROCESSED_DATA\PEG\PEG_20250405-141744\PEG_eiger2_00330_00_ave.h5
sc5665,Kris_LT_02_158_20ms_1_1m,Kris|LT|02|158|20ms|1|1m,\\Synology\Data\2025\sc5665\id02\20250404\PROCESSED_DATA\PEG\PEG_20250405-141744\PEG_eiger2_00533_00_ave.h5
sc5665,Sorin_EC9_50ms_1_1m,Sorin|EC9|50ms|1|1m,\\Synology\Data\2025\sc5665\id02\20250404\PROCESSED_DATA\PEG\PEG_20250405-141744\PEG_eiger2_00730_00_ave.h5
sc5665,EAK_0_3B_100ms_1_1m_T=125C,EAK|0|3B|100ms|1|1m|T=125C,\\Synology\Data\2025\sc5665\id02\20250404\PROCESSED_DATA\PEG\PEG_20250405-141744\PEG_eiger2_00260_00_ave.h5
sc5665,NOH_NG_4_elastomer_20ms_1_1m,NOH|NG|4|elastomer|20ms|1|1m,\\Synology\Data\2025\sc5665\id02\20250404\PROCESSED_DATA\PEG\PEG_20250405-141744\PEG_eiger2_00155_00_ave.h5
sc5665,SvI2_0_7M_20ms_5m,SvI2|0|7M|20ms|5m,\\Synology\Data\2025\sc5665\id02\20250404\PROCESSED_DATA\PEG\PEG_20250405-141744\PEG_eiger2_00407_00_ave.h5
sc5665,M3_PEG_15perc_20ms,M3|PEG|15perc|20ms,\\Synology\Data\2025\sc5665\id02\20250404\PROCESSED_DATA\PEG\PEG_20250405-141744\PEG_eiger2_00039_00_ave.h5
sc5665,SB01_100ms_5m,SB01|100ms|5m,\\Synology\Data\2025\sc5665\id02\20250404\PROCESSED_DATA\PEG\PEG_20250405-141744\PEG_eiger2_00550_00_ave.h5
sc5665,PCL_M3_100ms_1m_1_T=80C,PCL|M3|100ms|1m|1|T=80C,\\Synology\Data\2025\sc5665\id02\20250404\PROCESSED_DATA\PEG\PEG_20250405-141744\PEG_eiger2_00100_00_ave.h5
sc5665,PCL_M1_100ms_1m_1_T=50C,PCL|M1|100ms|1m|1|T=50C,\\Synology\Data\2025\sc5665\id02\20250404\PROCESSED_DATA\PEG\PEG_20250405-141744\PEG_eiger2_00073_00_ave.h5
sc5665,EAK_0_6B_100ms_1_1m_T=100C,EAK|0|6B|100ms|1|1m|T=100C,\\Synology\Data\2025\sc5665\id02\20250404\PROCESSED_DATA\PEG\PEG_20250405-141744\PEG_eiger2_00270_00_ave.h5
sc5665,Denis_Li_Gu_Soskreb_FlatOn_100ms_Rhodiumfilter_50micr_1_1m,Denis|Li|Gu|Soskreb|FlatOn|100ms|Rhodiumfilter|50micr|1|1m,\\Synology\Data\2025\sc5665\id02\20250404\PROCESSED_DATA\PEG\PEG_20250405-141744\PEG_eiger2_00597_00_ave.h5
sc5665,SvI2_20ms_1_1m,SvI2|20ms|1|1m,\\Synology\Data\2025\sc5665\id02\20250404\PROCESSED_DATA\PEG\PEG_20250405-141744\PEG_eiger2_00305_00_ave.h5
sc5665,Sorin_EC7_20ms_1_1m,Sorin|EC7|20ms|1|1m,\\Synology\Data\2025\sc5665\id02\20250404\PROCESSED_DATA\PEG\PEG_20250405-141744\PEG_eiger2_00722_00_ave.h5
sc5665,EAK_0_1B_100ms_1_1m_T=145C,EAK|0|1B|100ms|1|1m|T=145C,\\Synology\Data\2025\sc5665\id02\20250404\PROCESSED_DATA\PEG\PEG_20250405-141744\PEG_eiger2_00252_00_ave.h5
sc5665,Sorin_EC8_20ms_1_1m,Sorin|EC8|20ms|1|1m,\\Synology\Data\2025\sc5665\id02\20250404\PROCESSED_DATA\PEG\PEG_20250405-141744\PEG_eiger2_00726_00_ave.h5
sc5665,MASvI3_0_7M_20ms_5m,MASvI3|0|7M|20ms|5m,\\Synology\Data\2025\sc5665\id02\20250404\PROCESSED_DATA\PEG\PEG_20250405-141744\PEG_eiger2_00371_00_ave.h5
sc5665,EAK_0_6B_100ms_1_1m_T=180C,EAK|0|6B|100ms|1|1m|T=180C,\\Synology\Data\2025\sc5665\id02\20250404\PROCESSED_DATA\PEG\PEG_20250405-141744\PEG_eiger2_00274_00_ave.h5
sc5665,PCL_M2_100ms_1m_1_T=60C,PCL|M2|100ms|1m|1|T=60C,\\Synology\Data\2025\sc5665\id02\20250404\PROCESSED_DATA\PEG\PEG_20250405-141744\PEG_eiger2_00086_00_ave.h5
sc5665,Kris_LT02_158_SoakedWater_5hrs45min_100ms_1_1m,Kris|LT02|158|SoakedWater|5hrs45min|100ms|1|1m,\\Synology\Data\2025\sc5665\id02\20250404\PROCESSED_DATA\PEG\PEG_20250405-141744\PEG_eiger2_00746_00_ave.h5
sc5665,Lense_28B_6_20ms_1_1m,Lense|28B|6|20ms|1|1m,\\Synology\Data\2025\sc5665\id02\20250404\PROCESSED_DATA\PEG\PEG_20250405-141744\PEG_eiger2_00182_00_ave.h5
sc5665,PDMS_P3HT_10perc_4_1_100ms_1_1m,PDMS|P3HT|10perc|4|1|100ms|1|1m,\\Synology\Data\2025\sc5665\id02\20250404\PROCESSED_DATA\PEG\PEG_20250405-141744\PEG_eiger2_00485_00_ave.h5
sc5665,NPDMS_90perc_20ms_1_1m,NPDMS|90perc|20ms|1|1m,\\Synology\Data\2025\sc5665\id02\20250404\PROCESSED_DATA\PEG\PEG_20250405-141744\PEG_eiger2_00163_00_ave.h5
sc5665,EAK_0_3B_100ms_1_1m_T=145C,EAK|0|3B|100ms|1|1m|T=145C,\\Synology\Data\2025\sc5665\id02\20250404\PROCESSED_DATA\PEG\PEG_20250405-141744\PEG_eiger2_00262_00_ave.h5
sc5665,M3PEG_PCL_10perc_20ms_1_1m,M3PEG|PCL|10perc|20ms|1|1m,\\Synology\Data\2025\sc5665\id02\20250404\PROCESSED_DATA\PEG\PEG_20250405-141744\PEG_eiger2_00464_00_ave.h5
sc5665,EAK_0_1B_100ms_1_1m_RT,EAK|0|1B|100ms|1|1m|RT,\\Synology\Data\2025\sc5665\id02\20250404\PROCESSED_DATA\PEG\PEG_20250405-141744\PEG_eiger2_00248_00_ave.h5
sc5665,Raft_melt_480_after9hr_drying_20ms_1_1m,Raft|melt|480|after9hr|drying|20ms|1|1m,\\Synology\Data\2025\sc5665\id02\20250404\PROCESSED_DATA\PEG\PEG_20250405-141744\PEG_eiger2_00141_00_ave.h5
sc5665,PEG_PNIPAM_576_12_100ms_1_1m,PEG|PNIPAM|576|12|100ms|1|1m,\\Synology\Data\2025\sc5665\id02\20250404\PROCESSED_DATA\PEG\PEG_20250405-141744\PEG_eiger2_00139_00_ave.h5
sc5665,M3PEG_PCL_5perc_20ms_1_1m,M3PEG|PCL|5perc|20ms|1|1m,\\Synology\Data\2025\sc5665\id02\20250404\PROCESSED_DATA\PEG\PEG_20250405-141744\PEG_eiger2_00427_00_ave.h5
sc5665,Denis_Li_Gu_Plasma_100ms_Rhodiumfilter_50micr_1_1m,Denis|Li|Gu|Plasma|100ms|Rhodiumfilter|50micr|1|1m,\\Synology\Data\2025\sc5665\id02\20250404\PROCESSED_DATA\PEG\PEG_20250405-141744\PEG_eiger2_00566_00_ave.h5
sc5665,SvI2_0_1M_20ms_5m,SvI2|0|1M|20ms|5m,\\Synology\Data\2025\sc5665\id02\20250404\PROCESSED_DATA\PEG\PEG_20250405-141744\PEG_eiger2_00358_00_ave.h5
sc5665,Lense_31_6_200ms_1_1m,Lense|31|6|200ms|1|1m,\\Synology\Data\2025\sc5665\id02\20250404\PROCESSED_DATA\PEG\PEG_20250405-141744\PEG_eiger2_00173_00_ave.h5
sc5665,Sorin_EC2_20ms_1_1m,Sorin|EC2|20ms|1|1m,\\Synology\Data\2025\sc5665\id02\20250404\PROCESSED_DATA\PEG\PEG_20250405-141744\PEG_eiger2_00698_00_ave.h5
sc5665,PCL_M4_100ms_1m_1_T=60C,PCL|M4|100ms|1m|1|T=60C,\\Synology\Data\2025\sc5665\id02\20250404\PROCESSED_DATA\PEG\PEG_20250405-141744\PEG_eiger2_00110_00_ave.h5
sc5665,Sorin_EC2_100ms_1_1m,Sorin|EC2|100ms|1|1m,\\Synology\Data\2025\sc5665\id02\20250404\PROCESSED_DATA\PEG\PEG_20250405-141744\PEG_eiger2_00702_00_ave.h5
sc5665,M3_PEG_20perc_100ms_30C,M3|PEG|20perc|100ms|30C,\\Synology\Data\2025\sc5665\id02\20250404\PROCESSED_DATA\PEG\PEG_20250405-141744\PEG_eiger2_00062_00_ave.h5
sc5665,PDMS_P3HT_15perc_chloroform_100ms_1_1m,PDMS|P3HT|15perc|chloroform|100ms|1|1m,\\Synology\Data\2025\sc5665\id02\20250404\PROCESSED_DATA\PEG\PEG_20250405-141744\PEG_eiger2_00531_00_ave.h5
sc5665,M3_PEG_10perc_20ms,M3|PEG|10perc|20ms,\\Synology\Data\2025\sc5665\id02\20250404\PROCESSED_DATA\PEG\PEG_20250405-141744\PEG_eiger2_00030_00_ave.h5
sc5665,PDMS_P3HT_12perc_chloroform_100ms_1_1m,PDMS|P3HT|12perc|chloroform|100ms|1|1m,\\Synology\Data\2025\sc5665\id02\20250404\PROCESSED_DATA\PEG\PEG_20250405-141744\PEG_eiger2_00527_00_ave.h5
sc5665,Kris_LT_02_158_100ms_5m,Kris|LT|02|158|100ms|5m,\\Synology\Data\2025\sc5665\id02\20250404\PROCESSED_DATA\PEG\PEG_20250405-141744\PEG_eiger2_00544_00_ave.h5
sc5665,Denis_Li_Gu_Soskreb_EdgeOn_20ms_Rhodiumfilter_50micr_1_1m,Denis|Li|Gu|Soskreb|EdgeOn|20ms|Rhodiumfilter|50micr|1|1m,\\Synology\Data\2025\sc5665\id02\20250404\PROCESSED_DATA\PEG\PEG_20250405-141744\PEG_eiger2_00594_00_ave.h5
sc5665,EAK_0_6B_100ms_1_1m_T=145C,EAK|0|6B|100ms|1|1m|T=145C,\\Synology\Data\2025\sc5665\id02\20250404\PROCESSED_DATA\PEG\PEG_20250405-141744\PEG_eiger2_00273_00_ave.h5
sc5665,PDMS_P3HT_5perc_4_1_100ms_1_1m,PDMS|P3HT|5perc|4|1|100ms|1|1m,\\Synology\Data\2025\sc5665\id02\20250404\PROCESSED_DATA\PEG\PEG_20250405-141744\PEG_eiger2_00490_00_ave.h5
sc5665,BA2MASv2I7_100ms_1_1m,BA2MASv2I7|100ms|1|1m,\\Synology\Data\2025\sc5665\id02\20250404\PROCESSED_DATA\PEG\PEG_20250405-141744\PEG_eiger2_00302_00_ave.h5
sc5665,PDMS_P3HT_5perc_Chloroform_100ms_5m,PDMS|P3HT|5perc|Chloroform|100ms|5m,\\Synology\Data\2025\sc5665\id02\20250404\PROCESSED_DATA\PEG\PEG_20250405-141744\PEG_eiger2_00505_00_ave.h5
sc5665,EAK_1_2_0_6B_100ms_1_1m_T=125C,EAK|1|2|0|6B|100ms|1|1m|T=125C,\\Synology\Data\2025\sc5665\id02\20250404\PROCESSED_DATA\PEG\PEG_20250405-141744\PEG_eiger2_00283_00_ave.h5
sc5665,M3_PEG_10perc_100ms,M3|PEG|10perc|100ms,\\Synology\Data\2025\sc5665\id02\20250404\PROCESSED_DATA\PEG\PEG_20250405-141744\PEG_eiger2_00037_00_ave.h5
sc5665,PEG_PNIPAM_576_12_20ms_5m,PEG|PNIPAM|576|12|20ms|5m,\\Synology\Data\2025\sc5665\id02\20250404\PROCESSED_DATA\PEG\PEG_20250405-141744\PEG_eiger2_00125_00_ave.h5
sc5665,PEG_PNIPAM_576_6_20ms_1m_1,PEG|PNIPAM|576|6|20ms|1m|1,\\Synology\Data\2025\sc5665\id02\20250404\PROCESSED_DATA\PEG\PEG_20250405-141744\PEG_eiger2_00113_00_ave.h5
sc5665,Sorin_EC1_100ms_50micrRhodiumfilter_1_1m,Sorin|EC1|100ms|50micrRhodiumfilter|1|1m,\\Synology\Data\2025\sc5665\id02\20250404\PROCESSED_DATA\PEG\PEG_20250405-141744\PEG_eiger2_00697_00_ave.h5
sc5665,EAK_1_2_0_6B_100ms_1_1m_T=100C,EAK|1|2|0|6B|100ms|1|1m|T=100C,\\Synology\Data\2025\sc5665\id02\20250404\PROCESSED_DATA\PEG\PEG_20250405-141744\PEG_eiger2_00282_00_ave.h5
sc5665,EAK_0_3B_100ms_1_1m_T=135C,EAK|0|3B|100ms|1|1m|T=135C,\\Synology\Data\2025\sc5665\id02\20250404\PROCESSED_DATA\PEG\PEG_20250405-141744\PEG_eiger2_00261_00_ave.h5
sc5665,PDMS_P3HT_12perc_4_1_100ms_1_1m,PDMS|P3HT|12perc|4|1|100ms|1|1m,\\Synology\Data\2025\sc5665\id02\20250404\PROCESSED_DATA\PEG\PEG_20250405-141744\PEG_eiger2_00495_00_ave.h5
sc5665,PDMS_P3HT_10perc_4_1_20ms_1_1m,PDMS|P3HT|10perc|4|1|20ms|1|1m,\\Synology\Data\2025\sc5665\id02\20250404\PROCESSED_DATA\PEG\PEG_20250405-141744\PEG_eiger2_00483_00_ave.h5
sc5665,Lense_28A_6_200ms_1_1m,Lense|28A|6|200ms|1|1m,\\Synology\Data\2025\sc5665\id02\20250404\PROCESSED_DATA\PEG\PEG_20250405-141744\PEG_eiger2_00176_00_ave.h5
sc5665,SvI2_100ms_1_1m,SvI2|100ms|1|1m,\\Synology\Data\2025\sc5665\id02\20250404\PROCESSED_DATA\PEG\PEG_20250405-141744\PEG_eiger2_00311_00_ave.h5
sc5665,Linkam_emptyStage_WithoutCover_100ms_1_1m,Linkam|emptyStage|WithoutCover|100ms|1|1m,\\Synology\Data\2025\sc5665\id02\20250404\PROCESSED_DATA\PEG\PEG_20250405-141744\PEG_eiger2_00739_00_ave.h5
sc5665,Denis_Pyr_Soskreb_FlatOn_100ms_Rhodiumfilter_50micr_1_1m,Denis|Pyr|Soskreb|FlatOn|100ms|Rhodiumfilter|50micr|1|1m,\\Synology\Data\2025\sc5665\id02\20250404\PROCESSED_DATA\PEG\PEG_20250405-141744\PEG_eiger2_00645_00_ave.h5
sc5665,Sorin_EC5_20ms_1_1m,Sorin|EC5|20ms|1|1m,\\Synology\Data\2025\sc5665\id02\20250404\PROCESSED_DATA\PEG\PEG_20250405-141744\PEG_eiger2_00715_00_ave.h5
sc5665,SvI2_0_7M_100ms_5m,SvI2|0|7M|100ms|5m,\\Synology\Data\2025\sc5665\id02\20250404\PROCESSED_DATA\PEG\PEG_20250405-141744\PEG_eiger2_00409_00_ave.h5
sc5665,empty_stretcher_fingermaskmoved,empty|stretcher|fingermaskmoved,\\Synology\Data\2025\sc5665\id02\20250404\PROCESSED_DATA\PEG\PEG_20250405-141744\PEG_eiger2_00012_00_ave.h5
sc5665,DMF_air_100ms_1_1m,DMF|air|100ms|1|1m,\\Synology\Data\2025\sc5665\id02\20250404\PROCESSED_DATA\PEG\PEG_20250405-141744\PEG_eiger2_00327_00_ave.h5
sc5665,EAK_0_3B_100ms_1_1m_RT,EAK|0|3B|100ms|1|1m|RT,\\Synology\Data\2025\sc5665\id02\20250404\PROCESSED_DATA\PEG\PEG_20250405-141744\PEG_eiger2_00258_00_ave.h5
sc5665,Raft_melt_480_after9hr_drying_100ms_1_1m,Raft|melt|480|after9hr|drying|100ms|1|1m,\\Synology\Data\2025\sc5665\id02\20250404\PROCESSED_DATA\PEG\PEG_20250405-141744\PEG_eiger2_00145_00_ave.h5
sc5665,DMF_box_100ms_1_1m,DMF|box|100ms|1|1m,\\Synology\Data\2025\sc5665\id02\20250404\PROCESSED_DATA\PEG\PEG_20250405-141744\PEG_eiger2_00317_00_ave.h5
sc5665,Denis_H_Soskreb_FlatOn_100ms_Rhodiumfilter_50micr_1_1m,Denis|H|Soskreb|FlatOn|100ms|Rhodiumfilter|50micr|1|1m,\\Synology\Data\2025\sc5665\id02\20250404\PROCESSED_DATA\PEG\PEG_20250405-141744\PEG_eiger2_00614_00_ave.h5
sc5665,M3PEG_PCL_10perc_100ms_1_1m,M3PEG|PCL|10perc|100ms|1|1m,\\Synology\Data\2025\sc5665\id02\20250404\PROCESSED_DATA\PEG\PEG_20250405-141744\PEG_eiger2_00466_00_ave.h5
sc5665,Denis_H_Plasma_FlatOn_100ms_Rhodiumfilter_50micr_1_1m,Denis|H|Plasma|FlatOn|100ms|Rhodiumfilter|50micr|1|1m,\\Synology\Data\2025\sc5665\id02\20250404\PROCESSED_DATA\PEG\PEG_20250405-141744\PEG_eiger2_00667_00_ave.h5
sc5665,PEG_PNIPAM_576_12_100ms_5m,PEG|PNIPAM|576|12|100ms|5m,\\Synology\Data\2025\sc5665\id02\20250404\PROCESSED_DATA\PEG\PEG_20250405-141744\PEG_eiger2_00130_00_ave.h5
sc5665,PDMS_P3HT_7perc_Chloroform_100ms_5m,PDMS|P3HT|7perc|Chloroform|100ms|5m,\\Synology\Data\2025\sc5665\id02\20250404\PROCESSED_DATA\PEG\PEG_20250405-141744\PEG_eiger2_00509_00_ave.h5
sc5665,Kris_LT02_158_soakedWater_5hrs45min_20ms_1_1m,Kris|LT02|158|soakedWater|5hrs45min|20ms|1|1m,\\Synology\Data\2025\sc5665\id02\20250404\PROCESSED_DATA\PEG\PEG_20250405-141744\PEG_eiger2_00741_00_ave.h5
sc5665,NOH_NG_2_Melt_100ms_1_1m,NOH|NG|2|Melt|100ms|1|1m,\\Synology\Data\2025\sc5665\id02\20250404\PROCESSED_DATA\PEG\PEG_20250405-141744\PEG_eiger2_00190_00_ave.h5
sc5665,M3PEG_PCL_10perc_soakedwater_100ms_1_1m,M3PEG|PCL|10perc|soakedwater|100ms|1|1m,\\Synology\Data\2025\sc5665\id02\20250404\PROCESSED_DATA\PEG\PEG_20250405-141744\PEG_eiger2_00469_00_ave.h5
sc5665,Sorin_EC1_100ms_Rhodiumfilter_50micr_1_1m,Sorin|EC1|100ms|Rhodiumfilter|50micr|1|1m,\\Synology\Data\2025\sc5665\id02\20250404\PROCESSED_DATA\PEG\PEG_20250405-141744\PEG_eiger2_00690_00_ave.h5
sc5665,NOH_NG_4_elastomer_100ms_1_1m,NOH|NG|4|elastomer|100ms|1|1m,\\Synology\Data\2025\sc5665\id02\20250404\PROCESSED_DATA\PEG\PEG_20250405-141744\PEG_eiger2_00159_00_ave.h5
sc5665,PDMS_P3HT_10perc_Chloroform_20ms_1_1m,PDMS|P3HT|10perc|Chloroform|20ms|1|1m,\\Synology\Data\2025\sc5665\id02\20250404\PROCESSED_DATA\PEG\PEG_20250405-141744\PEG_eiger2_00519_00_ave.h5
sc5665,PDMS_P3HT_7perc_4_1_20ms_1_1m,PDMS|P3HT|7perc|4|1|20ms|1|1m,\\Synology\Data\2025\sc5665\id02\20250404\PROCESSED_DATA\PEG\PEG_20250405-141744\PEG_eiger2_00476_00_ave.h5
sc5665,PDMS_P3HT_7perc_Chloroform_20ms_5m,PDMS|P3HT|7perc|Chloroform|20ms|5m,\\Synology\Data\2025\sc5665\id02\20250404\PROCESSED_DATA\PEG\PEG_20250405-141744\PEG_eiger2_00507_00_ave.h5
sc5665,JW_PEG_9_1_100,JW|PEG|9|1|100,\\Synology\Data\2025\sc5665\id02\20250404\PROCESSED_DATA\PEG\PEG_20250405-141744\PEG_eiger2_00015_00_ave.h5
sc5665,Denis_Na_Soskreb_FlatOn_20ms_Rhodiumfilter_50micr_1_1m,Denis|Na|Soskreb|FlatOn|20ms|Rhodiumfilter|50micr|1|1m,\\Synology\Data\2025\sc5665\id02\20250404\PROCESSED_DATA\PEG\PEG_20250405-141744\PEG_eiger2_00626_00_ave.h5
sc5665,BA2SvI4_0_7M_100ms_1_1m,BA2SvI4|0|7M|100ms|1|1m,\\Synology\Data\2025\sc5665\id02\20250404\PROCESSED_DATA\PEG\PEG_20250405-141744\PEG_eiger2_00390_00_ave.h5
sc5665,Sorin_EC7_100ms_1_1m,Sorin|EC7|100ms|1|1m,\\Synology\Data\2025\sc5665\id02\20250404\PROCESSED_DATA\PEG\PEG_20250405-141744\PEG_eiger2_00723_00_ave.h5
sc5665,M3_PEG_5perc_100ms,M3|PEG|5perc|100ms,\\Synology\Data\2025\sc5665\id02\20250404\PROCESSED_DATA\PEG\PEG_20250405-141744\PEG_eiger2_00025_00_ave.h5
sc5665,PCL_M3_100ms_1m_1,PCL|M3|100ms|1m|1,\\Synology\Data\2025\sc5665\id02\20250404\PROCESSED_DATA\PEG\PEG_20250405-141744\PEG_eiger2_00092_00_ave.h5
sc5665,empty_stretcher,empty|stretcher,\\Synology\Data\2025\sc5665\id02\20250404\PROCESSED_DATA\PEG\PEG_20250405-141744\PEG_eiger2_00013_00_ave.h5
sc5665,MASvI3_0_7M_100ms_5m,MASvI3|0|7M|100ms|5m,\\Synology\Data\2025\sc5665\id02\20250404\PROCESSED_DATA\PEG\PEG_20250405-141744\PEG_eiger2_00373_00_ave.h5
sc5665,PCL_M2_100ms_1m_1_T=70C,PCL|M2|100ms|1m|1|T=70C,\\Synology\Data\2025\sc5665\id02\20250404\PROCESSED_DATA\PEG\PEG_20250405-141744\PEG_eiger2_00088_00_ave.h5
sc5665,Denis_Li_Gu_Plasma_EdgeOn_20ms_Rhodiumfilter_50micr_1_1m,Denis|Li|Gu|Plasma|EdgeOn|20ms|Rhodiumfilter|50micr|1|1m,\\Synology\Data\2025\sc5665\id02\20250404\PROCESSED_DATA\PEG\PEG_20250405-141744\PEG_eiger2_00570_00_ave.h5
sc5665,EAK_1_2_0_6B_100ms_1_1m_T=145C,EAK|1|2|0|6B|100ms|1|1m|T=145C,\\Synology\Data\2025\sc5665\id02\20250404\PROCESSED_DATA\PEG\PEG_20250405-141744\PEG_eiger2_00285_00_ave.h5
sc5665,Denis_Li_Gu_Plasma_2ms_Rhodiumfilter_50micr_1_1m,Denis|Li|Gu|Plasma|2ms|Rhodiumfilter|50micr|1|1m,\\Synology\Data\2025\sc5665\id02\20250404\PROCESSED_DATA\PEG\PEG_20250405-141744\PEG_eiger2_00557_00_ave.h5
sc5665,LT02_31_Atactic_20ms_1_1m,LT02|31|Atactic|20ms|1|1m,\\Synology\Data\2025\sc5665\id02\20250404\PROCESSED_DATA\PEG\PEG_20250405-141744\PEG_eiger2_00226_00_ave.h5
sc5665,DMF_air_100ms_5m,DMF|air|100ms|5m,\\Synology\Data\2025\sc5665\id02\20250404\PROCESSED_DATA\PEG\PEG_20250405-141744\PEG_eiger2_00351_00_ave.h5
sc5665,Sorin_EC4_100ms_1_1m,Sorin|EC4|100ms|1|1m,\\Synology\Data\2025\sc5665\id02\20250404\PROCESSED_DATA\PEG\PEG_20250405-141744\PEG_eiger2_00711_00_ave.h5
sc5665,MASvI3_0_7M_20ms_1_1m,MASvI3|0|7M|20ms|1|1m,\\Synology\Data\2025\sc5665\id02\20250404\PROCESSED_DATA\PEG\PEG_20250405-141744\PEG_eiger2_00338_00_ave.h5
sc5665,water_capillary_1mm5_new_mask+new_waxs_mask,water|capillary|1mm5|new|mask+new|waxs|mask,\\Synology\Data\2025\sc5665\id02\20250404\PROCESSED_DATA\PEG\PEG_20250405-141744\PEG_eiger2_00007_00_ave.h5
sc5665,Denis_H_Soskreb_FlatOn_20ms_Rhodiumfilter_50micr_1_1m,Denis|H|Soskreb|FlatOn|20ms|Rhodiumfilter|50micr|1|1m,\\Synology\Data\2025\sc5665\id02\20250404\PROCESSED_DATA\PEG\PEG_20250405-141744\PEG_eiger2_00617_00_ave.h5
sc5665,PCL_M1_100ms_1m_1,PCL|M1|100ms|1m|1,\\Synology\Data\2025\sc5665\id02\20250404\PROCESSED_DATA\PEG\PEG_20250405-141744\PEG_eiger2_00066_00_ave.h5
sc5665,LT02_31_Atactic_100ms_1_1m,LT02|31|Atactic|100ms|1|1m,\\Synology\Data\2025\sc5665\id02\20250404\PROCESSED_DATA\PEG\PEG_20250405-141744\PEG_eiger2_00229_00_ave.h5
sc5665,NPDMS_90perc_100ms_1_1m,NPDMS|90perc|100ms|1|1m,\\Synology\Data\2025\sc5665\id02\20250404\PROCESSED_DATA\PEG\PEG_20250405-141744\PEG_eiger2_00165_00_ave.h5
sc5665,Denis_Na_Soskreb_FlatOn_100ms_50micrRhodiumfilter_1_1m,Denis|Na|Soskreb|FlatOn|100ms|50micrRhodiumfilter|1|1m,\\Synology\Data\2025\sc5665\id02\20250404\PROCESSED_DATA\PEG\PEG_20250405-141744\PEG_eiger2_00629_00_ave.h5
sc5665,EAK_0_6B_20ms_1_1m_RT,EAK|0|6B|20ms|1|1m|RT,\\Synology\Data\2025\sc5665\id02\20250404\PROCESSED_DATA\PEG\PEG_20250405-141744\PEG_eiger2_00264_00_ave.h5
sc5665,BA2MASv2I7_20ms_1_1m,BA2MASv2I7|20ms|1|1m,\\Synology\Data\2025\sc5665\id02\20250404\PROCESSED_DATA\PEG\PEG_20250405-141744\PEG_eiger2_00303_00_ave.h5
sc5665,Sorin_EC10_50ms_1_1m,Sorin|EC10|50ms|1|1m,\\Synology\Data\2025\sc5665\id02\20250404\PROCESSED_DATA\PEG\PEG_20250405-141744\PEG_eiger2_00733_00_ave.h5
sc5665,PDMS_P3HT_10perc_Chloroform_100ms_1_1m,PDMS|P3HT|10perc|Chloroform|100ms|1|1m,\\Synology\Data\2025\sc5665\id02\20250404\PROCESSED_DATA\PEG\PEG_20250405-141744\PEG_eiger2_00520_00_ave.h5
sc5665,M3_PEG_15perc_100ms,M3|PEG|15perc|100ms,\\Synology\Data\2025\sc5665\id02\20250404\PROCESSED_DATA\PEG\PEG_20250405-141744\PEG_eiger2_00045_00_ave.h5
sc5665,PCL_M2_100ms_1m_1,PCL|M2|100ms|1m|1,\\Synology\Data\2025\sc5665\id02\20250404\PROCESSED_DATA\PEG\PEG_20250405-141744\PEG_eiger2_00080_00_ave.h5
sc5665,PCL_M3_100ms_1m_1_T=60C,PCL|M3|100ms|1m|1|T=60C,\\Synology\Data\2025\sc5665\id02\20250404\PROCESSED_DATA\PEG\PEG_20250405-141744\PEG_eiger2_00098_00_ave.h5
sc5665,PDMS_P3HT_7perc_Chloroform_100ms_1_1m,PDMS|P3HT|7perc|Chloroform|100ms|1|1m,\\Synology\Data\2025\sc5665\id02\20250404\PROCESSED_DATA\PEG\PEG_20250405-141744\PEG_eiger2_00514_00_ave.h5
sc5665,Denis_Li_Gu_Plasma_20ms_Rhodiumfilter_50micr_1_1m,Denis|Li|Gu|Plasma|20ms|Rhodiumfilter|50micr|1|1m,\\Synology\Data\2025\sc5665\id02\20250404\PROCESSED_DATA\PEG\PEG_20250405-141744\PEG_eiger2_00567_00_ave.h5
sc5665,EAK_UB_100ms_1_1m_RT,EAK|UB|100ms|1|1m|RT,\\Synology\Data\2025\sc5665\id02\20250404\PROCESSED_DATA\PEG\PEG_20250405-141744\PEG_eiger2_00236_00_ave.h5
sc5665,PCL_M4_100ms_1m_1,PCL|M4|100ms|1m|1,\\Synology\Data\2025\sc5665\id02\20250404\PROCESSED_DATA\PEG\PEG_20250405-141744\PEG_eiger2_00102_00_ave.h5
sc5665,SvI2_0_1M_100ms_5m,SvI2|0|1M|100ms|5m,\\Synology\Data\2025\sc5665\id02\20250404\PROCESSED_DATA\PEG\PEG_20250405-141744\PEG_eiger2_00360_00_ave.h5
sc5665,M3PEG_PCL_15perc_100ms_1_1m,M3PEG|PCL|15perc|100ms|1|1m,\\Synology\Data\2025\sc5665\id02\20250404\PROCESSED_DATA\PEG\PEG_20250405-141744\PEG_eiger2_00460_00_ave.h5
sc5665,Denis_Na_Soskreb_FlatOn_100ms_Rhodiumfilter_50micr_1_1m,Denis|Na|Soskreb|FlatOn|100ms|Rhodiumfilter|50micr|1|1m,\\Synology\Data\2025\sc5665\id02\20250404\PROCESSED_DATA\PEG\PEG_20250405-141744\PEG_eiger2_00627_00_ave.h5
sc5665,PCL_M3_100ms_1m_1_T=50C,PCL|M3|100ms|1m|1|T=50C,\\Synology\Data\2025\sc5665\id02\20250404\PROCESSED_DATA\PEG\PEG_20250405-141744\PEG_eiger2_00097_00_ave.h5
sc5665,PCL_M2_20ms_1m_1,PCL|M2|20ms|1m|1,\\Synology\Data\2025\sc5665\id02\20250404\PROCESSED_DATA\PEG\PEG_20250405-141744\PEG_eiger2_00076_00_ave.h5
sc5665,M3PEG_PCL_5perc_100ms_1_1m,M3PEG|PCL|5perc|100ms|1|1m,\\Synology\Data\2025\sc5665\id02\20250404\PROCESSED_DATA\PEG\PEG_20250405-141744\PEG_eiger2_00429_00_ave.h5
sc5665,PDMS_P3HT_15perc_4_1_100ms_1_1m,PDMS|P3HT|15perc|4|1|100ms|1|1m,\\Synology\Data\2025\sc5665\id02\20250404\PROCESSED_DATA\PEG\PEG_20250405-141744\PEG_eiger2_00497_00_ave.h5
sc5665,SB02_100ms_5m,SB02|100ms|5m,\\Synology\Data\2025\sc5665\id02\20250404\PROCESSED_DATA\PEG\PEG_20250405-141744\PEG_eiger2_00552_00_ave.h5
sc5665,Sorin_EC1_20ms_1_1m,Sorin|EC1|20ms|1|1m,\\Synology\Data\2025\sc5665\id02\20250404\PROCESSED_DATA\PEG\PEG_20250405-141744\PEG_eiger2_00694_00_ave.h5
sc5665,Lense_28A_6_20ms_1_1m,Lense|28A|6|20ms|1|1m,\\Synology\Data\2025\sc5665\id02\20250404\PROCESSED_DATA\PEG\PEG_20250405-141744\PEG_eiger2_00175_00_ave.h5
sc5665,NOH_NG_2_elastomer_20ms_1_1m,NOH|NG|2|elastomer|20ms|1|1m,\\Synology\Data\2025\sc5665\id02\20250404\PROCESSED_DATA\PEG\PEG_20250405-141744\PEG_eiger2_00150_00_ave.h5
sc5665,EAK_1_2_0_6B_100ms_1_1m_RT,EAK|1|2|0|6B|100ms|1|1m|RT,\\Synology\Data\2025\sc5665\id02\20250404\PROCESSED_DATA\PEG\PEG_20250405-141744\PEG_eiger2_00278_00_ave.h5
sc5665,BA2SvI4_0_7M_100ms_5m,BA2SvI4|0|7M|100ms|5m,\\Synology\Data\2025\sc5665\id02\20250404\PROCESSED_DATA\PEG\PEG_20250405-141744\PEG_eiger2_00382_00_ave.h5
sc5665,SvI2_0_4M_100ms_1_1m,SvI2|0|4M|100ms|1|1m,\\Synology\Data\2025\sc5665\id02\20250404\PROCESSED_DATA\PEG\PEG_20250405-141744\PEG_eiger2_00331_00_ave.h5
sc5665,DMF_box_100ms_5m,DMF|box|100ms|5m,\\Synology\Data\2025\sc5665\id02\20250404\PROCESSED_DATA\PEG\PEG_20250405-141744\PEG_eiger2_00344_00_ave.h5
sc5665,PCL_M4_100ms_1m_1_T=80C,PCL|M4|100ms|1m|1|T=80C,\\Synology\Data\2025\sc5665\id02\20250404\PROCESSED_DATA\PEG\PEG_20250405-141744\PEG_eiger2_00112_00_ave.h5
sc5665,PDMS_P3HT_12perc_Chloroform_20ms_1_1m,PDMS|P3HT|12perc|Chloroform|20ms|1|1m,\\Synology\Data\2025\sc5665\id02\20250404\PROCESSED_DATA\PEG\PEG_20250405-141744\PEG_eiger2_00524_00_ave.h5
sc5665,NOH_NG_2_elastomer_100ms_1_1m,NOH|NG|2|elastomer|100ms|1|1m,\\Synology\Data\2025\sc5665\id02\20250404\PROCESSED_DATA\PEG\PEG_20250405-141744\PEG_eiger2_00153_00_ave.h5
sc5665,BA2MA2Sv3I10_0_7M_100ms_5m,BA2MA2Sv3I10|0|7M|100ms|5m,\\Synology\Data\2025\sc5665\id02\20250404\PROCESSED_DATA\PEG\PEG_20250405-141744\PEG_eiger2_00401_00_ave.h5
sc5665,Sorin_EC1_20ms_Rhodiumfilter_50micr_1_1m,Sorin|EC1|20ms|Rhodiumfilter|50micr|1|1m,\\Synology\Data\2025\sc5665\id02\20250404\PROCESSED_DATA\PEG\PEG_20250405-141744\PEG_eiger2_00688_00_ave.h5
sc5665,Denis_H_Plasma_FlatOn_100ms_50micrRhodiumfilter_1_1m,Denis|H|Plasma|FlatOn|100ms|50micrRhodiumfilter|1|1m,\\Synology\Data\2025\sc5665\id02\20250404\PROCESSED_DATA\PEG\PEG_20250405-141744\PEG_eiger2_00675_00_ave.h5
sc5665,EAK_0_3B_100ms_1_1m_T=100C,EAK|0|3B|100ms|1|1m|T=100C,\\Synology\Data\2025\sc5665\id02\20250404\PROCESSED_DATA\PEG\PEG_20250405-141744\PEG_eiger2_00259_00_ave.h5
sc5665,PCL_M4_100ms_1m_1_T=70C,PCL|M4|100ms|1m|1|T=70C,\\Synology\Data\2025\sc5665\id02\20250404\PROCESSED_DATA\PEG\PEG_20250405-141744\PEG_eiger2_00111_00_ave.h5
sc5665,Denis_Pyr_Soskreb_FlatOn_20ms_Rhodiumfilter_50micr_1_1m,Denis|Pyr|Soskreb|FlatOn|20ms|Rhodiumfilter|50micr|1|1m,\\Synology\Data\2025\sc5665\id02\20250404\PROCESSED_DATA\PEG\PEG_20250405-141744\PEG_eiger2_00665_00_ave.h5
sc5665,BA2MASv2I7_0_7M_100ms_5m,BA2MASv2I7|0|7M|100ms|5m,\\Synology\Data\2025\sc5665\id02\20250404\PROCESSED_DATA\PEG\PEG_20250405-141744\PEG_eiger2_00417_00_ave.h5
sc5665,PCL_M1_100ms_1m_1_T=70C,PCL|M1|100ms|1m|1|T=70C,\\Synology\Data\2025\sc5665\id02\20250404\PROCESSED_DATA\PEG\PEG_20250405-141744\PEG_eiger2_00075_00_ave.h5
sc5665,Sorin_EC8_50ms_1_1m,Sorin|EC8|50ms|1|1m,\\Synology\Data\2025\sc5665\id02\20250404\PROCESSED_DATA\PEG\PEG_20250405-141744\PEG_eiger2_00728_00_ave.h5
sc5665,PDMS_P3HT_7perc_chloroform_100ms_5m,PDMS|P3HT|7perc|chloroform|100ms|5m,\\Synology\Data\2025\sc5665\id02\20250404\PROCESSED_DATA\PEG\PEG_20250405-141744\PEG_eiger2_00511_00_ave.h5
sc5665,PDMS_P3HT_15perc_Chloroform_100ms_1_1m,PDMS|P3HT|15perc|Chloroform|100ms|1|1m,\\Synology\Data\2025\sc5665\id02\20250404\PROCESSED_DATA\PEG\PEG_20250405-141744\PEG_eiger2_00529_00_ave.h5
sc5665,PEG_PNIPAM_576_6_100ms_1m_1,PEG|PNIPAM|576|6|100ms|1m|1,\\Synology\Data\2025\sc5665\id02\20250404\PROCESSED_DATA\PEG\PEG_20250405-141744\PEG_eiger2_00116_00_ave.h5
sc5665,MASvI3_0_7M_100ms_1_1m,MASvI3|0|7M|100ms|1|1m,\\Synology\Data\2025\sc5665\id02\20250404\PROCESSED_DATA\PEG\PEG_20250405-141744\PEG_eiger2_00339_00_ave.h5
sc5665,Denis_Pyr_Soskreb_FlatOn_100ms_50micrRhodiumfilter_1_1m,Denis|Pyr|Soskreb|FlatOn|100ms|50micrRhodiumfilter|1|1m,\\Synology\Data\2025\sc5665\id02\20250404\PROCESSED_DATA\PEG\PEG_20250405-141744\PEG_eiger2_00658_00_ave.h5
sc5665,Kris_LT_02_158_100ms_1_1m,Kris|LT|02|158|100ms|1|1m,\\Synology\Data\2025\sc5665\id02\20250404\PROCESSED_DATA\PEG\PEG_20250405-141744\PEG_eiger2_00534_00_ave.h5
sc5665,PDMS_P3HT_12perc_4_1_20ms_1_1m,PDMS|P3HT|12perc|4|1|20ms|1|1m,\\Synology\Data\2025\sc5665\id02\20250404\PROCESSED_DATA\PEG\PEG_20250405-141744\PEG_eiger2_00492_00_ave.h5
sc5665,Sorin_EC3_100ms_1_1m,Sorin|EC3|100ms|1|1m,\\Synology\Data\2025\sc5665\id02\20250404\PROCESSED_DATA\PEG\PEG_20250405-141744\PEG_eiger2_00706_00_ave.h5
sc5665,M3PEG_PCL_20perc_100ms_1_1m,M3PEG|PCL|20perc|100ms|1|1m,\\Synology\Data\2025\sc5665\id02\20250404\PROCESSED_DATA\PEG\PEG_20250405-141744\PEG_eiger2_00439_00_ave.h5
sc5665,NOH_NG_2_Melt_20ms_1_1m,NOH|NG|2|Melt|20ms|1|1m,\\Synology\Data\2025\sc5665\id02\20250404\PROCESSED_DATA\PEG\PEG_20250405-141744\PEG_eiger2_00189_00_ave.h5
sc5665,PDMS_P3HT_10perc_chloroform_100ms_1_1m,PDMS|P3HT|10perc|chloroform|100ms|1|1m,\\Synology\Data\2025\sc5665\id02\20250404\PROCESSED_DATA\PEG\PEG_20250405-141744\PEG_eiger2_00521_00_ave.h5
sc5665,Sorin_EC5_100ms_1_1m,Sorin|EC5|100ms|1|1m,\\Synology\Data\2025\sc5665\id02\20250404\PROCESSED_DATA\PEG\PEG_20250405-141744\PEG_eiger2_00716_00_ave.h5
sc5665,PDMS_P3HT_7perc_chloroform_100ms_1_1m,PDMS|P3HT|7perc|chloroform|100ms|1|1m,\\Synology\Data\2025\sc5665\id02\20250404\PROCESSED_DATA\PEG\PEG_20250405-141744\PEG_eiger2_00517_00_ave.h5
sc5665,Lense_28B_6_200ms_1_1m,Lense|28B|6|200ms|1|1m,\\Synology\Data\2025\sc5665\id02\20250404\PROCESSED_DATA\PEG\PEG_20250405-141744\PEG_eiger2_00187_00_ave.h5
sc5665,LT01_102_Isotactic_100ms_1_1m,LT01|102|Isotactic|100ms|1|1m,\\Synology\Data\2025\sc5665\id02\20250404\PROCESSED_DATA\PEG\PEG_20250405-141744\PEG_eiger2_00220_00_ave.h5
sc5665,Sorin_EC6_20ms_1_1m,Sorin|EC6|20ms|1|1m,\\Synology\Data\2025\sc5665\id02\20250404\PROCESSED_DATA\PEG\PEG_20250405-141744\PEG_eiger2_00719_00_ave.h5
sc5665,Denis_Li_Gu_Plasma_EdgeOn_2ms_Rhodiumfilter_50micr_1_1m,Denis|Li|Gu|Plasma|EdgeOn|2ms|Rhodiumfilter|50micr|1|1m,\\Synology\Data\2025\sc5665\id02\20250404\PROCESSED_DATA\PEG\PEG_20250405-141744\PEG_eiger2_00587_00_ave.h5
sc5665,EAK_1_2_0_6B_100ms_1_1m_T=135C,EAK|1|2|0|6B|100ms|1|1m|T=135C,\\Synology\Data\2025\sc5665\id02\20250404\PROCESSED_DATA\PEG\PEG_20250405-141744\PEG_eiger2_00284_00_ave.h5
sc5665,DMF_air_20ms_5m,DMF|air|20ms|5m,\\Synology\Data\2025\sc5665\id02\20250404\PROCESSED_DATA\PEG\PEG_20250405-141744\PEG_eiger2_00348_00_ave.h5
sc5665,M3_PEG_20perc_100ms,M3|PEG|20perc|100ms,\\Synology\Data\2025\sc5665\id02\20250404\PROCESSED_DATA\PEG\PEG_20250405-141744\PEG_eiger2_00050_00_ave.h5
sc5665,JW_PEG_9_1_100_100ms,JW|PEG|9|1|100|100ms,\\Synology\Data\2025\sc5665\id02\20250404\PROCESSED_DATA\PEG\PEG_20250405-141744\PEG_eiger2_00016_00_ave.h5
sc5665,NOH_NG_4_Melt_100ms_1_1m,NOH|NG|4|Melt|100ms|1|1m,\\Synology\Data\2025\sc5665\id02\20250404\PROCESSED_DATA\PEG\PEG_20250405-141744\PEG_eiger2_00203_00_ave.h5
sc5665,PDMS_P3HT_7perc_4_1_100ms_1_1m,PDMS|P3HT|7perc|4|1|100ms|1|1m,\\Synology\Data\2025\sc5665\id02\20250404\PROCESSED_DATA\PEG\PEG_20250405-141744\PEG_eiger2_00480_00_ave.h5
sc5665,PEG_PNIPAM_576_6_100ms_5m,PEG|PNIPAM|576|6|100ms|5m,\\Synology\Data\2025\sc5665\id02\20250404\PROCESSED_DATA\PEG\PEG_20250405-141744\PEG_eiger2_00121_00_ave.h5
sc5665,Kris_LT_02_158_20ms_5m,Kris|LT|02|158|20ms|5m,\\Synology\Data\2025\sc5665\id02\20250404\PROCESSED_DATA\PEG\PEG_20250405-141744\PEG_eiger2_00539_00_ave.h5
sc5665,NOH_NG_6_Melt_100ms_1_1m,NOH|NG|6|Melt|100ms|1|1m,\\Synology\Data\2025\sc5665\id02\20250404\PROCESSED_DATA\PEG\PEG_20250405-141744\PEG_eiger2_00213_00_ave.h5
sc5665,SvI2_0_4M_100ms_5m,SvI2|0|4M|100ms|5m,\\Synology\Data\2025\sc5665\id02\20250404\PROCESSED_DATA\PEG\PEG_20250405-141744\PEG_eiger2_00369_00_ave.h5
sc5665,Denis_H_Plasma_FlatOn_20ms_Rhodiumfilter_50micr_1_1m,Denis|H|Plasma|FlatOn|20ms|Rhodiumfilter|50micr|1|1m,\\Synology\Data\2025\sc5665\id02\20250404\PROCESSED_DATA\PEG\PEG_20250405-141744\PEG_eiger2_00672_00_ave.h5
sc5665,EAK_1_2_0_6B_100ms_1_1m_T=180C,EAK|1|2|0|6B|100ms|1|1m|T=180C,\\Synology\Data\2025\sc5665\id02\20250404\PROCESSED_DATA\PEG\PEG_20250405-141744\PEG_eiger2_00287_00_ave.h5
sc5665,DMF_box_20ms_1_1m,DMF|box|20ms|1|1m,\\Synology\Data\2025\sc5665\id02\20250404\PROCESSED_DATA\PEG\PEG_20250405-141744\PEG_eiger2_00313_00_ave.h5
sc5665,empty_Linkam_1_1m_20ms,empty|Linkam|1|1m|20ms,\\Synology\Data\2025\sc5665\id02\20250404\PROCESSED_DATA\PBA\PBA_20250404-194443\PBA_eiger2_00028_00_ave.h5
sc5665,EmptyLinksm_withoutCover_100ms_1_1m,EmptyLinksm|withoutCover|100ms|1|1m,\\Synology\Data\2025\sc5665\id02\20250404\PROCESSED_DATA\PBA\PBA_20250404-194443\PBA_eiger2_00128_00_ave.h5
sc5665,SD5135_20ms_1_1m,SD5135|20ms|1|1m,\\Synology\Data\2025\sc5665\id02\20250404\PROCESSED_DATA\PBA\PBA_20250404-194443\PBA_eiger2_00090_00_ave.h5
sc5665,PBA_30_2_100_new-eiger2-mask,PBA|30|2|100|new-eiger2-mask,\\Synology\Data\2025\sc5665\id02\20250404\PROCESSED_DATA\PBA\PBA_20250404-194443\PBA_eiger2_00013_00_ave.h5
sc5665,Sample_31_6_3_71_20ms,Sample|31|6|3|71|20ms,\\Synology\Data\2025\sc5665\id02\20250404\PROCESSED_DATA\PBA\PBA_20250404-194443\PBA_eiger2_00048_00_ave.h5
sc5665,Raft_Melt_17_20ms_1_1m,Raft|Melt|17|20ms|1|1m,\\Synology\Data\2025\sc5665\id02\20250404\PROCESSED_DATA\PBA\PBA_20250404-194443\PBA_eiger2_00179_00_ave.h5
sc5665,EmptyLinkam_withoutCover_20ms_1_1m,EmptyLinkam|withoutCover|20ms|1|1m,\\Synology\Data\2025\sc5665\id02\20250404\PROCESSED_DATA\PBA\PBA_20250404-194443\PBA_eiger2_00135_00_ave.h5
sc5665,EmptyLinksm_withoutCover_20ms_1_1m,EmptyLinksm|withoutCover|20ms|1|1m,\\Synology\Data\2025\sc5665\id02\20250404\PROCESSED_DATA\PBA\PBA_20250404-194443\PBA_eiger2_00127_00_ave.h5
sc5665,PBA_30_2_100_20ms,PBA|30|2|100|20ms,\\Synology\Data\2025\sc5665\id02\20250404\PROCESSED_DATA\PBA\PBA_20250404-194443\PBA_eiger2_00031_00_ave.h5
sc5665,empty_Linkam_1_1m_100ms,empty|Linkam|1|1m|100ms,\\Synology\Data\2025\sc5665\id02\20250404\PROCESSED_DATA\PBA\PBA_20250404-194443\PBA_eiger2_00029_00_ave.h5
sc5665,Linkam_empty_withoutCover_20ms_5m,Linkam|empty|withoutCover|20ms|5m,\\Synology\Data\2025\sc5665\id02\20250404\PROCESSED_DATA\PBA\PBA_20250404-194443\PBA_eiger2_00058_00_ave.h5
sc5665,Sample_SBO1_100ms_1_1m,Sample|SBO1|100ms|1|1m,\\Synology\Data\2025\sc5665\id02\20250404\PROCESSED_DATA\PBA\PBA_20250404-194443\PBA_eiger2_00112_00_ave.h5
sc5665,PBA_30_2_100_2ms,PBA|30|2|100|2ms,\\Synology\Data\2025\sc5665\id02\20250404\PROCESSED_DATA\PBA\PBA_20250404-194443\PBA_eiger2_00030_00_ave.h5
sc5665,Linkam_empty_withoutCover_2ms_5m,Linkam|empty|withoutCover|2ms|5m,\\Synology\Data\2025\sc5665\id02\20250404\PROCESSED_DATA\PBA\PBA_20250404-194443\PBA_eiger2_00057_00_ave.h5
sc5665,Si-powder-calibrated,Si-powder-calibrated,\\Synology\Data\2025\sc5665\id02\20250404\PROCESSED_DATA\PBA\PBA_20250404-194443\PBA_eiger2_00010_00_ave.h5
sc5665,Sample_28A_6_4_25_20ms_1_1m,Sample|28A|6|4|25|20ms|1|1m,\\Synology\Data\2025\sc5665\id02\20250404\PROCESSED_DATA\PBA\PBA_20250404-194443\PBA_eiger2_00092_00_ave.h5
sc5665,EmptySretcher_20ms_1_1m,EmptySretcher|20ms|1|1m,\\Synology\Data\2025\sc5665\id02\20250404\PROCESSED_DATA\PBA\PBA_20250404-194443\PBA_eiger2_00129_00_ave.h5
sc5665,EmptySretcher_20ms_5m,EmptySretcher|20ms|5m,\\Synology\Data\2025\sc5665\id02\20250404\PROCESSED_DATA\PBA\PBA_20250404-194443\PBA_eiger2_00132_00_ave.h5
sc5665,Sample_31_6_3_71_2ms,Sample|31|6|3|71|2ms,\\Synology\Data\2025\sc5665\id02\20250404\PROCESSED_DATA\PBA\PBA_20250404-194443\PBA_eiger2_00047_00_ave.h5
sc5665,Sample_28A_6_3_25_20ms_1_1m,Sample|28A|6|3|25|20ms|1|1m,\\Synology\Data\2025\sc5665\id02\20250404\PROCESSED_DATA\PBA\PBA_20250404-194443\PBA_eiger2_00078_00_ave.h5
sc5665,Sample_28B_6_6_34_20ms_1_1m,Sample|28B|6|6|34|20ms|1|1m,\\Synology\Data\2025\sc5665\id02\20250404\PROCESSED_DATA\PBA\PBA_20250404-194443\PBA_eiger2_00099_00_ave.h5
sc5665,empty_linkam_1m,empty|linkam|1m,\\Synology\Data\2025\sc5665\id02\20250404\PROCESSED_DATA\PBA\PBA_20250404-194443\PBA_eiger2_00211_00_ave.h5
sc5665,PBA_30_2_100_10ms,PBA|30|2|100|10ms,\\Synology\Data\2025\sc5665\id02\20250404\PROCESSED_DATA\PBA\PBA_20250404-194443\PBA_eiger2_00032_00_ave.h5
sc5665,Sample_31_6_3_71_20ms_5m,Sample|31|6|3|71|20ms|5m,\\Synology\Data\2025\sc5665\id02\20250404\PROCESSED_DATA\PBA\PBA_20250404-194443\PBA_eiger2_00053_00_ave.h5
sc5665,water_capillary_1mm5,water|capillary|1mm5,\\Synology\Data\2025\sc5665\id02\20250404\PROCESSED_DATA\PBA\PBA_20250404-194443\PBA_eiger2_00215_00_ave.h5
sc5665,Raft_Melt_200_20ms_1_1m,Raft|Melt|200|20ms|1|1m,\\Synology\Data\2025\sc5665\id02\20250404\PROCESSED_DATA\PBA\PBA_20250404-194443\PBA_eiger2_00120_00_ave.h5
sc5665,empty_linkam_1m_after_go_linkam,empty|linkam|1m|after|go|linkam,\\Synology\Data\2025\sc5665\id02\20250404\PROCESSED_DATA\PBA\PBA_20250404-194443\PBA_eiger2_00212_00_ave.h5
sc5665,Raft_Melt_480_bis_50ms_1_1m,Raft|Melt|480|bis|50ms|1|1m,\\Synology\Data\2025\sc5665\id02\20250404\PROCESSED_DATA\PBA\PBA_20250404-194443\PBA_eiger2_00190_00_ave.h5
sc5665,Raft_Melt_1013_20ms_1_1m,Raft|Melt|1013|20ms|1|1m,\\Synology\Data\2025\sc5665\id02\20250404\PROCESSED_DATA\PBA\PBA_20250404-194443\PBA_eiger2_00155_00_ave.h5
sc5665,EmptyLinkam_withoutCover_100ms_5m,EmptyLinkam|withoutCover|100ms|5m,\\Synology\Data\2025\sc5665\id02\20250404\PROCESSED_DATA\PBA\PBA_20250404-194443\PBA_eiger2_00134_00_ave.h5
sc5665,JW_50_2_100_20ms_1_1m,JW|50|2|100|20ms|1|1m,\\Synology\Data\2025\sc5665\id02\20250404\PROCESSED_DATA\PBA\PBA_20250404-194443\PBA_eiger2_00196_00_ave.h5
sc5665,Sample_31_6_4_42_100ms_5m,Sample|31|6|4|42|100ms|5m,\\Synology\Data\2025\sc5665\id02\20250404\PROCESSED_DATA\PBA\PBA_20250404-194443\PBA_eiger2_00065_00_ave.h5
sc5665,empty_new-eiger2-mask,empty|new-eiger2-mask,\\Synology\Data\2025\sc5665\id02\20250404\PROCESSED_DATA\PBA\PBA_20250404-194443\PBA_eiger2_00014_00_ave.h5
sc5665,EmptyLinkam_withoutCover_100ms_1_1m,EmptyLinkam|withoutCover|100ms|1|1m,\\Synology\Data\2025\sc5665\id02\20250404\PROCESSED_DATA\PBA\PBA_20250404-194443\PBA_eiger2_00138_00_ave.h5
sc5665,Linkam_empty_withoutCover_100ms_5m,Linkam|empty|withoutCover|100ms|5m,\\Synology\Data\2025\sc5665\id02\20250404\PROCESSED_DATA\PBA\PBA_20250404-194443\PBA_eiger2_00063_00_ave.h5
sc5665,,,\\Synology\Data\2025\sc5665\id02\20250404\PROCESSED_DATA\PBA\PBA_20250404-194443\PBA_eiger2_00026_00_ave.h5
sc5665,Linkam_empty_cell_WithoutCover_20ms_1_1m,Linkam|empty|cell|WithoutCover|20ms|1|1m,\\Synology\Data\2025\sc5665\id02\20250404\PROCESSED_DATA\PBA\PBA_20250404-194443\PBA_eiger2_00086_00_ave.h5
sc5665,Sample_31_6_3_71_100ms_5m,Sample|31|6|3|71|100ms|5m,\\Synology\Data\2025\sc5665\id02\20250404\PROCESSED_DATA\PBA\PBA_20250404-194443\PBA_eiger2_00055_00_ave.h5
sc5665,Sample_31_6_3_71_100ms,Sample|31|6|3|71|100ms,\\Synology\Data\2025\sc5665\id02\20250404\PROCESSED_DATA\PBA\PBA_20250404-194443\PBA_eiger2_00049_00_ave.h5
sc5665,Raft_Melt_97_50ms_1_1m,Raft|Melt|97|50ms|1|1m,\\Synology\Data\2025\sc5665\id02\20250404\PROCESSED_DATA\PBA\PBA_20250404-194443\PBA_eiger2_00176_00_ave.h5
sc5665,Raft_Melt_97_20ms_1_1m,Raft|Melt|97|20ms|1|1m,\\Synology\Data\2025\sc5665\id02\20250404\PROCESSED_DATA\PBA\PBA_20250404-194443\PBA_eiger2_00168_00_ave.h5
sc5665,JW_50_3_100_100ms_1_1m,JW|50|3|100|100ms|1|1m,\\Synology\Data\2025\sc5665\id02\20250404\PROCESSED_DATA\PBA\PBA_20250404-194443\PBA_eiger2_00210_00_ave.h5
sc5665,Raft_Melt_200_50ms_1_1m,Raft|Melt|200|50ms|1|1m,\\Synology\Data\2025\sc5665\id02\20250404\PROCESSED_DATA\PBA\PBA_20250404-194443\PBA_eiger2_00141_00_ave.h5
sc5665,empty_Linkam_1_1m_2ms,empty|Linkam|1|1m|2ms,\\Synology\Data\2025\sc5665\id02\20250404\PROCESSED_DATA\PBA\PBA_20250404-194443\PBA_eiger2_00027_00_ave.h5
sc5665,Raft_Melt_480_20ms_1_1m,Raft|Melt|480|20ms|1|1m,\\Synology\Data\2025\sc5665\id02\20250404\PROCESSED_DATA\PBA\PBA_20250404-194443\PBA_eiger2_00188_00_ave.h5
sc5665,EmptyLinkam_withoutCover_20ms_5m,EmptyLinkam|withoutCover|20ms|5m,\\Synology\Data\2025\sc5665\id02\20250404\PROCESSED_DATA\PBA\PBA_20250404-194443\PBA_eiger2_00133_00_ave.h5
sc5665,Sample_SBO2_100ms_1_1m,Sample|SBO2|100ms|1|1m,\\Synology\Data\2025\sc5665\id02\20250404\PROCESSED_DATA\PBA\PBA_20250404-194443\PBA_eiger2_00115_00_ave.h5
sc5665,Sample_31_6_4_42_100ms_1_1m,Sample|31|6|4|42|100ms|1|1m,\\Synology\Data\2025\sc5665\id02\20250404\PROCESSED_DATA\PBA\PBA_20250404-194443\PBA_eiger2_00075_00_ave.h5
sc5665,EmptySretcher_100ms_1_1m,EmptySretcher|100ms|1|1m,\\Synology\Data\2025\sc5665\id02\20250404\PROCESSED_DATA\PBA\PBA_20250404-194443\PBA_eiger2_00130_00_ave.h5
sc5665,Raft_Melt_480_bis_20ms_1_1m,Raft|Melt|480|bis|20ms|1|1m,\\Synology\Data\2025\sc5665\id02\20250404\PROCESSED_DATA\PBA\PBA_20250404-194443\PBA_eiger2_00189_00_ave.h5
sc5665,Raft_Melt_1013_50ms_1_1m,Raft|Melt|1013|50ms|1|1m,\\Synology\Data\2025\sc5665\id02\20250404\PROCESSED_DATA\PBA\PBA_20250404-194443\PBA_eiger2_00164_00_ave.h5
sc5665,JW_50_3_100_20ms_1_1m,JW|50|3|100|20ms|1|1m,\\Synology\Data\2025\sc5665\id02\20250404\PROCESSED_DATA\PBA\PBA_20250404-194443\PBA_eiger2_00202_00_ave.h5
sc5665,SD5135_100ms_1_1m,SD5135|100ms|1|1m,\\Synology\Data\2025\sc5665\id02\20250404\PROCESSED_DATA\PBA\PBA_20250404-194443\PBA_eiger2_00091_00_ave.h5
sc5665,Sample_31_6_4_42_2ms_1_1m,Sample|31|6|4|42|2ms|1|1m,\\Synology\Data\2025\sc5665\id02\20250404\PROCESSED_DATA\PBA\PBA_20250404-194443\PBA_eiger2_00072_00_ave.h5
sc5665,PBA_30_2_100_100ms,PBA|30|2|100|100ms,\\Synology\Data\2025\sc5665\id02\20250404\PROCESSED_DATA\PBA\PBA_20250404-194443\PBA_eiger2_00034_00_ave.h5
sc5665,JW_50_2_100_100ms_1_1m,JW|50|2|100|100ms|1|1m,\\Synology\Data\2025\sc5665\id02\20250404\PROCESSED_DATA\PBA\PBA_20250404-194443\PBA_eiger2_00197_00_ave.h5
sc5665,Sample_28A_6_3_25_100ms_1_1m,Sample|28A|6|3|25|100ms|1|1m,\\Synology\Data\2025\sc5665\id02\20250404\PROCESSED_DATA\PBA\PBA_20250404-194443\PBA_eiger2_00079_00_ave.h5
sc5665,PBA_30_2_100,PBA|30|2|100,\\Synology\Data\2025\sc5665\id02\20250404\PROCESSED_DATA\PBA\PBA_20250404-194443\PBA_eiger2_00011_00_ave.h5
sc5665,Sample_28B_6_5_59_100ms_1_1m,Sample|28B|6|5|59|100ms|1|1m,\\Synology\Data\2025\sc5665\id02\20250404\PROCESSED_DATA\PBA\PBA_20250404-194443\PBA_eiger2_00108_00_ave.h5
sc5665,Linkam_empty_cell_WithoutCover_100ms_1_1m,Linkam|empty|cell|WithoutCover|100ms|1|1m,\\Synology\Data\2025\sc5665\id02\20250404\PROCESSED_DATA\PBA\PBA_20250404-194443\PBA_eiger2_00087_00_ave.h5
sc5665,Sample_28B_6_5_59_20ms_1_1m,Sample|28B|6|5|59|20ms|1|1m,\\Synology\Data\2025\sc5665\id02\20250404\PROCESSED_DATA\PBA\PBA_20250404-194443\PBA_eiger2_00105_00_ave.h5
sc5665,empty_new-eiger2-mask_nofilter,empty|new-eiger2-mask|nofilter,\\Synology\Data\2025\sc5665\id02\20250404\PROCESSED_DATA\PBA\PBA_20250404-194443\PBA_eiger2_00020_00_ave.h5
sc5665,Raft_Melt_17_50ms_1_1m,Raft|Melt|17|50ms|1|1m,\\Synology\Data\2025\sc5665\id02\20250404\PROCESSED_DATA\PBA\PBA_20250404-194443\PBA_eiger2_00181_00_ave.h5
sc5665,Raft_Melt_480_50ms_1_1m,Raft|Melt|480|50ms|1|1m,\\Synology\Data\2025\sc5665\id02\20250404\PROCESSED_DATA\PBA\PBA_20250404-194443\PBA_eiger2_00153_00_ave.h5
sc5665,Sample_28A_6_4_25_100ms_1_1m,Sample|28A|6|4|25|100ms|1|1m,\\Synology\Data\2025\sc5665\id02\20250404\PROCESSED_DATA\PBA\PBA_20250404-194443\PBA_eiger2_00095_00_ave.h5
sc5665,Si-powder,Si-powder,\\Synology\Data\2025\sc5665\id02\20250404\PROCESSED_DATA\PBA\PBA_20250404-194443\PBA_eiger2_00008_00_ave.h5
sc5665,Raft_Melt_200_100ms_1_1m,Raft|Melt|200|100ms|1|1m,\\Synology\Data\2025\sc5665\id02\20250404\PROCESSED_DATA\PBA\PBA_20250404-194443\PBA_eiger2_00121_00_ave.h5
sc5665,Sample_28B_6_6_34_100ms_1_1m,Sample|28B|6|6|34|100ms|1|1m,\\Synology\Data\2025\sc5665\id02\20250404\PROCESSED_DATA\PBA\PBA_20250404-194443\PBA_eiger2_00104_00_ave.h5
sc5665,empty_linkam,empty|linkam,\\Synology\Data\2025\sc5665\id02\20250404\PROCESSED_DATA\PBA\PBA_20250404-194443\PBA_eiger2_00001_00_ave.h5
sc5665,PBA_30_3_100_100ms,PBA|30|3|100|100ms,\\Synology\Data\2025\sc5665\id02\20250404\PROCESSED_DATA\PBA\PBA_20250404-194443\PBA_eiger2_00044_00_ave.h5
sc5665,water_5m_15C,water|5m|15C,\\Synology\Data\2025\sc5665\id02\20250404\PROCESSED_DATA\Gelation\Gelation_20250406-231551\Gelation_eiger2_00013_00_ave.h5
sc5665,PEG_PNIPAM_576_6_20pc_15C,PEG|PNIPAM|576|6|20pc|15C,\\Synology\Data\2025\sc5665\id02\20250404\PROCESSED_DATA\Gelation\Gelation_20250406-231551\Gelation_eiger2_00015_00_ave.h5
sc5665,PEG_PNIPAM_576_6_20pc_heating_1C_min,PEG|PNIPAM|576|6|20pc|heating|1C|min,\\Synology\Data\2025\sc5665\id02\20250404\PROCESSED_DATA\Gelation\Gelation_20250406-231551\Gelation_eiger2_00016_00_ave.h5
sc5665,PEG_PNIPAM_576_6_20pc_cooling_1C_min,PEG|PNIPAM|576|6|20pc|cooling|1C|min,\\Synology\Data\2025\sc5665\id02\20250404\PROCESSED_DATA\Gelation\Gelation_20250406-231551\Gelation_eiger2_00017_00_ave.h5
sc5665,PEG_PNIPAM_576_6_5pc_15C,PEG|PNIPAM|576|6|5pc|15C,\\Synology\Data\2025\sc5665\id02\20250404\PROCESSED_DATA\Gelation\Gelation_20250406-231551\Gelation_eiger2_00022_00_ave.h5
sc5665,PEG_PNIPAM_576_6_5pc_heating_1C_min,PEG|PNIPAM|576|6|5pc|heating|1C|min,\\Synology\Data\2025\sc5665\id02\20250404\PROCESSED_DATA\Gelation\Gelation_20250406-231551\Gelation_eiger2_00023_00_ave.h5
sc5665,PEG_PNIPAM_576_6_5pc_cooling_1C_min,PEG|PNIPAM|576|6|5pc|cooling|1C|min,\\Synology\Data\2025\sc5665\id02\20250404\PROCESSED_DATA\Gelation\Gelation_20250406-231551\Gelation_eiger2_00024_00_ave.h5
sc5665,PEG_PNIPAM_576_12_20pc_15C,PEG|PNIPAM|576|12|20pc|15C,\\Synology\Data\2025\sc5665\id02\20250404\PROCESSED_DATA\Gelation\Gelation_20250406-231551\Gelation_eiger2_00028_00_ave.h5
sc5665,PEG_PNIPAM_576_12_20pc_heating_1C_min,PEG|PNIPAM|576|12|20pc|heating|1C|min,\\Synology\Data\2025\sc5665\id02\20250404\PROCESSED_DATA\Gelation\Gelation_20250406-231551\Gelation_eiger2_00029_00_ave.h5
sc5665,PEG_PNIPAM_576_12_20pc_cooling_1C_min,PEG|PNIPAM|576|12|20pc|cooling|1C|min,\\Synology\Data\2025\sc5665\id02\20250404\PROCESSED_DATA\Gelation\Gelation_20250406-231551\Gelation_eiger2_00030_00_ave.h5
sc5665,PEG_PNIPAM_576_12_5pc_15C,PEG|PNIPAM|576|12|5pc|15C,\\Synology\Data\2025\sc5665\id02\20250404\PROCESSED_DATA\Gelation\Gelation_20250406-231551\Gelation_eiger2_00034_00_ave.h5
sc5665,PEG_PNIPAM_576_12_5pc_heating_1C_min,PEG|PNIPAM|576|12|5pc|heating|1C|min,\\Synology\Data\2025\sc5665\id02\20250404\PROCESSED_DATA\Gelation\Gelation_20250406-231551\Gelation_eiger2_00035_00_ave.h5
sc5665,PEG_PNIPAM_576_12_5pc_cooling_2C_min,PEG|PNIPAM|576|12|5pc|cooling|2C|min,\\Synology\Data\2025\sc5665\id02\20250404\PROCESSED_DATA\Gelation\Gelation_20250406-231551\Gelation_eiger2_00036_00_ave.h5
sc5665,PEG_PNIPAM_576_6_10pc_15C,PEG|PNIPAM|576|6|10pc|15C,\\Synology\Data\2025\sc5665\id02\20250404\PROCESSED_DATA\Gelation\Gelation_20250406-231551\Gelation_eiger2_00040_00_ave.h5
sc5665,PEG_PNIPAM_576_6_10pc_heating_2C_min,PEG|PNIPAM|576|6|10pc|heating|2C|min,\\Synology\Data\2025\sc5665\id02\20250404\PROCESSED_DATA\Gelation\Gelation_20250406-231551\Gelation_eiger2_00041_00_ave.h5
sc5665,PEG_PNIPAM_576_6_10pc_cooling_2C_min,PEG|PNIPAM|576|6|10pc|cooling|2C|min,\\Synology\Data\2025\sc5665\id02\20250404\PROCESSED_DATA\Gelation\Gelation_20250406-231551\Gelation_eiger2_00042_00_ave.h5
sc5665,PEG_PNIPAM_576_12_10pc_15C,PEG|PNIPAM|576|12|10pc|15C,\\Synology\Data\2025\sc5665\id02\20250404\PROCESSED_DATA\Gelation\Gelation_20250406-231551\Gelation_eiger2_00046_00_ave.h5
sc5665,PEG_PNIPAM_576_12_10pc_heating_2C_min,PEG|PNIPAM|576|12|10pc|heating|2C|min,\\Synology\Data\2025\sc5665\id02\20250404\PROCESSED_DATA\Gelation\Gelation_20250406-231551\Gelation_eiger2_00047_00_ave.h5
sc5665,PEG_PNIPAM_576_12_10pc_cooling_2C_min,PEG|PNIPAM|576|12|10pc|cooling|2C|min,\\Synology\Data\2025\sc5665\id02\20250404\PROCESSED_DATA\Gelation\Gelation_20250406-231551\Gelation_eiger2_00048_00_ave.h5
sc5665,PEG_PNIPAM_576_6_1pc_15C,PEG|PNIPAM|576|6|1pc|15C,\\Synology\Data\2025\sc5665\id02\20250404\PROCESSED_DATA\Gelation\Gelation_20250406-231551\Gelation_eiger2_00053_00_ave.h5
sc5665,PEG_PNIPAM_576_6_1pc_heating_2C_min_13m,PEG|PNIPAM|576|6|1pc|heating|2C|min|13m,\\Synology\Data\2025\sc5665\id02\20250404\PROCESSED_DATA\Gelation\Gelation_20250406-231551\Gelation_eiger2_00054_00_ave.h5
sc5665,ps_with_mask,ps|with|mask,\\Synology\Data\2025\sc5665\id02\20250404\PROCESSED_DATA\ed4\ed4_20250404-090414\ed4_eiger2_00006_00_ave.h5
sc5665,ps_with_mask_and_beam,ps|with|mask|and|beam,\\Synology\Data\2025\sc5665\id02\20250404\PROCESSED_DATA\ed4\ed4_20250404-090414\ed4_eiger2_00007_00_ave.h5
sc5665,empty_13_m,empty|13|m,\\Synology\Data\2025\sc5665\id02\20250404\PROCESSED_DATA\ed4\ed4_20250404-090414\ed4_eiger2_00008_00_ave.h5
sc5665,ps,ps,\\Synology\Data\2025\sc5665\id02\20250404\PROCESSED_DATA\ed4\ed4_20250404-090414\ed4_eiger2_00012_00_ave.h5
sc5665,pmma,pmma,\\Synology\Data\2025\sc5665\id02\20250404\PROCESSED_DATA\ed4\ed4_20250404-090414\ed4_eiger2_00014_00_ave.h5
sc5665,pmma_centered,pmma|centered,\\Synology\Data\2025\sc5665\id02\20250404\PROCESSED_DATA\ed4\ed4_20250404-090414\ed4_eiger2_00015_00_ave.h5
sc5665,pmma__masked,pmma||masked,\\Synology\Data\2025\sc5665\id02\20250404\PROCESSED_DATA\ed4\ed4_20250404-090414\ed4_eiger2_00016_00_ave.h5
sc5665,empty,empty,\\Synology\Data\2025\sc5665\id02\20250404\PROCESSED_DATA\ed4\ed4_20250404-090414\ed4_eiger2_00020_00_ave.h5
sc5665,test,test,\\Synology\Data\2025\sc5665\id02\20250404\PROCESSED_DATA\ed4\ed4_20250404-090414\ed4_eiger2_00021_00_ave.h5
sc5665,LaB6,LaB6,\\Synology\Data\2025\sc5665\id02\20250404\PROCESSED_DATA\ed4\ed4_20250404-090414\ed4_eiger2_00028_00_ave.h5
sc5665,LaB6_centered,LaB6|centered,\\Synology\Data\2025\sc5665\id02\20250404\PROCESSED_DATA\ed4\ed4_20250404-090414\ed4_eiger2_00034_00_ave.h5
sc5665,LaB6_linkam,LaB6|linkam,\\Synology\Data\2025\sc5665\id02\20250404\PROCESSED_DATA\ed4\ed4_20250404-090414\ed4_eiger2_00040_00_ave.h5
sc5665,stretcher,stretcher,\\Synology\Data\2025\sc5665\id02\20250404\PROCESSED_DATA\ed4\ed4_20250404-090414\ed4_eiger2_00042_00_ave.h5
sc5665,Si_stretcher,Si|stretcher,\\Synology\Data\2025\sc5665\id02\20250404\PROCESSED_DATA\ed4\ed4_20250404-090414\ed4_eiger2_00043_00_ave.h5
sc5665,Si_stretcher_calibrated,Si|stretcher|calibrated,\\Synology\Data\2025\sc5665\id02\20250404\PROCESSED_DATA\ed4\ed4_20250404-090414\ed4_eiger2_00044_00_ave.h5
SC5711,Zuev_capillaries_Caplillary_N1,Zuev|capillaries|Caplillary|N1,\\Synology\Data\2025\SC5711\Zuev_capillaries\Zuev_capillaries_Caplillary_N1\WAXS\Zuev_capillaries_Caplillary_N1_WAXS_0000.edf
SC5711,Zuev_capillaries_Caplillary_N10_cooling,Zuev|capillaries|Caplillary|N10|cooling,\\Synology\Data\2025\SC5711\Zuev_capillaries\Zuev_capillaries_Caplillary_N10_cooling\WAXS\Zuev_capillaries_Caplillary_N10_cooling_WAXS_0000.edf
SC5711,Zuev_capillaries_Caplillary_N10_heating,Zuev|capillaries|Caplillary|N10|heating,\\Synology\Data\2025\SC5711\Zuev_capillaries\Zuev_capillaries_Caplillary_N10_heating\WAXS\Zuev_capillaries_Caplillary_N10_heating_WAXS_0000.edf
SC5711,Zuev_capillaries_Caplillary_N11_cooling,Zuev|capillaries|Caplillary|N11|cooling,\\Synology\Data\2025\SC5711\Zuev_capillaries\Zuev_capillaries_Caplillary_N11_cooling\WAXS\Zuev_capillaries_Caplillary_N11_cooling_WAXS_0000.edf
SC5711,Zuev_capillaries_Caplillary_N11_heating,Zuev|capillaries|Caplillary|N11|heating,\\Synology\Data\2025\SC5711\Zuev_capillaries\Zuev_capillaries_Caplillary_N11_heating\WAXS\Zuev_capillaries_Caplillary_N11_heating_WAXS_0000.edf
SC5711,Zuev_capillaries_Caplillary_N12_heating,Zuev|capillaries|Caplillary|N12|heating,\\Synology\Data\2025\SC5711\Zuev_capillaries\Zuev_capillaries_Caplillary_N12_heating\WAXS\Zuev_capillaries_Caplillary_N12_heating_WAXS_0000.edf
SC5711,Zuev_capillaries_Caplillary_N13_cooling,Zuev|capillaries|Caplillary|N13|cooling,\\Synology\Data\2025\SC5711\Zuev_capillaries\Zuev_capillaries_Caplillary_N13_cooling\WAXS\Zuev_capillaries_Caplillary_N13_cooling_WAXS_0000.edf
SC5711,Zuev_capillaries_Caplillary_N13_heating,Zuev|capillaries|Caplillary|N13|heating,\\Synology\Data\2025\SC5711\Zuev_capillaries\Zuev_capillaries_Caplillary_N13_heating\WAXS\Zuev_capillaries_Caplillary_N13_heating_WAXS_0000.edf
SC5711,Zuev_capillaries_Caplillary_N1_cooling,Zuev|capillaries|Caplillary|N1|cooling,\\Synology\Data\2025\SC5711\Zuev_capillaries\Zuev_capillaries_Caplillary_N1_cooling\WAXS\Zuev_capillaries_Caplillary_N1_cooling_WAXS_0000.edf
SC5711,Zuev_capillaries_Caplillary_N3_opaquephase_cooling,Zuev|capillaries|Caplillary|N3|opaquephase|cooling,\\Synology\Data\2025\SC5711\Zuev_capillaries\Zuev_capillaries_Caplillary_N3_opaquephase_cooling\WAXS\Zuev_capillaries_Caplillary_N3_opaquephase_cooling_WAXS_0000.edf
SC5711,Zuev_capillaries_Caplillary_N3_opaquephase_heating,Zuev|capillaries|Caplillary|N3|opaquephase|heating,\\Synology\Data\2025\SC5711\Zuev_capillaries\Zuev_capillaries_Caplillary_N3_opaquephase_heating\WAXS\Zuev_capillaries_Caplillary_N3_opaquephase_heating_WAXS_0000.edf
SC5711,Zuev_capillaries_Caplillary_N3_transparentphase_cooling,Zuev|capillaries|Caplillary|N3|transparentphase|cooling,\\Synology\Data\2025\SC5711\Zuev_capillaries\Zuev_capillaries_Caplillary_N3_transparentphase_cooling\WAXS\Zuev_capillaries_Caplillary_N3_transparentphase_cooling_WAXS_0000.edf
SC5711,Zuev_capillaries_Caplillary_N3_transparentphase_heating,Zuev|capillaries|Caplillary|N3|transparentphase|heating,\\Synology\Data\2025\SC5711\Zuev_capillaries\Zuev_capillaries_Caplillary_N3_transparentphase_heating\WAXS\Zuev_capillaries_Caplillary_N3_transparentphase_heating_WAXS_0000.edf
SC5711,Zuev_capillaries_Caplillary_N5_cooling,Zuev|capillaries|Caplillary|N5|cooling,\\Synology\Data\2025\SC5711\Zuev_capillaries\Zuev_capillaries_Caplillary_N5_cooling\WAXS\Zuev_capillaries_Caplillary_N5_cooling_WAXS_0000.edf
SC5711,Zuev_capillaries_Caplillary_N5_heating,Zuev|capillaries|Caplillary|N5|heating,\\Synology\Data\2025\SC5711\Zuev_capillaries\Zuev_capillaries_Caplillary_N5_heating\WAXS\Zuev_capillaries_Caplillary_N5_heating_WAXS_0000.edf
SC5711,Zuev_capillaries_Caplillary_N6_opaquephase_heating,Zuev|capillaries|Caplillary|N6|opaquephase|heating,\\Synology\Data\2025\SC5711\Zuev_capillaries\Zuev_capillaries_Caplillary_N6_opaquephase_heating\WAXS\Zuev_capillaries_Caplillary_N6_opaquephase_heating_WAXS_0000.edf
SC5711,Zuev_capillaries_Caplillary_N6_transparentphase_heating,Zuev|capillaries|Caplillary|N6|transparentphase|heating,\\Synology\Data\2025\SC5711\Zuev_capillaries\Zuev_capillaries_Caplillary_N6_transparentphase_heating\WAXS\Zuev_capillaries_Caplillary_N6_transparentphase_heating_WAXS_0000.edf
SC5711,Zuev_capillaries_Caplillary_N8_heating,Zuev|capillaries|Caplillary|N8|heating,\\Synology\Data\2025\SC5711\Zuev_capillaries\Zuev_capillaries_Caplillary_N8_heating\WAXS\Zuev_capillaries_Caplillary_N8_heating_WAXS_0000.edf
SC5711,Zuev_capillaries_Caplillary_N9_heating,Zuev|capillaries|Caplillary|N9|heating,\\Synology\Data\2025\SC5711\Zuev_capillaries\Zuev_capillaries_Caplillary_N9_heating\WAXS\Zuev_capillaries_Caplillary_N9_heating_WAXS_0000.edf
SC5711,Vashurkin_BB_elast_1_2,Vashurkin|BB|elast|1|2,\\Synology\Data\2025\SC5711\Vashurkin\Vashurkin_BB_elast_1_2\WAXS\Vashurkin_BB_elast_1_2_WAXS_0000.edf
SC5711,Vashurkin_BB_elast_1_4,Vashurkin|BB|elast|1|4,\\Synology\Data\2025\SC5711\Vashurkin\Vashurkin_BB_elast_1_4\WAXS\Vashurkin_BB_elast_1_4_WAXS_0000.edf
SC5711,Vashurkin_BB_elast_5,Vashurkin|BB|elast|5,\\Synology\Data\2025\SC5711\Vashurkin\Vashurkin_BB_elast_5\WAXS\Vashurkin_BB_elast_5_WAXS_0000.edf
SC5711,triblock_test_PEG_PLA,triblock|test|PEG|PLA,\\Synology\Data\2025\SC5711\triblock_test\triblock_test_PEG_PLA\WAXS\triblock_test_PEG_PLA_WAXS_0000.edf
SC5711,triblock_test_PEG_PLA_PDMAEMA,triblock|test|PEG|PLA|PDMAEMA,\\Synology\Data\2025\SC5711\triblock_test\triblock_test_PEG_PLA_PDMAEMA\WAXS\triblock_test_PEG_PLA_PDMAEMA_WAXS_0000.edf
SC5711,triblock_terpolymers_PEG_PDLA_PDMAEMA200_110C,triblock|terpolymers|PEG|PDLA|PDMAEMA200|110C,\\Synology\Data\2025\SC5711\triblock_terpolymers\triblock_terpolymers_PEG_PDLA_PDMAEMA200_110C\WAXS\triblock_terpolymers_PEG_PDLA_PDMAEMA200_110C_WAXS_0000.edf
SC5711,triblock_terpolymers_PEG_PDLA_PDMAEMA200_90C,triblock|terpolymers|PEG|PDLA|PDMAEMA200|90C,\\Synology\Data\2025\SC5711\triblock_terpolymers\triblock_terpolymers_PEG_PDLA_PDMAEMA200_90C\WAXS\triblock_terpolymers_PEG_PDLA_PDMAEMA200_90C_WAXS_0000.edf
SC5711,triblock_terpolymers_PEG_PDLA_PDMAEMA200_RT,triblock|terpolymers|PEG|PDLA|PDMAEMA200|RT,\\Synology\Data\2025\SC5711\triblock_terpolymers\triblock_terpolymers_PEG_PDLA_PDMAEMA200_RT\WAXS\triblock_terpolymers_PEG_PDLA_PDMAEMA200_RT_WAXS_0000.edf
SC5711,triblock_terpolymers_PEG_PDLA_PDMAEMA400_RT,triblock|terpolymers|PEG|PDLA|PDMAEMA400|RT,\\Synology\Data\2025\SC5711\triblock_terpolymers\triblock_terpolymers_PEG_PDLA_PDMAEMA400_RT\WAXS\triblock_terpolymers_PEG_PDLA_PDMAEMA400_RT_WAXS_0000.edf
SC5711,triblock_terpolymers_PS_PDMS_annealing120,triblock|terpolymers|PS|PDMS|annealing120,\\Synology\Data\2025\SC5711\triblock_terpolymers\triblock_terpolymers_PS_PDMS_annealing120\WAXS\triblock_terpolymers_PS_PDMS_annealing120_WAXS_0000.edf
SC5711,test_test,test|test,
SC5711,test_test2,test|test2,
SC5711,test_test3,test|test3,
SC5711,test_test4,test|test4,
SC5711,test_test5,test|test5,
SC5711,swollen_BCPs_PEG_PDLA_100_swollen,swollen|BCPs|PEG|PDLA|100|swollen,\\Synology\Data\2025\SC5711\swollen_BCPs\swollen_BCPs_PEG_PDLA_100_swollen\WAXS\swollen_BCPs_PEG_PDLA_100_swollen_WAXS_0000.edf
SC5711,swollen_BCPs_PEG_PDLA_200_swollen,swollen|BCPs|PEG|PDLA|200|swollen,\\Synology\Data\2025\SC5711\swollen_BCPs\swollen_BCPs_PEG_PDLA_200_swollen\WAXS\swollen_BCPs_PEG_PDLA_200_swollen_WAXS_0000.edf
SC5711,swollen_BCPs_PEG_PDLA_PDMAEMA_100_swollen,swollen|BCPs|PEG|PDLA|PDMAEMA|100|swollen,\\Synology\Data\2025\SC5711\swollen_BCPs\swollen_BCPs_PEG_PDLA_PDMAEMA_100_swollen\WAXS\swollen_BCPs_PEG_PDLA_PDMAEMA_100_swollen_WAXS_0000.edf
SC5711,swollen_BCPs_PEG_PDLA_PDMAEMA_200_swollen,swollen|BCPs|PEG|PDLA|PDMAEMA|200|swollen,\\Synology\Data\2025\SC5711\swollen_BCPs\swollen_BCPs_PEG_PDLA_PDMAEMA_200_swollen\WAXS\swollen_BCPs_PEG_PDLA_PDMAEMA_200_swollen_WAXS_0000.edf
SC5711,swollen_BCPs_PEG_PDLA_PDMAEMA_400_swollen,swollen|BCPs|PEG|PDLA|PDMAEMA|400|swollen,\\Synology\Data\2025\SC5711\swollen_BCPs\swollen_BCPs_PEG_PDLA_PDMAEMA_400_swollen\WAXS\swollen_BCPs_PEG_PDLA_PDMAEMA_400_swollen_WAXS_0000.edf
SC5711,swollen_BCPs_PEG_PDLA_PDMAEMA_50_swollen,swollen|BCPs|PEG|PDLA|PDMAEMA|50|swollen,\\Synology\Data\2025\SC5711\swollen_BCPs\swollen_BCPs_PEG_PDLA_PDMAEMA_50_swollen\WAXS\swollen_BCPs_PEG_PDLA_PDMAEMA_50_swollen_WAXS_0000.edf
SC5711,Stretcher_LAB6_Stretcher,Stretcher|LAB6|Stretcher,
SC5711,Stretcher_Sergei_silk_150C_secondsample_0mm,Stretcher|Sergei|silk|150C|secondsample|0mm,
SC5711,Stretcher_Sergei_silk_150C_secondsample_0_25mm,Stretcher|Sergei|silk|150C|secondsample|0|25mm,
SC5711,Stretcher_Sergei_silk_150C_secondsample_0_5mm,Stretcher|Sergei|silk|150C|secondsample|0|5mm,
SC5711,Stretcher_Sergei_silk_150C_secondsample_0_75mm,Stretcher|Sergei|silk|150C|secondsample|0|75mm,
SC5711,Stretcher_Sergei_silk_RT,Stretcher|Sergei|silk|RT,
SC5711,Stretcher_Sergei_silk_RT_0_25mm,Stretcher|Sergei|silk|RT|0|25mm,
SC5711,Stretcher_Sergei_silk_RT_0_50mm,Stretcher|Sergei|silk|RT|0|50mm,
SC5711,Stretcher_Sergei_silk_RT_0_75mm,Stretcher|Sergei|silk|RT|0|75mm,
SC5711,Stretcher_Sergei_silk_RT_bisbis_0_5mm,Stretcher|Sergei|silk|RT|bisbis|0|5mm,
SC5711,Stretcher_Sergei_silk_RT_bisbis_1_0mm,Stretcher|Sergei|silk|RT|bisbis|1|0mm,
SC5711,Stretcher_Sergei_silk_RT_bis_0mm,Stretcher|Sergei|silk|RT|bis|0mm,
SC5711,Stretcher_Sergei_silk_RT_bis_0_5mm,Stretcher|Sergei|silk|RT|bis|0|5mm,
SC5711,Stretcher_Sergei_silk_RT_bis_0_5mm_back,Stretcher|Sergei|silk|RT|bis|0|5mm|back,
SC5711,Stretcher_Sergei_silk_RT_bis_1_5mm,Stretcher|Sergei|silk|RT|bis|1|5mm,
SC5711,Stretcher_Sergei_silk_RT_bis_1_5mm_forth,Stretcher|Sergei|silk|RT|bis|1|5mm|forth,
SC5711,Stretcher_Sergei_silk_RT_bis_2_0mm,Stretcher|Sergei|silk|RT|bis|2|0mm,
SC5711,Stretcher_Sergei_silk_RT_secondsample_0mm,Stretcher|Sergei|silk|RT|secondsample|0mm,
SC5711,Stretcher_Sergei_silk_RT_secondsample_0_25mm,Stretcher|Sergei|silk|RT|secondsample|0|25mm,
SC5711,Stretcher_Sergei_silk_RT_secondsample_0_5mm,Stretcher|Sergei|silk|RT|secondsample|0|5mm,
SC5711,Stretcher_Sergei_silk_RT_secondsample_0_75mm,Stretcher|Sergei|silk|RT|secondsample|0|75mm,
SC5711,Stretcher_Sergei_silk_RT_secondsample_1_0mm,Stretcher|Sergei|silk|RT|secondsample|1|0mm,
SC5711,Semion_red_NR1_heating,Semion|red|NR1|heating,\\Synology\Data\2025\SC5711\Semion_red\Semion_red_NR1_heating\WAXS\Semion_red_NR1_heating_WAXS_0000.edf
SC5711,Semion_red_NR2_5_heating,Semion|red|NR2|5|heating,\\Synology\Data\2025\SC5711\Semion_red\Semion_red_NR2_5_heating\WAXS\Semion_red_NR2_5_heating_WAXS_0000.edf
SC5711,Semion_red_NR5_heating,Semion|red|NR5|heating,\\Synology\Data\2025\SC5711\Semion_red\Semion_red_NR5_heating\WAXS\Semion_red_NR5_heating_WAXS_0000.edf
SC5711,Semion_red_Poloxamer_heating,Semion|red|Poloxamer|heating,\\Synology\Data\2025\SC5711\Semion_red\Semion_red_Poloxamer_heating\WAXS\Semion_red_Poloxamer_heating_WAXS_0000.edf
SC5711,Semion_red_RB1_heating,Semion|red|RB1|heating,\\Synology\Data\2025\SC5711\Semion_red\Semion_red_RB1_heating\WAXS\Semion_red_RB1_heating_WAXS_0000.edf
SC5711,Semion_red_RB2_5_heating,Semion|red|RB2|5|heating,\\Synology\Data\2025\SC5711\Semion_red\Semion_red_RB2_5_heating\WAXS\Semion_red_RB2_5_heating_WAXS_0000.edf
SC5711,Semion_red_RB5_heating,Semion|red|RB5|heating,\\Synology\Data\2025\SC5711\Semion_red\Semion_red_RB5_heating\WAXS\Semion_red_RB5_heating_WAXS_0000.edf
SC5711,POX_POX_propyl_10perc_RT,POX|POX|propyl|10perc|RT,\\Synology\Data\2025\SC5711\POX\POX_POX_propyl_10perc_RT\WAXS\POX_POX_propyl_10perc_RT_WAXS_0000.edf
SC5711,POX_POX_propyl_20perc_RT,POX|POX|propyl|20perc|RT,\\Synology\Data\2025\SC5711\POX\POX_POX_propyl_20perc_RT\WAXS\POX_POX_propyl_20perc_RT_WAXS_0000.edf
SC5711,POX_POX_propyl_5perc_RT,POX|POX|propyl|5perc|RT,\\Synology\Data\2025\SC5711\POX\POX_POX_propyl_5perc_RT\WAXS\POX_POX_propyl_5perc_RT_WAXS_0000.edf
SC5711,polyethylene_PE_050_Q,polyethylene|PE|050|Q,\\Synology\Data\2025\SC5711\polyethylene\polyethylene_PE_050_Q\WAXS\polyethylene_PE_050_Q_WAXS_0000.edf
SC5711,polyethylene_UHMWPE,polyethylene|UHMWPE,\\Synology\Data\2025\SC5711\polyethylene\polyethylene_UHMWPE\WAXS\polyethylene_UHMWPE_WAXS_0000.edf
SC5711,PODFO_5m_camera_PODFO_amorph_lamda4_2p5Kmin,PODFO|5m|camera|PODFO|amorph|lamda4|2p5Kmin,\\Synology\Data\2025\SC5711\PODFO_5m_camera\PODFO_5m_camera_PODFO_amorph_lamda4_2p5Kmin\WAXS\PODFO_5m_camera_PODFO_amorph_lamda4_2p5Kmin_WAXS_0000.edf
SC5711,PODFO_AgBe_2DWAXS_RecenteredBeam,PODFO|AgBe|2DWAXS|RecenteredBeam,
SC5711,PODFO_LAB6_2DWAXS_RecenteredBeam,PODFO|LAB6|2DWAXS|RecenteredBeam,
SC5711,PODFO_PODFO_amorph_Lam1_210_360C_Beam_5Kmin,PODFO|PODFO|amorph|Lam1|210|360C|Beam|5Kmin,
SC5711,PODFO_PODFO_amorph_Lam4_210_360C_Beam_5Kmin,PODFO|PODFO|amorph|Lam4|210|360C|Beam|5Kmin,
SC5711,PODFO_PODFO_electrospun_200C_360C_10Kmin,PODFO|PODFO|electrospun|200C|360C|10Kmin,
SC5711,PODFO_PODFO_electrospun_200C_BeamRecentered,PODFO|PODFO|electrospun|200C|BeamRecentered,
SC5711,PODFO_PODFO_electrospun_250C_BeamRecentered_bis,PODFO|PODFO|electrospun|250C|BeamRecentered|bis,
SC5711,PODFO_PODFO_electrospun_250_360C_Beam_2p5Kmin_bis,PODFO|PODFO|electrospun|250|360C|Beam|2p5Kmin|bis,
SC5711,PODFO_PODFO_electrospun_RT,PODFO|PODFO|electrospun|RT,
SC5711,PODFO_PODFO_electrospun_RT_BeamRecentered,PODFO|PODFO|electrospun|RT|BeamRecentered,
SC5711,PODFO_PODFO_electrospun_RT_BeamRecentered_bis,PODFO|PODFO|electrospun|RT|BeamRecentered|bis,
SC5711,PHydroxyAlkanoates_PZGB_ZGB_50percmol,PHydroxyAlkanoates|PZGB|ZGB|50percmol,\\Synology\Data\2025\SC5711\PHydroxyAlkanoates\PHydroxyAlkanoates_PZGB_ZGB_50percmol\WAXS\PHydroxyAlkanoates_PZGB_ZGB_50percmol_WAXS_0000.edf
SC5711,PHydroxyAlkanoates_PZHB_ZHV_12percmol_heat200C,PHydroxyAlkanoates|PZHB|ZHV|12percmol|heat200C,\\Synology\Data\2025\SC5711\PHydroxyAlkanoates\PHydroxyAlkanoates_PZHB_ZHV_12percmol_heat200C\WAXS\PHydroxyAlkanoates_PZHB_ZHV_12percmol_heat200C_WAXS_0000.edf
SC5711,PHydroxyAlkanoates_PZHB_ZHV_26percmol,PHydroxyAlkanoates|PZHB|ZHV|26percmol,\\Synology\Data\2025\SC5711\PHydroxyAlkanoates\PHydroxyAlkanoates_PZHB_ZHV_26percmol\WAXS\PHydroxyAlkanoates_PZHB_ZHV_26percmol_WAXS_0000.edf
SC5711,PHydroxyAlkanoates_PZHB_ZHV_26percmol_heat150_200C,PHydroxyAlkanoates|PZHB|ZHV|26percmol|heat150|200C,\\Synology\Data\2025\SC5711\PHydroxyAlkanoates\PHydroxyAlkanoates_PZHB_ZHV_26percmol_heat150_200C\WAXS\PHydroxyAlkanoates_PZHB_ZHV_26percmol_heat150_200C_WAXS_0000.edf
SC5711,PHydroxyAlkanoates_PZHB_ZHV_26percmol_heat200C_bis,PHydroxyAlkanoates|PZHB|ZHV|26percmol|heat200C|bis,\\Synology\Data\2025\SC5711\PHydroxyAlkanoates\PHydroxyAlkanoates_PZHB_ZHV_26percmol_heat200C_bis\WAXS\PHydroxyAlkanoates_PZHB_ZHV_26percmol_heat200C_bis_WAXS_0000.edf
SC5711,PE_Nikos_dummy,PE|Nikos|dummy,\\Synology\Data\2025\SC5711\PE_Nikos\PE_Nikos_dummy\WAXS\PE_Nikos_dummy_WAXS_0000.edf
SC5711,PE_Nikos_NA_5k,PE|Nikos|NA|5k,\\Synology\Data\2025\SC5711\PE_Nikos\PE_Nikos_NA_5k\WAXS\PE_Nikos_NA_5k_WAXS_0000.edf
SC5711,PE_Nikos_NG_101,PE|Nikos|NG|101,\\Synology\Data\2025\SC5711\PE_Nikos\PE_Nikos_NG_101\WAXS\PE_Nikos_NG_101_WAXS_0000.edf
SC5711,PE_Nikos_NG_102,PE|Nikos|NG|102,\\Synology\Data\2025\SC5711\PE_Nikos\PE_Nikos_NG_102\WAXS\PE_Nikos_NG_102_WAXS_0000.edf
SC5711,PE_Nikos_NG_73,PE|Nikos|NG|73,\\Synology\Data\2025\SC5711\PE_Nikos\PE_Nikos_NG_73\WAXS\PE_Nikos_NG_73_WAXS_0000.edf
SC5711,PE_Nikos_NG_82B,PE|Nikos|NG|82B,\\Synology\Data\2025\SC5711\PE_Nikos\PE_Nikos_NG_82B\WAXS\PE_Nikos_NG_82B_WAXS_0000.edf
SC5711,PE_Nikos_NG_87,PE|Nikos|NG|87,\\Synology\Data\2025\SC5711\PE_Nikos\PE_Nikos_NG_87\WAXS\PE_Nikos_NG_87_WAXS_0000.edf
SC5711,PE_Nikos_NG_96,PE|Nikos|NG|96,\\Synology\Data\2025\SC5711\PE_Nikos\PE_Nikos_NG_96\WAXS\PE_Nikos_NG_96_WAXS_0000.edf
SC5711,PE_Nikos_NG_97,PE|Nikos|NG|97,\\Synology\Data\2025\SC5711\PE_Nikos\PE_Nikos_NG_97\WAXS\PE_Nikos_NG_97_WAXS_0000.edf
SC5711,PE_Nikos_NG_97_Bstmoved,PE|Nikos|NG|97|Bstmoved,\\Synology\Data\2025\SC5711\PE_Nikos\PE_Nikos_NG_97_Bstmoved\WAXS\PE_Nikos_NG_97_Bstmoved_WAXS_0000.edf
SC5711,PE_dispersion_NG86,PE|dispersion|NG86,\\Synology\Data\2025\SC5711\PE_dispersion\PE_dispersion_NG86\WAXS\PE_dispersion_NG86_WAXS_0000.edf
SC5711,PEKK_Linkam_without_cover_EmptyCell,PEKK|Linkam|without|cover|EmptyCell,\\Synology\Data\2025\SC5711\PEKK\PEKK_Linkam_without_cover_EmptyCell\WAXS\PEKK_Linkam_without_cover_EmptyCell_WAXS_0000.edf
SC5711,PEKK_Linkam_with_cover_EmpteCell,PEKK|Linkam|with|cover|EmpteCell,\\Synology\Data\2025\SC5711\PEKK\PEKK_Linkam_with_cover_EmpteCell\WAXS\PEKK_Linkam_with_cover_EmpteCell_WAXS_0000.edf
SC5711,PEKK_PEKK_60_40_cool350_150C_10Kpmin,PEKK|PEKK|60|40|cool350|150C|10Kpmin,\\Synology\Data\2025\SC5711\PEKK\PEKK_PEKK_60_40_cool350_150C_10Kpmin\WAXS\PEKK_PEKK_60_40_cool350_150C_10Kpmin_WAXS_0000.edf
SC5711,PEKK_PEKK_60_40_cool350_150C_10Kpmin_bis,PEKK|PEKK|60|40|cool350|150C|10Kpmin|bis,\\Synology\Data\2025\SC5711\PEKK\PEKK_PEKK_60_40_cool350_150C_10Kpmin_bis\WAXS\PEKK_PEKK_60_40_cool350_150C_10Kpmin_bis_WAXS_0000.edf
SC5711,PEKK_PEKK_60_40_heat350_20C_10Kpmin,PEKK|PEKK|60|40|heat350|20C|10Kpmin,\\Synology\Data\2025\SC5711\PEKK\PEKK_PEKK_60_40_heat350_20C_10Kpmin\WAXS\PEKK_PEKK_60_40_heat350_20C_10Kpmin_WAXS_0000.edf
SC5711,PEKK_PEKK_70_30,PEKK|PEKK|70|30,\\Synology\Data\2025\SC5711\PEKK\PEKK_PEKK_70_30\WAXS\PEKK_PEKK_70_30_WAXS_0000.edf
SC5711,PEKK_PEKK_70_30_cool350_20C_10Kpmin,PEKK|PEKK|70|30|cool350|20C|10Kpmin,\\Synology\Data\2025\SC5711\PEKK\PEKK_PEKK_70_30_cool350_20C_10Kpmin\WAXS\PEKK_PEKK_70_30_cool350_20C_10Kpmin_WAXS_0000.edf
SC5711,PEG_PNIPAM_lastsynthesis_PEG_PNIPAM_576_12_90C,PEG|PNIPAM|lastsynthesis|PEG|PNIPAM|576|12|90C,\\Synology\Data\2025\SC5711\PEG_PNIPAM_lastsynthesis\PEG_PNIPAM_lastsynthesis_PEG_PNIPAM_576_12_90C\WAXS\PEG_PNIPAM_lastsynthesis_PEG_PNIPAM_576_12_90C_WAXS_0000.edf
SC5711,PEG_PNIPAM_lastsynthesis_PEG_PNIPAM_576_12_RT,PEG|PNIPAM|lastsynthesis|PEG|PNIPAM|576|12|RT,\\Synology\Data\2025\SC5711\PEG_PNIPAM_lastsynthesis\PEG_PNIPAM_lastsynthesis_PEG_PNIPAM_576_12_RT\WAXS\PEG_PNIPAM_lastsynthesis_PEG_PNIPAM_576_12_RT_WAXS_0000.edf
SC5711,PEG_PNIPAM_lastsynthesis_PEG_PNIPAM_576_6,PEG|PNIPAM|lastsynthesis|PEG|PNIPAM|576|6,\\Synology\Data\2025\SC5711\PEG_PNIPAM_lastsynthesis\PEG_PNIPAM_lastsynthesis_PEG_PNIPAM_576_6\WAXS\PEG_PNIPAM_lastsynthesis_PEG_PNIPAM_576_6_WAXS_0000.edf
SC5711,PEG_PNIPAM_lastsynthesis_PEG_PNIPAM_576_6_90C,PEG|PNIPAM|lastsynthesis|PEG|PNIPAM|576|6|90C,\\Synology\Data\2025\SC5711\PEG_PNIPAM_lastsynthesis\PEG_PNIPAM_lastsynthesis_PEG_PNIPAM_576_6_90C\WAXS\PEG_PNIPAM_lastsynthesis_PEG_PNIPAM_576_6_90C_WAXS_0000.edf
SC5711,PCL_homopolymers_Butyn_PCL100,PCL|homopolymers|Butyn|PCL100,\\Synology\Data\2025\SC5711\PCL_homopolymers\PCL_homopolymers_Butyn_PCL100\WAXS\PCL_homopolymers_Butyn_PCL100_WAXS_0000.edf
SC5711,PCL_homopolymers_dummy,PCL|homopolymers|dummy,\\Synology\Data\2025\SC5711\PCL_homopolymers\PCL_homopolymers_dummy\WAXS\PCL_homopolymers_dummy_WAXS_0000.edf
SC5711,PCL_homopolymers_PCL20,PCL|homopolymers|PCL20,\\Synology\Data\2025\SC5711\PCL_homopolymers\PCL_homopolymers_PCL20\WAXS\PCL_homopolymers_PCL20_WAXS_0000.edf
SC5711,Linkam_2DWAXS_smallBst_Alina_75perc_PVP_plusW_cool120C,Linkam|2DWAXS|smallBst|Alina|75perc|PVP|plusW|cool120C,
SC5711,Linkam_2DWAXS_smallBst_Alina_75perc_PVP_plusW_heat120C,Linkam|2DWAXS|smallBst|Alina|75perc|PVP|plusW|heat120C,
SC5711,Linkam_2DWAXS_smallBst_Alina_PVP_18_1_cool_m50C,Linkam|2DWAXS|smallBst|Alina|PVP|18|1|cool|m50C,
SC5711,Linkam_2DWAXS_smallBst_Alina_PVP_18_1_heat120C,Linkam|2DWAXS|smallBst|Alina|PVP|18|1|heat120C,
SC5711,Linkam_2DWAXS_smallBst_Alina_PVP_3_1_cool25C,Linkam|2DWAXS|smallBst|Alina|PVP|3|1|cool25C,
SC5711,Linkam_2DWAXS_smallBst_Alina_PVP_3_1_heat120C,Linkam|2DWAXS|smallBst|Alina|PVP|3|1|heat120C,
SC5711,Linkam_2DWAXS_smallBst_Alina_PVP_9_1_cool25C,Linkam|2DWAXS|smallBst|Alina|PVP|9|1|cool25C,
SC5711,Linkam_2DWAXS_smallBst_Alina_PVP_9_1_heat120C,Linkam|2DWAXS|smallBst|Alina|PVP|9|1|heat120C,
SC5711,Linkam_2DWAXS_smallBst_Alina_sPVP_18_1_coolm50C,Linkam|2DWAXS|smallBst|Alina|sPVP|18|1|coolm50C,
SC5711,Linkam_2DWAXS_smallBst_Alina_sPVP_18_1_heat120C,Linkam|2DWAXS|smallBst|Alina|sPVP|18|1|heat120C,
SC5711,Linkam_2DWAXS_smallBst_Alina_sPVP_1_1_coolm50C,Linkam|2DWAXS|smallBst|Alina|sPVP|1|1|coolm50C,
SC5711,Linkam_2DWAXS_smallBst_Alina_sPVP_1_1_heat120C,Linkam|2DWAXS|smallBst|Alina|sPVP|1|1|heat120C,
SC5711,Linkam_2DWAXS_smallBst_Alina_sPVP_3_1_cool25C,Linkam|2DWAXS|smallBst|Alina|sPVP|3|1|cool25C,
SC5711,Linkam_2DWAXS_smallBst_Alina_sPVP_3_1_heat120C,Linkam|2DWAXS|smallBst|Alina|sPVP|3|1|heat120C,
SC5711,Linkam_2DWAXS_smallBst_Alina_sPVP_9_1_cool25C,Linkam|2DWAXS|smallBst|Alina|sPVP|9|1|cool25C,
SC5711,Linkam_2DWAXS_smallBst_Alina_sPVP_9_1_heat120C,Linkam|2DWAXS|smallBst|Alina|sPVP|9|1|heat120C,
SC5711,Linkam_2DWAXS_smallBst_Alina_TDOBSN_11_cool_1_m50C,Linkam|2DWAXS|smallBst|Alina|TDOBSN|11|cool|1|m50C,
SC5711,Linkam_2DWAXS_smallBst_Alina_TDOBSN_11_heat_1_120C,Linkam|2DWAXS|smallBst|Alina|TDOBSN|11|heat|1|120C,
SC5711,Linkam_2DWAXS_smallBst_Alina_TDOBSN_11_heat_2_120C,Linkam|2DWAXS|smallBst|Alina|TDOBSN|11|heat|2|120C,
SC5711,Linkam_2DWAXS_smallBst_Alina_vial_sVP_12_1_RT,Linkam|2DWAXS|smallBst|Alina|vial|sVP|12|1|RT,
SC5711,Linkam_2DWAXS_smallBst_Alina_vial_sVP_18_1_RT,Linkam|2DWAXS|smallBst|Alina|vial|sVP|18|1|RT,
SC5711,Linkam_2DWAXS_smallBst_Alina_vial_sVP_1_1_RT,Linkam|2DWAXS|smallBst|Alina|vial|sVP|1|1|RT,
SC5711,Linkam_2DWAXS_smallBst_Alina_vial_sVP_3_1_RT,Linkam|2DWAXS|smallBst|Alina|vial|sVP|3|1|RT,
SC5711,Linkam_2DWAXS_smallBst_Alina_vial_sVP_9_1_RT,Linkam|2DWAXS|smallBst|Alina|vial|sVP|9|1|RT,
SC5711,Linkam_2DWAXS_smallBst_Alina_vial_VP_14perc_RT,Linkam|2DWAXS|smallBst|Alina|vial|VP|14perc|RT,
SC5711,Linkam_2DWAXS_smallBst_Alina_vial_VP_20perc_RT,Linkam|2DWAXS|smallBst|Alina|vial|VP|20perc|RT,
SC5711,Linkam_2DWAXS_smallBst_Alina_vial_VP_25perc_RT,Linkam|2DWAXS|smallBst|Alina|vial|VP|25perc|RT,
SC5711,Linkam_2DWAXS_smallBst_Alina_vial_VP_50perc_RT,Linkam|2DWAXS|smallBst|Alina|vial|VP|50perc|RT,
SC5711,Linkam_2DWAXS_smallBst_Empty_Linkam_2DWAXS_SmallBST,Linkam|2DWAXS|smallBst|Empty|Linkam|2DWAXS|SmallBST,
SC5711,Linkam_2DWAXS_smallBst_Kapton_2DWAXS_SmallBST,Linkam|2DWAXS|smallBst|Kapton|2DWAXS|SmallBST,
SC5711,Linkam_2DWAXS_smallBst_LAB6_SmallBST,Linkam|2DWAXS|smallBst|LAB6|SmallBST,
SC5711,Linkam_2DWAXS_Alina_PVP_1_1_cool25C_bis,Linkam|2DWAXS|Alina|PVP|1|1|cool25C|bis,
SC5711,Linkam_2DWAXS_Alina_PVP_1_1_heat120C,Linkam|2DWAXS|Alina|PVP|1|1|heat120C,
SC5711,Linkam_2DWAXS_Alina_PVP_1_1_heat120C_bis,Linkam|2DWAXS|Alina|PVP|1|1|heat120C|bis,
SC5711,Linkam_2DWAXS_di26_cool200C_bis,Linkam|2DWAXS|di26|cool200C|bis,
SC5711,Linkam_2DWAXS_di26_heat200C,Linkam|2DWAXS|di26|heat200C,
SC5711,Linkam_2DWAXS_di26_heat200C_bis,Linkam|2DWAXS|di26|heat200C|bis,
SC5711,Linkam_2DWAXS_di45_heat200C,Linkam|2DWAXS|di45|heat200C,
SC5711,Linkam_2DWAXS_ik_1451_cool25C,Linkam|2DWAXS|ik|1451|cool25C,
SC5711,Linkam_2DWAXS_ik_1451_heat200C,Linkam|2DWAXS|ik|1451|heat200C,
SC5711,Linkam_2DWAXS_ik_1534_cool25C,Linkam|2DWAXS|ik|1534|cool25C,
SC5711,Linkam_2DWAXS_ik_1534_heat200C,Linkam|2DWAXS|ik|1534|heat200C,
SC5711,Linkam_2DWAXS_kapton_film,Linkam|2DWAXS|kapton|film,
SC5711,Linkam_2DWAXS_LAB6_linkam_2DWAXS,Linkam|2DWAXS|LAB6|linkam|2DWAXS,
SC5711,LaB6_SAXS_5m_13keV,LaB6|SAXS|5m|13keV,\\Synology\Data\2025\SC5711\LaB6\LaB6_SAXS_5m_13keV\WAXS\LaB6_SAXS_5m_13keV_WAXS_0000.edf
SC5711,GIWAXS_LaB6,GIWAXS|LaB6,
SC5711,GIWAXS_LaB6_Linkam,GIWAXS|LaB6|Linkam,
SC5711,GIWAXS_P12_100,GIWAXS|P12|100,
SC5711,GIWAXS_P12_125,GIWAXS|P12|125,
SC5711,GIWAXS_P12_150,GIWAXS|P12|150,
SC5711,GIWAXS_P12_175,GIWAXS|P12|175,
SC5711,GIWAXS_P12_200,GIWAXS|P12|200,
SC5711,GIWAXS_P12_225,GIWAXS|P12|225,
SC5711,GIWAXS_P12_250,GIWAXS|P12|250,
SC5711,GIWAXS_P12_275,GIWAXS|P12|275,
SC5711,GIWAXS_P12_300,GIWAXS|P12|300,
SC5711,GIWAXS_P12_50,GIWAXS|P12|50,
SC5711,GIWAXS_P12_RT,GIWAXS|P12|RT,
SC5711,GIWAXS_P1_100,GIWAXS|P1|100,
SC5711,GIWAXS_P1_125,GIWAXS|P1|125,
SC5711,GIWAXS_P1_150,GIWAXS|P1|150,
SC5711,GIWAXS_P1_175,GIWAXS|P1|175,
SC5711,GIWAXS_P1_200,GIWAXS|P1|200,
SC5711,GIWAXS_P1_225,GIWAXS|P1|225,
SC5711,GIWAXS_P1_250,GIWAXS|P1|250,
SC5711,GIWAXS_P1_275,GIWAXS|P1|275,
SC5711,GIWAXS_P1_300,GIWAXS|P1|300,
SC5711,GIWAXS_P1_325,GIWAXS|P1|325,
SC5711,GIWAXS_P1_50,GIWAXS|P1|50,
SC5711,GIWAXS_P1_RT,GIWAXS|P1|RT,
SC5711,GIWAXS_P3_100,GIWAXS|P3|100,
SC5711,GIWAXS_P3_125,GIWAXS|P3|125,
SC5711,GIWAXS_P3_150,GIWAXS|P3|150,
SC5711,GIWAXS_P3_175,GIWAXS|P3|175,
SC5711,GIWAXS_P3_200,GIWAXS|P3|200,
SC5711,GIWAXS_P3_225,GIWAXS|P3|225,
SC5711,GIWAXS_P3_250,GIWAXS|P3|250,
SC5711,GIWAXS_P3_275,GIWAXS|P3|275,
SC5711,GIWAXS_P3_300,GIWAXS|P3|300,
SC5711,GIWAXS_P3_325,GIWAXS|P3|325,
SC5711,GIWAXS_P3_350,GIWAXS|P3|350,
SC5711,GIWAXS_P3_50,GIWAXS|P3|50,
SC5711,GIWAXS_P3_RT,GIWAXS|P3|RT,
SC5711,GIWAXS_P4_100,GIWAXS|P4|100,
SC5711,GIWAXS_P4_125,GIWAXS|P4|125,
SC5711,GIWAXS_P4_150,GIWAXS|P4|150,
SC5711,GIWAXS_P4_175,GIWAXS|P4|175,
SC5711,GIWAXS_P4_50,GIWAXS|P4|50,
SC5711,GIWAXS_P4_RT,GIWAXS|P4|RT,
SC5711,GIWAXS_P4_RT_AFTER_HEATING,GIWAXS|P4|RT|AFTER|HEATING,
SC5711,GIWAXS_P5_100,GIWAXS|P5|100,
SC5711,GIWAXS_P5_125,GIWAXS|P5|125,
SC5711,GIWAXS_P5_150,GIWAXS|P5|150,
SC5711,GIWAXS_P5_175,GIWAXS|P5|175,
SC5711,GIWAXS_P5_200,GIWAXS|P5|200,
SC5711,GIWAXS_P5_225,GIWAXS|P5|225,
SC5711,GIWAXS_P5_250,GIWAXS|P5|250,
SC5711,GIWAXS_P5_275,GIWAXS|P5|275,
SC5711,GIWAXS_P5_300,GIWAXS|P5|300,
SC5711,GIWAXS_P5_50,GIWAXS|P5|50,
SC5711,GIWAXS_P5_RT,GIWAXS|P5|RT,
SC5711,GIWAXS_P8C_100,GIWAXS|P8C|100,
SC5711,GIWAXS_P8C_125,GIWAXS|P8C|125,
SC5711,GIWAXS_P8C_150,GIWAXS|P8C|150,
SC5711,GIWAXS_P8C_175,GIWAXS|P8C|175,
SC5711,GIWAXS_P8C_200,GIWAXS|P8C|200,
SC5711,GIWAXS_P8C_225,GIWAXS|P8C|225,
SC5711,GIWAXS_P8C_50,GIWAXS|P8C|50,
SC5711,GIWAXS_P8C_RT,GIWAXS|P8C|RT,
SC5711,GIWAXS_P9_100,GIWAXS|P9|100,
SC5711,GIWAXS_P9_125,GIWAXS|P9|125,
SC5711,GIWAXS_P9_150,GIWAXS|P9|150,
SC5711,GIWAXS_P9_175,GIWAXS|P9|175,
SC5711,GIWAXS_P9_200,GIWAXS|P9|200,
SC5711,GIWAXS_P9_225,GIWAXS|P9|225,
SC5711,GIWAXS_P9_250,GIWAXS|P9|250,
SC5711,GIWAXS_P9_275,GIWAXS|P9|275,
SC5711,GIWAXS_P9_300,GIWAXS|P9|300,
SC5711,GIWAXS_P9_50,GIWAXS|P9|50,
SC5711,GIWAXS_P9_75,GIWAXS|P9|75,
SC5711,GIWAXS_P9_RT,GIWAXS|P9|RT,
SC5711,diblock_copolymers_PEG_PDLA_100,diblock|copolymers|PEG|PDLA|100,\\Synology\Data\2025\SC5711\diblock_copolymers\diblock_copolymers_PEG_PDLA_100\WAXS\diblock_copolymers_PEG_PDLA_100_WAXS_0000.edf
SC5711,diblock_copolymers_PEG_PDLA_200,diblock|copolymers|PEG|PDLA|200,\\Synology\Data\2025\SC5711\diblock_copolymers\diblock_copolymers_PEG_PDLA_200\WAXS\diblock_copolymers_PEG_PDLA_200_WAXS_0000.edf
SC5711,diblock_copolymers_PEG_PDLA_200_105C,diblock|copolymers|PEG|PDLA|200|105C,\\Synology\Data\2025\SC5711\diblock_copolymers\diblock_copolymers_PEG_PDLA_200_105C\WAXS\diblock_copolymers_PEG_PDLA_200_105C_WAXS_0000.edf
SC5711,diblock_copolymers_PEG_PDLA_200_133C,diblock|copolymers|PEG|PDLA|200|133C,\\Synology\Data\2025\SC5711\diblock_copolymers\diblock_copolymers_PEG_PDLA_200_133C\WAXS\diblock_copolymers_PEG_PDLA_200_133C_WAXS_0000.edf
SC5711,diblock_copolymers_PEG_PDLA_200_90C,diblock|copolymers|PEG|PDLA|200|90C,\\Synology\Data\2025\SC5711\diblock_copolymers\diblock_copolymers_PEG_PDLA_200_90C\WAXS\diblock_copolymers_PEG_PDLA_200_90C_WAXS_0000.edf
SC5711,Degradation_PCL_10_14days_90C,Degradation|PCL|10|14days|90C,\\Synology\Data\2025\SC5711\Degradation\Degradation_PCL_10_14days_90C\WAXS\Degradation_PCL_10_14days_90C_WAXS_0000.edf
SC5711,Degradation_PCL_10_14days_RT,Degradation|PCL|10|14days|RT,\\Synology\Data\2025\SC5711\Degradation\Degradation_PCL_10_14days_RT\WAXS\Degradation_PCL_10_14days_RT_WAXS_0000.edf
SC5711,Degradation_PCL_10_14D_RT,Degradation|PCL|10|14D|RT,
SC5711,Degradation_PCL_10_3days_90C,Degradation|PCL|10|3days|90C,\\Synology\Data\2025\SC5711\Degradation\Degradation_PCL_10_3days_90C\WAXS\Degradation_PCL_10_3days_90C_WAXS_0000.edf
SC5711,Degradation_PCL_10_3days_RT,Degradation|PCL|10|3days|RT,\\Synology\Data\2025\SC5711\Degradation\Degradation_PCL_10_3days_RT\WAXS\Degradation_PCL_10_3days_RT_WAXS_0000.edf
SC5711,Degradation_PCL_10_3d_RT,Degradation|PCL|10|3d|RT,\\Synology\Data\2025\SC5711\Degradation\Degradation_PCL_10_3d_RT\WAXS\Degradation_PCL_10_3d_RT_WAXS_0000.edf
SC5711,Degradation_PCL_10_6days_0C_aftermelt,Degradation|PCL|10|6days|0C|aftermelt,\\Synology\Data\2025\SC5711\Degradation\Degradation_PCL_10_6days_0C_aftermelt\WAXS\Degradation_PCL_10_6days_0C_aftermelt_WAXS_0000.edf
SC5711,Degradation_PCL_10_6days_0C_aftermelt_90C,Degradation|PCL|10|6days|0C|aftermelt|90C,\\Synology\Data\2025\SC5711\Degradation\Degradation_PCL_10_6days_0C_aftermelt_90C\WAXS\Degradation_PCL_10_6days_0C_aftermelt_90C_WAXS_0000.edf
SC5711,Degradation_PCL_10_6days_90C,Degradation|PCL|10|6days|90C,\\Synology\Data\2025\SC5711\Degradation\Degradation_PCL_10_6days_90C\WAXS\Degradation_PCL_10_6days_90C_WAXS_0000.edf
SC5711,Degradation_PCL_10_6d_RT,Degradation|PCL|10|6d|RT,\\Synology\Data\2025\SC5711\Degradation\Degradation_PCL_10_6d_RT\WAXS\Degradation_PCL_10_6d_RT_WAXS_0000.edf
SC5711,Degradation_PCL_15perc_14days_90C,Degradation|PCL|15perc|14days|90C,\\Synology\Data\2025\SC5711\Degradation\Degradation_PCL_15perc_14days_90C\WAXS\Degradation_PCL_15perc_14days_90C_WAXS_0000.edf
SC5711,Degradation_PCL_15perc_14days_RT,Degradation|PCL|15perc|14days|RT,\\Synology\Data\2025\SC5711\Degradation\Degradation_PCL_15perc_14days_RT\WAXS\Degradation_PCL_15perc_14days_RT_WAXS_0000.edf
SC5711,Degradation_PCL_15perc_3days_90C,Degradation|PCL|15perc|3days|90C,\\Synology\Data\2025\SC5711\Degradation\Degradation_PCL_15perc_3days_90C\WAXS\Degradation_PCL_15perc_3days_90C_WAXS_0000.edf
SC5711,Degradation_PCL_15perc_3days_RT,Degradation|PCL|15perc|3days|RT,\\Synology\Data\2025\SC5711\Degradation\Degradation_PCL_15perc_3days_RT\WAXS\Degradation_PCL_15perc_3days_RT_WAXS_0000.edf
SC5711,Degradation_PCL_15perc_6days_90C,Degradation|PCL|15perc|6days|90C,\\Synology\Data\2025\SC5711\Degradation\Degradation_PCL_15perc_6days_90C\WAXS\Degradation_PCL_15perc_6days_90C_WAXS_0000.edf
SC5711,Degradation_PCL_15perc_6days_RT,Degradation|PCL|15perc|6days|RT,\\Synology\Data\2025\SC5711\Degradation\Degradation_PCL_15perc_6days_RT\WAXS\Degradation_PCL_15perc_6days_RT_WAXS_0000.edf
SC5711,Degradation_PCL_20perc_14days_90C,Degradation|PCL|20perc|14days|90C,\\Synology\Data\2025\SC5711\Degradation\Degradation_PCL_20perc_14days_90C\WAXS\Degradation_PCL_20perc_14days_90C_WAXS_0000.edf
SC5711,Degradation_PCL_20perc_14days_RT,Degradation|PCL|20perc|14days|RT,\\Synology\Data\2025\SC5711\Degradation\Degradation_PCL_20perc_14days_RT\WAXS\Degradation_PCL_20perc_14days_RT_WAXS_0000.edf
SC5711,Degradation_PCL_20perc_3days_90C,Degradation|PCL|20perc|3days|90C,\\Synology\Data\2025\SC5711\Degradation\Degradation_PCL_20perc_3days_90C\WAXS\Degradation_PCL_20perc_3days_90C_WAXS_0000.edf
SC5711,Degradation_PCL_20perc_3days_RT,Degradation|PCL|20perc|3days|RT,\\Synology\Data\2025\SC5711\Degradation\Degradation_PCL_20perc_3days_RT\WAXS\Degradation_PCL_20perc_3days_RT_WAXS_0000.edf
SC5711,Degradation_PCL_20perc_6days_90C,Degradation|PCL|20perc|6days|90C,\\Synology\Data\2025\SC5711\Degradation\Degradation_PCL_20perc_6days_90C\WAXS\Degradation_PCL_20perc_6days_90C_WAXS_0000.edf
SC5711,Degradation_PCL_20perc_6days_RT,Degradation|PCL|20perc|6days|RT,\\Synology\Data\2025\SC5711\Degradation\Degradation_PCL_20perc_6days_RT\WAXS\Degradation_PCL_20perc_6days_RT_WAXS_0000.edf
SC5711,Degradation_PCL_5perc_14days_90C,Degradation|PCL|5perc|14days|90C,\\Synology\Data\2025\SC5711\Degradation\Degradation_PCL_5perc_14days_90C\WAXS\Degradation_PCL_5perc_14days_90C_WAXS_0000.edf
SC5711,Degradation_PCL_5perc_14days_RT,Degradation|PCL|5perc|14days|RT,\\Synology\Data\2025\SC5711\Degradation\Degradation_PCL_5perc_14days_RT\WAXS\Degradation_PCL_5perc_14days_RT_WAXS_0000.edf
SC5711,Degradation_PCL_5perc_3days_90C,Degradation|PCL|5perc|3days|90C,\\Synology\Data\2025\SC5711\Degradation\Degradation_PCL_5perc_3days_90C\WAXS\Degradation_PCL_5perc_3days_90C_WAXS_0000.edf
SC5711,Degradation_PCL_5perc_3days_RT,Degradation|PCL|5perc|3days|RT,\\Synology\Data\2025\SC5711\Degradation\Degradation_PCL_5perc_3days_RT\WAXS\Degradation_PCL_5perc_3days_RT_WAXS_0000.edf
SC5711,Degradation_PCL_5perc_6days_90C,Degradation|PCL|5perc|6days|90C,\\Synology\Data\2025\SC5711\Degradation\Degradation_PCL_5perc_6days_90C\WAXS\Degradation_PCL_5perc_6days_90C_WAXS_0000.edf
SC5711,Degradation_PCL_5perc_6days_RT,Degradation|PCL|5perc|6days|RT,\\Synology\Data\2025\SC5711\Degradation\Degradation_PCL_5perc_6days_RT\WAXS\Degradation_PCL_5perc_6days_RT_WAXS_0000.edf
SC5711,Degradation_PCL_M1_14days90C,Degradation|PCL|M1|14days90C,\\Synology\Data\2025\SC5711\Degradation\Degradation_PCL_M1_14days90C\WAXS\Degradation_PCL_M1_14days90C_WAXS_0000.edf
SC5711,Degradation_PCL_M1_14daysRT,Degradation|PCL|M1|14daysRT,\\Synology\Data\2025\SC5711\Degradation\Degradation_PCL_M1_14daysRT\WAXS\Degradation_PCL_M1_14daysRT_WAXS_0000.edf
SC5711,Degradation_PCL_M1_3days90C,Degradation|PCL|M1|3days90C,\\Synology\Data\2025\SC5711\Degradation\Degradation_PCL_M1_3days90C\WAXS\Degradation_PCL_M1_3days90C_WAXS_0000.edf
SC5711,Degradation_PCL_M1_3daysRT,Degradation|PCL|M1|3daysRT,\\Synology\Data\2025\SC5711\Degradation\Degradation_PCL_M1_3daysRT\WAXS\Degradation_PCL_M1_3daysRT_WAXS_0000.edf
SC5711,Degradation_PCL_M1_6days90C,Degradation|PCL|M1|6days90C,\\Synology\Data\2025\SC5711\Degradation\Degradation_PCL_M1_6days90C\WAXS\Degradation_PCL_M1_6days90C_WAXS_0000.edf
SC5711,Degradation_PCL_M1_6daysRT,Degradation|PCL|M1|6daysRT,\\Synology\Data\2025\SC5711\Degradation\Degradation_PCL_M1_6daysRT\WAXS\Degradation_PCL_M1_6daysRT_WAXS_0000.edf
SC5711,Degradation_PCL_M2_14days90C,Degradation|PCL|M2|14days90C,\\Synology\Data\2025\SC5711\Degradation\Degradation_PCL_M2_14days90C\WAXS\Degradation_PCL_M2_14days90C_WAXS_0000.edf
SC5711,Degradation_PCL_M2_14daysRT,Degradation|PCL|M2|14daysRT,\\Synology\Data\2025\SC5711\Degradation\Degradation_PCL_M2_14daysRT\WAXS\Degradation_PCL_M2_14daysRT_WAXS_0000.edf
SC5711,Degradation_PCL_M2_3days90C,Degradation|PCL|M2|3days90C,\\Synology\Data\2025\SC5711\Degradation\Degradation_PCL_M2_3days90C\WAXS\Degradation_PCL_M2_3days90C_WAXS_0000.edf
SC5711,Degradation_PCL_M2_3daysRT,Degradation|PCL|M2|3daysRT,\\Synology\Data\2025\SC5711\Degradation\Degradation_PCL_M2_3daysRT\WAXS\Degradation_PCL_M2_3daysRT_WAXS_0000.edf
SC5711,Degradation_PCL_M2_6days90C,Degradation|PCL|M2|6days90C,\\Synology\Data\2025\SC5711\Degradation\Degradation_PCL_M2_6days90C\WAXS\Degradation_PCL_M2_6days90C_WAXS_0000.edf
SC5711,Degradation_PCL_M2_6daysRT,Degradation|PCL|M2|6daysRT,\\Synology\Data\2025\SC5711\Degradation\Degradation_PCL_M2_6daysRT\WAXS\Degradation_PCL_M2_6daysRT_WAXS_0000.edf
SC5711,Degradation_PCL_M3_14days90C,Degradation|PCL|M3|14days90C,\\Synology\Data\2025\SC5711\Degradation\Degradation_PCL_M3_14days90C\WAXS\Degradation_PCL_M3_14days90C_WAXS_0000.edf
SC5711,Degradation_PCL_M3_14daysRT,Degradation|PCL|M3|14daysRT,\\Synology\Data\2025\SC5711\Degradation\Degradation_PCL_M3_14daysRT\WAXS\Degradation_PCL_M3_14daysRT_WAXS_0000.edf
SC5711,Degradation_PCL_M3_3days90C,Degradation|PCL|M3|3days90C,\\Synology\Data\2025\SC5711\Degradation\Degradation_PCL_M3_3days90C\WAXS\Degradation_PCL_M3_3days90C_WAXS_0000.edf
SC5711,Degradation_PCL_M3_3daysRT,Degradation|PCL|M3|3daysRT,\\Synology\Data\2025\SC5711\Degradation\Degradation_PCL_M3_3daysRT\WAXS\Degradation_PCL_M3_3daysRT_WAXS_0000.edf
SC5711,Degradation_PCL_M3_6days90C,Degradation|PCL|M3|6days90C,\\Synology\Data\2025\SC5711\Degradation\Degradation_PCL_M3_6days90C\WAXS\Degradation_PCL_M3_6days90C_WAXS_0000.edf
SC5711,Degradation_PCL_M3_6daysRT,Degradation|PCL|M3|6daysRT,\\Synology\Data\2025\SC5711\Degradation\Degradation_PCL_M3_6daysRT\WAXS\Degradation_PCL_M3_6daysRT_WAXS_0000.edf
SC5711,Degradation_PCL_M4_14days_real_90C,Degradation|PCL|M4|14days|real|90C,\\Synology\Data\2025\SC5711\Degradation\Degradation_PCL_M4_14days_real_90C\WAXS\Degradation_PCL_M4_14days_real_90C_WAXS_0000.edf
SC5711,Degradation_PCL_M4_14days_real_RT,Degradation|PCL|M4|14days|real|RT,\\Synology\Data\2025\SC5711\Degradation\Degradation_PCL_M4_14days_real_RT\WAXS\Degradation_PCL_M4_14days_real_RT_WAXS_0000.edf
SC5711,Degradation_PCL_M4_3days90C,Degradation|PCL|M4|3days90C,\\Synology\Data\2025\SC5711\Degradation\Degradation_PCL_M4_3days90C\WAXS\Degradation_PCL_M4_14days90C_WAXS_0000.edf
SC5711,Degradation_PCL_M4_3daysRT,Degradation|PCL|M4|3daysRT,\\Synology\Data\2025\SC5711\Degradation\Degradation_PCL_M4_3daysRT\WAXS\Degradation_PCL_M4_14daysRT_WAXS_0000.edf
SC5711,Degradation_PCL_M4_6days_90C,Degradation|PCL|M4|6days|90C,\\Synology\Data\2025\SC5711\Degradation\Degradation_PCL_M4_6days_90C\WAXS\Degradation_PCL_M4_6days_90C_WAXS_0000.edf
SC5711,Degradation_PCL_M4_6days_RT,Degradation|PCL|M4|6days|RT,\\Synology\Data\2025\SC5711\Degradation\Degradation_PCL_M4_6days_RT\WAXS\Degradation_PCL_M4_6days_RT_WAXS_0000.edf
SC5711,Crystals_control,Crystals|control,\\Synology\Data\2025\SC5711\Crystals\Crystals_control\WAXS\Crystals_control_WAXS_0000.edf
SC5711,Crystals_cr11_BA,Crystals|cr11|BA,\\Synology\Data\2025\SC5711\Crystals\Crystals_cr11_BA\WAXS\Crystals_cr11_BA_WAXS_0000.edf
SC5711,Crystals_dsigE,Crystals|dsigE,\\Synology\Data\2025\SC5711\Crystals\Crystals_dsigE\WAXS\Crystals_dsigE_WAXS_0000.edf
SC5711,Crystals_dsigE_fresh,Crystals|dsigE|fresh,\\Synology\Data\2025\SC5711\Crystals\Crystals_dsigE_fresh\WAXS\Crystals_dsigE_fresh_WAXS_0000.edf
SC5711,Crystals_lb_d_sig,Crystals|lb|d|sig,\\Synology\Data\2025\SC5711\Crystals\Crystals_lb_d_sig\WAXS\Crystals_lb_d_sig_WAXS_0000.edf
SC5711,Crystals_lb_liquid,Crystals|lb|liquid,\\Synology\Data\2025\SC5711\Crystals\Crystals_lb_liquid\WAXS\Crystals_lb_liquid_WAXS_0000.edf
SC5711,Crystals_pbt105,Crystals|pbt105,\\Synology\Data\2025\SC5711\Crystals\Crystals_pbt105\WAXS\Crystals_pbt105_WAXS_0000.edf
SC5711,Cordyceps_cordyceps_sinesis_rt,Cordyceps|cordyceps|sinesis|rt,
SC5711,Chiral_EM_Chral_N2_Melt_sheared,Chiral|EM|Chral|N2|Melt|sheared,\\Synology\Data\2025\SC5711\Chiral\Chiral_EM_Chral_N2_Melt_sheared\WAXS\Chiral_EM_Chral_N2_Melt_sheared_WAXS_0000.edf
SC5711,Capillary_Linkam_5m_Empty_Linkam_5m,Capillary|Linkam|5m|Empty|Linkam|5m,\\Synology\Data\2025\SC5711\Capillary_Linkam_5m\Capillary_Linkam_5m_Empty_Linkam_5m\WAXS\Capillary_Linkam_5m_Empty_Linkam_5m_WAXS_0000.edf
SC5711,BTBT_P100_C8_heat250C_10Kmin,BTBT|P100|C8|heat250C|10Kmin,\\Synology\Data\2025\SC5711\BTBT\BTBT_P100_C8_heat250C_10Kmin\WAXS\BTBT_P100_C8_heat250C_10Kmin_WAXS_0000.edf
SC5711,BTBT_P50_2_BTBT_2_1_Blend_heat200C_10Kmin,BTBT|P50|2|BTBT|2|1|Blend|heat200C|10Kmin,\\Synology\Data\2025\SC5711\BTBT\BTBT_P50_2_BTBT_2_1_Blend_heat200C_10Kmin\WAXS\BTBT_P50_2_BTBT_2_1_Blend_heat200C_10Kmin_WAXS_0000.edf
SC5711,BTBT_P50_3_BTBT_2_1_Blend_heat200C_10Kmin,BTBT|P50|3|BTBT|2|1|Blend|heat200C|10Kmin,\\Synology\Data\2025\SC5711\BTBT\BTBT_P50_3_BTBT_2_1_Blend_heat200C_10Kmin\WAXS\BTBT_P50_3_BTBT_2_1_Blend_heat200C_10Kmin_WAXS_0000.edf
SC5711,Bottlebrush_cont_PCL11_M3_20percPEO_cryst_10C,Bottlebrush|cont|PCL11|M3|20percPEO|cryst|10C,\\Synology\Data\2025\SC5711\Bottlebrush_cont\Bottlebrush_cont_PCL11_M3_20percPEO_cryst_10C\WAXS\Bottlebrush_cont_PCL11_M3_20percPEO_cryst_10C_WAXS_0000.edf
SC5711,Bottlebrushes_AgBh_1_4m,Bottlebrushes|AgBh|1|4m,\\Synology\Data\2025\SC5711\Bottlebrushes\Bottlebrushes_AgBh_1_4m\WAXS\Bottlebrushes_AgBh_1_4m_WAXS_0000.edf
SC5711,Bottlebrushes_Al2O3_calibration,Bottlebrushes|Al2O3|calibration,\\Synology\Data\2025\SC5711\Bottlebrushes\Bottlebrushes_Al2O3_calibration\WAXS\Bottlebrushes_Al2O3_calibration_WAXS_0000.edf
SC5711,Bottlebrushes_Empty_Linkam,Bottlebrushes|Empty|Linkam,\\Synology\Data\2025\SC5711\Bottlebrushes\Bottlebrushes_Empty_Linkam\WAXS\Bottlebrushes_Empty_Linkam_WAXS_0000.edf
SC5711,Bottlebrushes_EM_Chiral_N2_Melt_10202025,Bottlebrushes|EM|Chiral|N2|Melt|10202025,\\Synology\Data\2025\SC5711\Bottlebrushes\Bottlebrushes_EM_Chiral_N2_Melt_10202025\WAXS\Bottlebrushes_EM_Chiral_N2_Melt_10202025_WAXS_0000.edf
SC5711,Bottlebrushes_EM_Chiral_N2_Melt_10202025_Heat90C,Bottlebrushes|EM|Chiral|N2|Melt|10202025|Heat90C,\\Synology\Data\2025\SC5711\Bottlebrushes\Bottlebrushes_EM_Chiral_N2_Melt_10202025_Heat90C\WAXS\Bottlebrushes_EM_Chiral_N2_Melt_10202025_Heat90C_WAXS_0000.edf
SC5711,Bottlebrushes_JW_PDMS_NSC70_NX500,Bottlebrushes|JW|PDMS|NSC70|NX500,\\Synology\Data\2025\SC5711\Bottlebrushes\Bottlebrushes_JW_PDMS_NSC70_NX500\WAXS\Bottlebrushes_JW_PDMS_NSC70_NX500_WAXS_0000.edf
SC5711,Bottlebrushes_JW_PMOX_PaPrOX,Bottlebrushes|JW|PMOX|PaPrOX,\\Synology\Data\2025\SC5711\Bottlebrushes\Bottlebrushes_JW_PMOX_PaPrOX\WAXS\Bottlebrushes_JW_PMOX_PaPrOX_WAXS_0000.edf
SC5711,Bottlebrushes_PCL_11_M3_20perc_PEG_90C,Bottlebrushes|PCL|11|M3|20perc|PEG|90C,\\Synology\Data\2025\SC5711\Bottlebrushes\Bottlebrushes_PCL_11_M3_20perc_PEG_90C\WAXS\Bottlebrushes_PCL_11_M3_20perc_PEG_90C_WAXS_0000.edf
SC5711,Bottlebrushes_PCL_11_M3_20perc_PEG_Cryst0C,Bottlebrushes|PCL|11|M3|20perc|PEG|Cryst0C,\\Synology\Data\2025\SC5711\Bottlebrushes\Bottlebrushes_PCL_11_M3_20perc_PEG_Cryst0C\WAXS\Bottlebrushes_PCL_11_M3_20perc_PEG_Cryst0C_WAXS_0000.edf
SC5711,Bottlebrushes_PCL_11_M3_20perc_PEG_Cryst0C_bis,Bottlebrushes|PCL|11|M3|20perc|PEG|Cryst0C|bis,\\Synology\Data\2025\SC5711\Bottlebrushes\Bottlebrushes_PCL_11_M3_20perc_PEG_Cryst0C_bis\WAXS\Bottlebrushes_PCL_11_M3_20perc_PEG_Cryst0C_bis_WAXS_0000.edf
SC5711,Bottlebrushes_PCL_11_M3_20perc_PEG_Heat5Kmin_after0CCryst,Bottlebrushes|PCL|11|M3|20perc|PEG|Heat5Kmin|after0CCryst,\\Synology\Data\2025\SC5711\Bottlebrushes\Bottlebrushes_PCL_11_M3_20perc_PEG_Heat5Kmin_after0CCryst\WAXS\Bottlebrushes_PCL_11_M3_20perc_PEG_Heat5Kmin_after0CCryst_WAXS_0000.edf
SC5711,Bottlebrushes_PCL_11_M3_20perc_PEG_RT,Bottlebrushes|PCL|11|M3|20perc|PEG|RT,\\Synology\Data\2025\SC5711\Bottlebrushes\Bottlebrushes_PCL_11_M3_20perc_PEG_RT\WAXS\Bottlebrushes_PCL_11_M3_20perc_PEG_RT_WAXS_0000.edf
SC5711,Bottlebrushes_PCL_7_20perc_PEG_90C,Bottlebrushes|PCL|7|20perc|PEG|90C,\\Synology\Data\2025\SC5711\Bottlebrushes\Bottlebrushes_PCL_7_20perc_PEG_90C\WAXS\Bottlebrushes_PCL_7_20perc_PEG_90C_WAXS_0000.edf
SC5711,Bottlebrushes_PCL_7_20perc_PEG_Cryst_OC,Bottlebrushes|PCL|7|20perc|PEG|Cryst|OC,\\Synology\Data\2025\SC5711\Bottlebrushes\Bottlebrushes_PCL_7_20perc_PEG_Cryst_OC\WAXS\Bottlebrushes_PCL_7_20perc_PEG_Cryst_OC_WAXS_0000.edf
SC5711,Bottlebrushes_PCL_7_20perc_PEG_Heat5kmin_aftercryst0C,Bottlebrushes|PCL|7|20perc|PEG|Heat5kmin|aftercryst0C,\\Synology\Data\2025\SC5711\Bottlebrushes\Bottlebrushes_PCL_7_20perc_PEG_Heat5kmin_aftercryst0C\WAXS\Bottlebrushes_PCL_7_20perc_PEG_Heat5kmin_aftercryst0C_WAXS_0000.edf
SC5711,Bottlebrushes_PCL_7_20perc_PEG_RT,Bottlebrushes|PCL|7|20perc|PEG|RT,\\Synology\Data\2025\SC5711\Bottlebrushes\Bottlebrushes_PCL_7_20perc_PEG_RT\WAXS\Bottlebrushes_PCL_7_20perc_PEG_RT_WAXS_0000.edf
SC5711,Bottlebrushes_PEG_PNIPAM_576_12_oct25_90C,Bottlebrushes|PEG|PNIPAM|576|12|oct25|90C,\\Synology\Data\2025\SC5711\Bottlebrushes\Bottlebrushes_PEG_PNIPAM_576_12_oct25_90C\WAXS\Bottlebrushes_PEG_PNIPAM_576_12_oct25_90C_WAXS_0000.edf
SC5711,Bottlebrushes_PEG_PNIPAM_576_12_oct25_90C_truetemp,Bottlebrushes|PEG|PNIPAM|576|12|oct25|90C|truetemp,\\Synology\Data\2025\SC5711\Bottlebrushes\Bottlebrushes_PEG_PNIPAM_576_12_oct25_90C_truetemp\WAXS\Bottlebrushes_PEG_PNIPAM_576_12_oct25_90C_truetemp_WAXS_0000.edf
SC5711,Bottlebrushes_PEG_PNIPAM_576_6_oct25_90C,Bottlebrushes|PEG|PNIPAM|576|6|oct25|90C,\\Synology\Data\2025\SC5711\Bottlebrushes\Bottlebrushes_PEG_PNIPAM_576_6_oct25_90C\WAXS\Bottlebrushes_PEG_PNIPAM_576_6_oct25_90C_WAXS_0000.edf
SC5711,Bottlebrushes_PEG_PNIPAM_576_6_oct25_RT,Bottlebrushes|PEG|PNIPAM|576|6|oct25|RT,\\Synology\Data\2025\SC5711\Bottlebrushes\Bottlebrushes_PEG_PNIPAM_576_6_oct25_RT\WAXS\Bottlebrushes_PEG_PNIPAM_576_6_oct25_RT_WAXS_0000.edf
SC5711,Bottlebrushes_TW_DNB_SC_ng_4,Bottlebrushes|TW|DNB|SC|ng|4,\\Synology\Data\2025\SC5711\Bottlebrushes\Bottlebrushes_TW_DNB_SC_ng_4\WAXS\Bottlebrushes_TW_DNB_SC_ng_4_WAXS_0000.edf
SC5711,Bottlebrushes_TW_ONB_SC_ng_4_16m_UV,Bottlebrushes|TW|ONB|SC|ng|4|16m|UV,\\Synology\Data\2025\SC5711\Bottlebrushes\Bottlebrushes_TW_ONB_SC_ng_4_16m_UV\WAXS\Bottlebrushes_TW_ONB_SC_ng_4_16m_UV_WAXS_0000.edf
SC5711,BCPs_2215_6_chloro_5ta,BCPs|2215|6|chloro|5ta,\\Synology\Data\2025\SC5711\BCPs\BCPs_2215_6_chloro_5ta\WAXS\BCPs_2215_6_chloro_5ta_WAXS_0000.edf
SC5711,BCPs_3350_2_svadodecane_ta50,BCPs|3350|2|svadodecane|ta50,\\Synology\Data\2025\SC5711\BCPs\BCPs_3350_2_svadodecane_ta50\WAXS\BCPs_3350_2_svadodecane_ta50_WAXS_0000.edf
SC5711,BCPs_3350_3_cyclohexane_ascast,BCPs|3350|3|cyclohexane|ascast,\\Synology\Data\2025\SC5711\BCPs\BCPs_3350_3_cyclohexane_ascast\WAXS\BCPs_3350_3_cyclohexane_ascast_WAXS_0000.edf
SC5711,BCPs_5135new_1_ascastchloro_ta,BCPs|5135new|1|ascastchloro|ta,\\Synology\Data\2025\SC5711\BCPs\BCPs_5135new_1_ascastchloro_ta\WAXS\BCPs_5135new_1_ascastchloro_ta_WAXS_0000.edf
SC5711,BCPs_5533_chloro_ta,BCPs|5533|chloro|ta,\\Synology\Data\2025\SC5711\BCPs\BCPs_5533_chloro_ta\WAXS\BCPs_5533_chloro_ta_WAXS_0000.edf
SC5711,BCPs_PEGPLAPDMAEMA_100,BCPs|PEGPLAPDMAEMA|100,\\Synology\Data\2025\SC5711\BCPs\BCPs_PEGPLAPDMAEMA_100\WAXS\BCPs_PEGPLAPDMAEMA_100_WAXS_0000.edf
SC5711,BCPs_PEGPLAPDMAEMA_50,BCPs|PEGPLAPDMAEMA|50,\\Synology\Data\2025\SC5711\BCPs\BCPs_PEGPLAPDMAEMA_50\WAXS\BCPs_PEGPLAPDMAEMA_50_WAXS_0000.edf
SC5711,BCPs_PS_PDMS_Asterios,BCPs|PS|PDMS|Asterios,\\Synology\Data\2025\SC5711\BCPs\BCPs_PS_PDMS_Asterios\WAXS\BCPs_PS_PDMS_Asterios_WAXS_0000.edf
SC5711,BCPs_sixarm_4232_chloro_4ta,BCPs|sixarm|4232|chloro|4ta,\\Synology\Data\2025\SC5711\BCPs\BCPs_sixarm_4232_chloro_4ta\WAXS\BCPs_sixarm_4232_chloro_4ta_WAXS_0000.edf
SC5711,BCPs_six_armstar_1511_tol,BCPs|six|armstar|1511|tol,\\Synology\Data\2025\SC5711\BCPs\BCPs_six_armstar_1511_tol\WAXS\BCPs_six_armstar_1511_tol_WAXS_0000.edf
SC5711,AK_samples_AK2240,AK|samples|AK2240,\\Synology\Data\2025\SC5711\AK_samples\AK_samples_AK2240\WAXS\AK_samples_AK2240_WAXS_0000.edf
SC5711,AK_samples_AK2330,AK|samples|AK2330,\\Synology\Data\2025\SC5711\AK_samples\AK_samples_AK2330\WAXS\AK_samples_AK2330_WAXS_0000.edf
SC5711,AK_samples_AK2338,AK|samples|AK2338,\\Synology\Data\2025\SC5711\AK_samples\AK_samples_AK2338\WAXS\AK_samples_AK2338_WAXS_0000.edf
SC5711,AgBh_SAXS_5m_13keV,AgBh|SAXS|5m|13keV,\\Synology\Data\2025\SC5711\AgBh\AgBh_SAXS_5m_13keV\WAXS\AgBh_SAXS_5m_13keV_WAXS_0000.edf
SC5682,Water_1_5mmcap_RT_static,Water|1|5mmcap|RT|static,\\Synology\Data\2025\SC5682\Water_1_5mmcap\Water_1_5mmcap_RT_static\WAXS\Water_1_5mmcap_RT_static_WAXS_0000.edf
SC5682,VTE1_P6_heating_cooiling_95,VTE1|P6|heating|cooiling|95,\\Synology\Data\2025\SC5682\VTE1_P6\VTE1_P6_heating_cooiling_95\WAXS\VTE1_P6_heating_cooiling_95_WAXS_0000.edf
SC5682,VTE1_P2_heating_cooiling_135,VTE1|P2|heating|cooiling|135,\\Synology\Data\2025\SC5682\VTE1_P2\VTE1_P2_heating_cooiling_135\WAXS\VTE1_P2_heating_cooiling_135_WAXS_0000.edf
SC5682,Stretching_P3HT_Brush_5perc_CHCL3_PE_film_4micron_0Def,Stretching|P3HT|Brush|5perc|CHCL3|PE|film|4micron|0Def,\\Synology\Data\2025\SC5682\Stretching_P3HT\Stretching_P3HT_Brush_5perc_CHCL3_PE_film_4micron_0Def\WAXS\Stretching_P3HT_Brush_5perc_CHCL3_PE_film_4micron_0Def_WAXS_0000.edf
SC5682,Stretching_P3HT_Brush_5perc_CHCL3_PE_film_4micron_100perc_Def,Stretching|P3HT|Brush|5perc|CHCL3|PE|film|4micron|100perc|Def,\\Synology\Data\2025\SC5682\Stretching_P3HT\Stretching_P3HT_Brush_5perc_CHCL3_PE_film_4micron_100perc_Def\WAXS\Stretching_P3HT_Brush_5perc_CHCL3_PE_film_4micron_100perc_Def_WAXS_0000.edf
SC5682,Stretching_P3HT_Brush_5perc_CHCL3_PE_film_4micron_10perc_Def,Stretching|P3HT|Brush|5perc|CHCL3|PE|film|4micron|10perc|Def,\\Synology\Data\2025\SC5682\Stretching_P3HT\Stretching_P3HT_Brush_5perc_CHCL3_PE_film_4micron_10perc_Def\WAXS\Stretching_P3HT_Brush_5perc_CHCL3_PE_film_4micron_10perc_Def_WAXS_0000.edf
SC5682,Stretching_P3HT_Brush_5perc_CHCL3_PE_film_4micron_20perc_Def,Stretching|P3HT|Brush|5perc|CHCL3|PE|film|4micron|20perc|Def,\\Synology\Data\2025\SC5682\Stretching_P3HT\Stretching_P3HT_Brush_5perc_CHCL3_PE_film_4micron_20perc_Def\WAXS\Stretching_P3HT_Brush_5perc_CHCL3_PE_film_4micron_20perc_Def_WAXS_0000.edf
SC5682,Stretching_P3HT_Brush_5perc_CHCL3_PE_film_4micron_30perc_Def,Stretching|P3HT|Brush|5perc|CHCL3|PE|film|4micron|30perc|Def,\\Synology\Data\2025\SC5682\Stretching_P3HT\Stretching_P3HT_Brush_5perc_CHCL3_PE_film_4micron_30perc_Def\WAXS\Stretching_P3HT_Brush_5perc_CHCL3_PE_film_4micron_30perc_Def_WAXS_0000.edf
SC5682,Stretching_P3HT_Brush_5perc_CHCL3_PE_film_4micron_40perc_Def,Stretching|P3HT|Brush|5perc|CHCL3|PE|film|4micron|40perc|Def,\\Synology\Data\2025\SC5682\Stretching_P3HT\Stretching_P3HT_Brush_5perc_CHCL3_PE_film_4micron_40perc_Def\WAXS\Stretching_P3HT_Brush_5perc_CHCL3_PE_film_4micron_40perc_Def_WAXS_0000.edf
SC5682,Stretching_P3HT_Brush_5perc_CHCL3_PE_film_4micron_50perc_Def,Stretching|P3HT|Brush|5perc|CHCL3|PE|film|4micron|50perc|Def,\\Synology\Data\2025\SC5682\Stretching_P3HT\Stretching_P3HT_Brush_5perc_CHCL3_PE_film_4micron_50perc_Def\WAXS\Stretching_P3HT_Brush_5perc_CHCL3_PE_film_4micron_50perc_Def_WAXS_0000.edf
SC5682,Stretching_P3HT_Brush_5perc_CHCL3_PE_film_4micron_60perc_Def,Stretching|P3HT|Brush|5perc|CHCL3|PE|film|4micron|60perc|Def,\\Synology\Data\2025\SC5682\Stretching_P3HT\Stretching_P3HT_Brush_5perc_CHCL3_PE_film_4micron_60perc_Def\WAXS\Stretching_P3HT_Brush_5perc_CHCL3_PE_film_4micron_60perc_Def_WAXS_0000.edf
SC5682,Stretching_P3HT_Brush_5perc_CHCL3_PE_film_4micron_70perc_Def,Stretching|P3HT|Brush|5perc|CHCL3|PE|film|4micron|70perc|Def,\\Synology\Data\2025\SC5682\Stretching_P3HT\Stretching_P3HT_Brush_5perc_CHCL3_PE_film_4micron_70perc_Def\WAXS\Stretching_P3HT_Brush_5perc_CHCL3_PE_film_4micron_70perc_Def_WAXS_0000.edf
SC5682,Stretching_P3HT_Brush_5perc_CHCL3_PE_film_4micron_80perc_Def,Stretching|P3HT|Brush|5perc|CHCL3|PE|film|4micron|80perc|Def,\\Synology\Data\2025\SC5682\Stretching_P3HT\Stretching_P3HT_Brush_5perc_CHCL3_PE_film_4micron_80perc_Def\WAXS\Stretching_P3HT_Brush_5perc_CHCL3_PE_film_4micron_80perc_Def_WAXS_0000.edf
SC5682,Stretching_P3HT_Brush_5perc_CHCL3_PE_film_4micron_90perc_Def,Stretching|P3HT|Brush|5perc|CHCL3|PE|film|4micron|90perc|Def,\\Synology\Data\2025\SC5682\Stretching_P3HT\Stretching_P3HT_Brush_5perc_CHCL3_PE_film_4micron_90perc_Def\WAXS\Stretching_P3HT_Brush_5perc_CHCL3_PE_film_4micron_90perc_Def_WAXS_0000.edf
SC5682,Stretching_P3HT_Brush_5perc_CHCL3_PE_film_4micron_afterRelaxation_Def,Stretching|P3HT|Brush|5perc|CHCL3|PE|film|4micron|afterRelaxation|Def,\\Synology\Data\2025\SC5682\Stretching_P3HT\Stretching_P3HT_Brush_5perc_CHCL3_PE_film_4micron_afterRelaxation_Def\WAXS\Stretching_P3HT_Brush_5perc_CHCL3_PE_film_4micron_afterRelaxation_Def_WAXS_0000.edf
SC5682,Stretching_P3HT_Brush_7perc_CHCL3__Def_0perc,Stretching|P3HT|Brush|7perc|CHCL3||Def|0perc,\\Synology\Data\2025\SC5682\Stretching_P3HT\Stretching_P3HT_Brush_7perc_CHCL3__Def_0perc\WAXS\Stretching_P3HT_Brush_7perc_CHCL3__Def_0perc_WAXS_0000.edf
SC5682,Stretching_P3HT_Brush_7perc_CHCL3__Def_100perc,Stretching|P3HT|Brush|7perc|CHCL3||Def|100perc,\\Synology\Data\2025\SC5682\Stretching_P3HT\Stretching_P3HT_Brush_7perc_CHCL3__Def_100perc\WAXS\Stretching_P3HT_Brush_7perc_CHCL3__Def_100perc_WAXS_0000.edf
SC5682,Stretching_P3HT_Brush_7perc_CHCL3__Def_10perc,Stretching|P3HT|Brush|7perc|CHCL3||Def|10perc,\\Synology\Data\2025\SC5682\Stretching_P3HT\Stretching_P3HT_Brush_7perc_CHCL3__Def_10perc\WAXS\Stretching_P3HT_Brush_7perc_CHCL3__Def_10perc_WAXS_0000.edf
SC5682,Stretching_P3HT_Brush_7perc_CHCL3__Def_110perc,Stretching|P3HT|Brush|7perc|CHCL3||Def|110perc,
SC5682,Stretching_P3HT_Brush_7perc_CHCL3__Def_20perc,Stretching|P3HT|Brush|7perc|CHCL3||Def|20perc,\\Synology\Data\2025\SC5682\Stretching_P3HT\Stretching_P3HT_Brush_7perc_CHCL3__Def_20perc\WAXS\Stretching_P3HT_Brush_7perc_CHCL3__Def_20perc_WAXS_0000.edf
SC5682,Stretching_P3HT_Brush_7perc_CHCL3__Def_30perc,Stretching|P3HT|Brush|7perc|CHCL3||Def|30perc,\\Synology\Data\2025\SC5682\Stretching_P3HT\Stretching_P3HT_Brush_7perc_CHCL3__Def_30perc\WAXS\Stretching_P3HT_Brush_7perc_CHCL3__Def_30perc_WAXS_0000.edf
SC5682,Stretching_P3HT_Brush_7perc_CHCL3__Def_40perc,Stretching|P3HT|Brush|7perc|CHCL3||Def|40perc,\\Synology\Data\2025\SC5682\Stretching_P3HT\Stretching_P3HT_Brush_7perc_CHCL3__Def_40perc\WAXS\Stretching_P3HT_Brush_7perc_CHCL3__Def_40perc_WAXS_0000.edf
SC5682,Stretching_P3HT_Brush_7perc_CHCL3__Def_50perc,Stretching|P3HT|Brush|7perc|CHCL3||Def|50perc,\\Synology\Data\2025\SC5682\Stretching_P3HT\Stretching_P3HT_Brush_7perc_CHCL3__Def_50perc\WAXS\Stretching_P3HT_Brush_7perc_CHCL3__Def_50perc_WAXS_0000.edf
SC5682,Stretching_P3HT_Brush_7perc_CHCL3__Def_60perc,Stretching|P3HT|Brush|7perc|CHCL3||Def|60perc,\\Synology\Data\2025\SC5682\Stretching_P3HT\Stretching_P3HT_Brush_7perc_CHCL3__Def_60perc\WAXS\Stretching_P3HT_Brush_7perc_CHCL3__Def_60perc_WAXS_0000.edf
SC5682,Stretching_P3HT_Brush_7perc_CHCL3__Def_70perc,Stretching|P3HT|Brush|7perc|CHCL3||Def|70perc,\\Synology\Data\2025\SC5682\Stretching_P3HT\Stretching_P3HT_Brush_7perc_CHCL3__Def_70perc\WAXS\Stretching_P3HT_Brush_7perc_CHCL3__Def_70perc_WAXS_0000.edf
SC5682,Stretching_P3HT_Brush_7perc_CHCL3__Def_80perc,Stretching|P3HT|Brush|7perc|CHCL3||Def|80perc,\\Synology\Data\2025\SC5682\Stretching_P3HT\Stretching_P3HT_Brush_7perc_CHCL3__Def_80perc\WAXS\Stretching_P3HT_Brush_7perc_CHCL3__Def_80perc_WAXS_0000.edf
SC5682,Stretching_P3HT_Brush_7perc_CHCL3__Def_90perc,Stretching|P3HT|Brush|7perc|CHCL3||Def|90perc,\\Synology\Data\2025\SC5682\Stretching_P3HT\Stretching_P3HT_Brush_7perc_CHCL3__Def_90perc\WAXS\Stretching_P3HT_Brush_7perc_CHCL3__Def_90perc_WAXS_0000.edf
SC5682,Stretching_EAK_AgBe_calib,Stretching|EAK|AgBe|calib,\\Synology\Data\2025\SC5682\Stretching_EAK\Stretching_EAK_AgBe_calib\WAXS\Stretching_EAK_AgBe_calib_WAXS_0000.edf
SC5682,Stretching_EAK_LAB6_calib,Stretching|EAK|LAB6|calib,\\Synology\Data\2025\SC5682\Stretching_EAK\Stretching_EAK_LAB6_calib\WAXS\Stretching_EAK_LAB6_calib_WAXS_0000.edf
SC5682,Stretching_EAK_PE_film_4micron_stretched,Stretching|EAK|PE|film|4micron|stretched,\\Synology\Data\2025\SC5682\Stretching_EAK\Stretching_EAK_PE_film_4micron_stretched\WAXS\Stretching_EAK_PE_film_4micron_stretched_WAXS_0000.edf
SC5682,Stretching_EAK_Sample_0_3B_deformation_0perc,Stretching|EAK|Sample|0|3B|deformation|0perc,\\Synology\Data\2025\SC5682\Stretching_EAK\Stretching_EAK_Sample_0_3B_deformation_0perc\WAXS\Stretching_EAK_Sample_0_3B_deformation_0perc_WAXS_0000.edf
SC5682,Stretching_EAK_Sample_0_3B_deformation_10perc,Stretching|EAK|Sample|0|3B|deformation|10perc,\\Synology\Data\2025\SC5682\Stretching_EAK\Stretching_EAK_Sample_0_3B_deformation_10perc\WAXS\Stretching_EAK_Sample_0_3B_deformation_10perc_WAXS_0000.edf
SC5682,Stretching_EAK_Sample_0_3B_deformation_50perc,Stretching|EAK|Sample|0|3B|deformation|50perc,\\Synology\Data\2025\SC5682\Stretching_EAK\Stretching_EAK_Sample_0_3B_deformation_50perc\WAXS\Stretching_EAK_Sample_0_3B_deformation_50perc_WAXS_0000.edf
SC5682,Stretching_EAK_Sample_0_6B_deformation_0perc,Stretching|EAK|Sample|0|6B|deformation|0perc,\\Synology\Data\2025\SC5682\Stretching_EAK\Stretching_EAK_Sample_0_6B_deformation_0perc\WAXS\Stretching_EAK_Sample_0_6B_deformation_0perc_WAXS_0000.edf
SC5682,Stretching_EAK_Sample_0_6B_deformation_100perc,Stretching|EAK|Sample|0|6B|deformation|100perc,\\Synology\Data\2025\SC5682\Stretching_EAK\Stretching_EAK_Sample_0_6B_deformation_100perc\WAXS\Stretching_EAK_Sample_0_6B_deformation_100perc_WAXS_0000.edf
SC5682,Stretching_EAK_Sample_0_6B_deformation_10perc,Stretching|EAK|Sample|0|6B|deformation|10perc,\\Synology\Data\2025\SC5682\Stretching_EAK\Stretching_EAK_Sample_0_6B_deformation_10perc\WAXS\Stretching_EAK_Sample_0_6B_deformation_10perc_WAXS_0000.edf
SC5682,Stretching_EAK_Sample_0_6B_deformation_200perc,Stretching|EAK|Sample|0|6B|deformation|200perc,\\Synology\Data\2025\SC5682\Stretching_EAK\Stretching_EAK_Sample_0_6B_deformation_200perc\WAXS\Stretching_EAK_Sample_0_6B_deformation_200perc_WAXS_0000.edf
SC5682,Stretching_EAK_Sample_0_6B_deformation_400perc,Stretching|EAK|Sample|0|6B|deformation|400perc,\\Synology\Data\2025\SC5682\Stretching_EAK\Stretching_EAK_Sample_0_6B_deformation_400perc\WAXS\Stretching_EAK_Sample_0_6B_deformation_400perc_WAXS_0000.edf
SC5682,Stretching_EAK_Sample_0_6B_deformation_50perc,Stretching|EAK|Sample|0|6B|deformation|50perc,\\Synology\Data\2025\SC5682\Stretching_EAK\Stretching_EAK_Sample_0_6B_deformation_50perc\WAXS\Stretching_EAK_Sample_0_6B_deformation_50perc_WAXS_0000.edf
SC5682,Stretching_EAK_Sample_1_2_0_6B_deformation_0perc,Stretching|EAK|Sample|1|2|0|6B|deformation|0perc,\\Synology\Data\2025\SC5682\Stretching_EAK\Stretching_EAK_Sample_1_2_0_6B_deformation_0perc\WAXS\Stretching_EAK_Sample_1_2_0_6B_deformation_0perc_WAXS_0000.edf
SC5682,Stretching_EAK_Sample_1_2_0_6B_deformation_100perc,Stretching|EAK|Sample|1|2|0|6B|deformation|100perc,\\Synology\Data\2025\SC5682\Stretching_EAK\Stretching_EAK_Sample_1_2_0_6B_deformation_100perc\WAXS\Stretching_EAK_Sample_1_2_0_6B_deformation_100perc_WAXS_0000.edf
SC5682,Stretching_EAK_Sample_1_2_0_6B_deformation_10perc,Stretching|EAK|Sample|1|2|0|6B|deformation|10perc,\\Synology\Data\2025\SC5682\Stretching_EAK\Stretching_EAK_Sample_1_2_0_6B_deformation_10perc\WAXS\Stretching_EAK_Sample_1_2_0_6B_deformation_10perc_WAXS_0000.edf
SC5682,Stretching_EAK_Sample_1_2_0_6B_deformation_50perc,Stretching|EAK|Sample|1|2|0|6B|deformation|50perc,\\Synology\Data\2025\SC5682\Stretching_EAK\Stretching_EAK_Sample_1_2_0_6B_deformation_50perc\WAXS\Stretching_EAK_Sample_1_2_0_6B_deformation_50perc_WAXS_0000.edf
SC5682,Stretching_EAK_UB_0_1_deformation_0perc,Stretching|EAK|UB|0|1|deformation|0perc,\\Synology\Data\2025\SC5682\Stretching_EAK\Stretching_EAK_UB_0_1_deformation_0perc\WAXS\Stretching_EAK_UB_0_1_deformation_0perc_WAXS_0000.edf
SC5682,Stretching_EAK_UB_0_1_deformation_10perc,Stretching|EAK|UB|0|1|deformation|10perc,\\Synology\Data\2025\SC5682\Stretching_EAK\Stretching_EAK_UB_0_1_deformation_10perc\WAXS\Stretching_EAK_UB_0_1_deformation_10perc_WAXS_0000.edf
SC5682,Stretching_EAK_UB_0_1_deformation_50perc,Stretching|EAK|UB|0|1|deformation|50perc,\\Synology\Data\2025\SC5682\Stretching_EAK\Stretching_EAK_UB_0_1_deformation_50perc\WAXS\Stretching_EAK_UB_0_1_deformation_50perc_WAXS_0000.edf
SC5682,Stretching_EAK_UB_deformation,Stretching|EAK|UB|deformation,\\Synology\Data\2025\SC5682\Stretching_EAK\Stretching_EAK_UB_deformation\WAXS\Stretching_EAK_UB_deformation_WAXS_0000.edf
SC5682,Stretching_EAK_UB_deformation_10perc,Stretching|EAK|UB|deformation|10perc,\\Synology\Data\2025\SC5682\Stretching_EAK\Stretching_EAK_UB_deformation_10perc\WAXS\Stretching_EAK_UB_deformation_10perc_WAXS_0000.edf
SC5682,Stretching_EAK_UB_deformation_50perc,Stretching|EAK|UB|deformation|50perc,\\Synology\Data\2025\SC5682\Stretching_EAK\Stretching_EAK_UB_deformation_50perc\WAXS\Stretching_EAK_UB_deformation_50perc_WAXS_0000.edf
SC5682,SD_51_35_static,SD|51|35|static,\\Synology\Data\2025\SC5682\SD_51_35\SD_51_35_static\WAXS\SD_51_35_static_WAXS_0000.edf
SC5682,RCY_N_7perc_5C_1_5mmcap_heating_cooling,RCY|N|7perc|5C|1|5mmcap|heating|cooling,\\Synology\Data\2025\SC5682\RCY_N_7perc_5C_1_5mmcap\RCY_N_7perc_5C_1_5mmcap_heating_cooling\WAXS\RCY_N_7perc_5C_1_5mmcap_heating_cooling_WAXS_0000.edf
SC5682,RCY_N_5perc_5C_1_5mmcap_heating_cooling,RCY|N|5perc|5C|1|5mmcap|heating|cooling,\\Synology\Data\2025\SC5682\RCY_N_5perc_5C_1_5mmcap\RCY_N_5perc_5C_1_5mmcap_heating_cooling\WAXS\RCY_N_5perc_5C_1_5mmcap_heating_cooling_WAXS_0000.edf
SC5682,RCY_N_20perc_5C_1_5mmcap_heating_cooling,RCY|N|20perc|5C|1|5mmcap|heating|cooling,\\Synology\Data\2025\SC5682\RCY_N_20perc_5C_1_5mmcap\RCY_N_20perc_5C_1_5mmcap_heating_cooling\WAXS\RCY_N_20perc_5C_1_5mmcap_heating_cooling_WAXS_0000.edf
SC5682,RCY_N_15perc_5C_1_5mmcap_heating_cooling,RCY|N|15perc|5C|1|5mmcap|heating|cooling,\\Synology\Data\2025\SC5682\RCY_N_15perc_5C_1_5mmcap\RCY_N_15perc_5C_1_5mmcap_heating_cooling\WAXS\RCY_N_15perc_5C_1_5mmcap_heating_cooling_WAXS_0000.edf
SC5682,RCY_N_10perc_5C_1_5mmcap_heating_cooling,RCY|N|10perc|5C|1|5mmcap|heating|cooling,\\Synology\Data\2025\SC5682\RCY_N_10perc_5C_1_5mmcap\RCY_N_10perc_5C_1_5mmcap_heating_cooling\WAXS\RCY_N_10perc_5C_1_5mmcap_heating_cooling_WAXS_0000.edf
SC5682,RCY_7perc_5C_1_5mmcap_heating_cooling,RCY|7perc|5C|1|5mmcap|heating|cooling,\\Synology\Data\2025\SC5682\RCY_7perc_5C_1_5mmcap\RCY_7perc_5C_1_5mmcap_heating_cooling\WAXS\RCY_7perc_5C_1_5mmcap_heating_cooling_WAXS_0000.edf
SC5682,RCY_5perc_5C_1_5mmcap_heating_cooling,RCY|5perc|5C|1|5mmcap|heating|cooling,\\Synology\Data\2025\SC5682\RCY_5perc_5C_1_5mmcap\RCY_5perc_5C_1_5mmcap_heating_cooling\WAXS\RCY_5perc_5C_1_5mmcap_heating_cooling_WAXS_0000.edf
SC5682,RCY_3perc_5C_bis_1_5mmcap_heating_cooling,RCY|3perc|5C|bis|1|5mmcap|heating|cooling,\\Synology\Data\2025\SC5682\RCY_3perc_5C_bis_1_5mmcap\RCY_3perc_5C_bis_1_5mmcap_heating_cooling\WAXS\RCY_3perc_5C_bis_1_5mmcap_heating_cooling_WAXS_0000.edf
SC5682,RCY_3perc_5C_bis_1_5mmcap_static,RCY|3perc|5C|bis|1|5mmcap|static,
SC5682,RCY_3perc_5C_static,RCY|3perc|5C|static,\\Synology\Data\2025\SC5682\RCY_3perc_5C\RCY_3perc_5C_static\WAXS\RCY_3perc_5C_static_WAXS_0000.edf
SC5682,RCY_1perc_5C_bis_1_5mmcap_heating_cooling,RCY|1perc|5C|bis|1|5mmcap|heating|cooling,\\Synology\Data\2025\SC5682\RCY_1perc_5C_bis_1_5mmcap\RCY_1perc_5C_bis_1_5mmcap_heating_cooling\WAXS\RCY_1perc_5C_bis_1_5mmcap_heating_cooling_WAXS_0000.edf
SC5682,RCY_1perc_5C_heatin_cooling,RCY|1perc|5C|heatin|cooling,\\Synology\Data\2025\SC5682\RCY_1perc_5C\RCY_1perc_5C_heatin_cooling\WAXS\RCY_1perc_5C_heatin_cooling_WAXS_0000.edf
SC5682,RCY_1perc_5C_static,RCY|1perc|5C|static,\\Synology\Data\2025\SC5682\RCY_1perc_5C\RCY_1perc_5C_static\WAXS\RCY_1perc_5C_static_WAXS_0000.edf
SC5682,RCY_10perc_5C_1_5mmcap_heating_cooling,RCY|10perc|5C|1|5mmcap|heating|cooling,\\Synology\Data\2025\SC5682\RCY_10perc_5C_1_5mmcap\RCY_10perc_5C_1_5mmcap_heating_cooling\WAXS\RCY_10perc_5C_1_5mmcap_heating_cooling_WAXS_0000.edf
SC5682,PEG_PLLA_500_1_casted_Chloroform,PEG|PLLA|500|1|casted|Chloroform,\\Synology\Data\2025\SC5682\PEG_PLLA_500_1\PEG_PLLA_500_1_casted_Chloroform\WAXS\PEG_PLLA_500_1_casted_Chloroform_WAXS_0000.edf
SC5682,PEG_PLLA_500_1_from_solution,PEG|PLLA|500|1|from|solution,\\Synology\Data\2025\SC5682\PEG_PLLA_500_1\PEG_PLLA_500_1_from_solution\WAXS\PEG_PLLA_500_1_from_solution_WAXS_0000.edf
SC5682,PEG_PLLA_400_1_casted_Chloroform,PEG|PLLA|400|1|casted|Chloroform,\\Synology\Data\2025\SC5682\PEG_PLLA_400_1\PEG_PLLA_400_1_casted_Chloroform\WAXS\PEG_PLLA_400_1_casted_Chloroform_WAXS_0000.edf
SC5682,PBTTT_8O_Isothermal_Cryst_40C,PBTTT|8O|Isothermal|Cryst|40C,\\Synology\Data\2025\SC5682\PBTTT_8O\PBTTT_8O_Isothermal_Cryst_40C\WAXS\PBTTT_8O_Isothermal_Cryst_40C_WAXS_0000.edf
SC5682,PBTTT_8O_Static_RT,PBTTT|8O|Static|RT,\\Synology\Data\2025\SC5682\PBTTT_8O\PBTTT_8O_Static_RT\WAXS\PBTTT_8O_Static_RT_WAXS_0000.edf
SC5682,Nicolas_PMG3_BTTT_NL1126_Heating_320C_360C,Nicolas|PMG3|BTTT|NL1126|Heating|320C|360C,\\Synology\Data\2025\SC5682\Nicolas_PMG3_BTTT_NL1126\Nicolas_PMG3_BTTT_NL1126_Heating_320C_360C\WAXS\Nicolas_PMG3_BTTT_NL1126_Heating_320C_360C_WAXS_0000.edf
SC5682,Nicolas_PMG3_BTTT_NL1126_Heating_to_320C,Nicolas|PMG3|BTTT|NL1126|Heating|to|320C,\\Synology\Data\2025\SC5682\Nicolas_PMG3_BTTT_NL1126\Nicolas_PMG3_BTTT_NL1126_Heating_to_320C\WAXS\Nicolas_PMG3_BTTT_NL1126_Heating_to_320C_WAXS_0000.edf
SC5682,Nicolas_PMG3_BTTT_NL1126_static_RT,Nicolas|PMG3|BTTT|NL1126|static|RT,\\Synology\Data\2025\SC5682\Nicolas_PMG3_BTTT_NL1126\Nicolas_PMG3_BTTT_NL1126_static_RT\WAXS\Nicolas_PMG3_BTTT_NL1126_static_RT_WAXS_0000.edf
SC5682,Manual_Slit_P3HT_10perc_CHCL3_0perc_Def,Manual|Slit|P3HT|10perc|CHCL3|0perc|Def,\\Synology\Data\2025\SC5682\Manual_Slit\Manual_Slit_P3HT_10perc_CHCL3_0perc_Def\WAXS\Manual_Slit_P3HT_10perc_CHCL3_0perc_Def_WAXS_0000.edf
SC5682,Manual_Slit_P3HT_10perc_CHCL3_10perc_Def,Manual|Slit|P3HT|10perc|CHCL3|10perc|Def,\\Synology\Data\2025\SC5682\Manual_Slit\Manual_Slit_P3HT_10perc_CHCL3_10perc_Def\WAXS\Manual_Slit_P3HT_10perc_CHCL3_10perc_Def_WAXS_0000.edf
SC5682,Manual_Slit_P3HT_10perc_CHCL3_20perc_Def,Manual|Slit|P3HT|10perc|CHCL3|20perc|Def,\\Synology\Data\2025\SC5682\Manual_Slit\Manual_Slit_P3HT_10perc_CHCL3_20perc_Def\WAXS\Manual_Slit_P3HT_10perc_CHCL3_20perc_Def_WAXS_0000.edf
SC5682,Manual_Slit_P3HT_10perc_CHCL3_30perc_Def,Manual|Slit|P3HT|10perc|CHCL3|30perc|Def,\\Synology\Data\2025\SC5682\Manual_Slit\Manual_Slit_P3HT_10perc_CHCL3_30perc_Def\WAXS\Manual_Slit_P3HT_10perc_CHCL3_30perc_Def_WAXS_0000.edf
SC5682,Manual_Slit_P3HT_10perc_CHCL3_40perc_Def,Manual|Slit|P3HT|10perc|CHCL3|40perc|Def,\\Synology\Data\2025\SC5682\Manual_Slit\Manual_Slit_P3HT_10perc_CHCL3_40perc_Def\WAXS\Manual_Slit_P3HT_10perc_CHCL3_40perc_Def_WAXS_0000.edf
SC5682,Manual_Slit_P3HT_10perc_CHCL3_50perc_Def,Manual|Slit|P3HT|10perc|CHCL3|50perc|Def,\\Synology\Data\2025\SC5682\Manual_Slit\Manual_Slit_P3HT_10perc_CHCL3_50perc_Def\WAXS\Manual_Slit_P3HT_10perc_CHCL3_50perc_Def_WAXS_0000.edf
SC5682,Manual_Slit_P3HT_10perc_CHCL3_60perc_Def,Manual|Slit|P3HT|10perc|CHCL3|60perc|Def,\\Synology\Data\2025\SC5682\Manual_Slit\Manual_Slit_P3HT_10perc_CHCL3_60perc_Def\WAXS\Manual_Slit_P3HT_10perc_CHCL3_60perc_Def_WAXS_0000.edf
SC5682,Manual_Slit_P3HT_10perc_CHCL3_70perc_Def,Manual|Slit|P3HT|10perc|CHCL3|70perc|Def,\\Synology\Data\2025\SC5682\Manual_Slit\Manual_Slit_P3HT_10perc_CHCL3_70perc_Def\WAXS\Manual_Slit_P3HT_10perc_CHCL3_70perc_Def_WAXS_0000.edf
SC5682,Manual_Slit_P3HT_10perc_CHCL3_80perc_Def,Manual|Slit|P3HT|10perc|CHCL3|80perc|Def,\\Synology\Data\2025\SC5682\Manual_Slit\Manual_Slit_P3HT_10perc_CHCL3_80perc_Def\WAXS\Manual_Slit_P3HT_10perc_CHCL3_80perc_Def_WAXS_0000.edf
SC5682,Manual_Slit_P3HT_15perc_CHCL3_0perc_Def,Manual|Slit|P3HT|15perc|CHCL3|0perc|Def,\\Synology\Data\2025\SC5682\Manual_Slit\Manual_Slit_P3HT_15perc_CHCL3_0perc_Def\WAXS\Manual_Slit_P3HT_15perc_CHCL3_0perc_Def_WAXS_0000.edf
SC5682,Manual_Slit_P3HT_15perc_CHCL3_10perc_Def,Manual|Slit|P3HT|15perc|CHCL3|10perc|Def,\\Synology\Data\2025\SC5682\Manual_Slit\Manual_Slit_P3HT_15perc_CHCL3_10perc_Def\WAXS\Manual_Slit_P3HT_15perc_CHCL3_10perc_Def_WAXS_0000.edf
SC5682,Manual_Slit_P3HT_15perc_CHCL3_bis_0perc_Def,Manual|Slit|P3HT|15perc|CHCL3|bis|0perc|Def,\\Synology\Data\2025\SC5682\Manual_Slit\Manual_Slit_P3HT_15perc_CHCL3_bis_0perc_Def\WAXS\Manual_Slit_P3HT_15perc_CHCL3_bis_0perc_Def_WAXS_0000.edf
SC5682,Manual_Slit_P3HT_15perc_CHCL3_bis_10perc_Def,Manual|Slit|P3HT|15perc|CHCL3|bis|10perc|Def,\\Synology\Data\2025\SC5682\Manual_Slit\Manual_Slit_P3HT_15perc_CHCL3_bis_10perc_Def\WAXS\Manual_Slit_P3HT_15perc_CHCL3_bis_10perc_Def_WAXS_0000.edf
SC5682,Manual_Slit_P3HT_15perc_CHCL3_bis_20perc_Def,Manual|Slit|P3HT|15perc|CHCL3|bis|20perc|Def,\\Synology\Data\2025\SC5682\Manual_Slit\Manual_Slit_P3HT_15perc_CHCL3_bis_20perc_Def\WAXS\Manual_Slit_P3HT_15perc_CHCL3_bis_20perc_Def_WAXS_0000.edf
SC5682,Manual_Slit_P3HT_15perc_CHCL3_bis_30perc_Def,Manual|Slit|P3HT|15perc|CHCL3|bis|30perc|Def,\\Synology\Data\2025\SC5682\Manual_Slit\Manual_Slit_P3HT_15perc_CHCL3_bis_30perc_Def\WAXS\Manual_Slit_P3HT_15perc_CHCL3_bis_30perc_Def_WAXS_0000.edf
SC5682,Manual_Slit_P3HT_15perc_CHCL3_bis_40perc_Def,Manual|Slit|P3HT|15perc|CHCL3|bis|40perc|Def,\\Synology\Data\2025\SC5682\Manual_Slit\Manual_Slit_P3HT_15perc_CHCL3_bis_40perc_Def\WAXS\Manual_Slit_P3HT_15perc_CHCL3_bis_40perc_Def_WAXS_0000.edf
SC5682,Manual_Slit_P3HT_15perc_CHCL3_bis_50perc_Def,Manual|Slit|P3HT|15perc|CHCL3|bis|50perc|Def,\\Synology\Data\2025\SC5682\Manual_Slit\Manual_Slit_P3HT_15perc_CHCL3_bis_50perc_Def\WAXS\Manual_Slit_P3HT_15perc_CHCL3_bis_50perc_Def_WAXS_0000.edf
SC5682,Manual_Slit_P3HT_15perc_CHCL3_bis_60perc_Def,Manual|Slit|P3HT|15perc|CHCL3|bis|60perc|Def,\\Synology\Data\2025\SC5682\Manual_Slit\Manual_Slit_P3HT_15perc_CHCL3_bis_60perc_Def\WAXS\Manual_Slit_P3HT_15perc_CHCL3_bis_60perc_Def_WAXS_0000.edf
SC5682,Manual_Slit_P3HT_7perc_CHCL3_bis_0perc_Def,Manual|Slit|P3HT|7perc|CHCL3|bis|0perc|Def,\\Synology\Data\2025\SC5682\Manual_Slit\Manual_Slit_P3HT_7perc_CHCL3_bis_0perc_Def\WAXS\Manual_Slit_P3HT_7perc_CHCL3_bis_0perc_Def_WAXS_0000.edf
SC5682,Manual_Slit_P3HT_7perc_CHCL3_bis_50perc_Def,Manual|Slit|P3HT|7perc|CHCL3|bis|50perc|Def,\\Synology\Data\2025\SC5682\Manual_Slit\Manual_Slit_P3HT_7perc_CHCL3_bis_50perc_Def\WAXS\Manual_Slit_P3HT_7perc_CHCL3_bis_50perc_Def_WAXS_0000.edf
SC5682,Linkam_stretcher_AgBe,Linkam|stretcher|AgBe,\\Synology\Data\2025\SC5682\Linkam_stretcher\Linkam_stretcher_AgBe\WAXS\Linkam_stretcher_AgBe_WAXS_0000.edf
SC5682,Linkam_stretcher_LAB6,Linkam|stretcher|LAB6,\\Synology\Data\2025\SC5682\Linkam_stretcher\Linkam_stretcher_LAB6\WAXS\Linkam_stretcher_LAB6_WAXS_0000.edf
SC5682,Linkam_stretcher_P3HT_10perc_CHCL3_0Def,Linkam|stretcher|P3HT|10perc|CHCL3|0Def,\\Synology\Data\2025\SC5682\Linkam_stretcher\Linkam_stretcher_P3HT_10perc_CHCL3_0Def\WAXS\Linkam_stretcher_P3HT_10perc_CHCL3_0Def_WAXS_0000.edf
SC5682,Linkam_stretcher_P3HT_10perc_CHCL3_100perc_Def,Linkam|stretcher|P3HT|10perc|CHCL3|100perc|Def,\\Synology\Data\2025\SC5682\Linkam_stretcher\Linkam_stretcher_P3HT_10perc_CHCL3_100perc_Def\WAXS\Linkam_stretcher_P3HT_10perc_CHCL3_100perc_Def_WAXS_0000.edf
SC5682,Linkam_stretcher_P3HT_10perc_CHCL3_10perc_Def,Linkam|stretcher|P3HT|10perc|CHCL3|10perc|Def,\\Synology\Data\2025\SC5682\Linkam_stretcher\Linkam_stretcher_P3HT_10perc_CHCL3_10perc_Def\WAXS\Linkam_stretcher_P3HT_10perc_CHCL3_10perc_Def_WAXS_0000.edf
SC5682,Linkam_stretcher_P3HT_10perc_CHCL3_110perc_Def,Linkam|stretcher|P3HT|10perc|CHCL3|110perc|Def,\\Synology\Data\2025\SC5682\Linkam_stretcher\Linkam_stretcher_P3HT_10perc_CHCL3_110perc_Def\WAXS\Linkam_stretcher_P3HT_10perc_CHCL3_110perc_Def_WAXS_0000.edf
SC5682,Linkam_stretcher_P3HT_10perc_CHCL3_120perc_Def,Linkam|stretcher|P3HT|10perc|CHCL3|120perc|Def,\\Synology\Data\2025\SC5682\Linkam_stretcher\Linkam_stretcher_P3HT_10perc_CHCL3_120perc_Def\WAXS\Linkam_stretcher_P3HT_10perc_CHCL3_120perc_Def_WAXS_0000.edf
SC5682,Linkam_stretcher_P3HT_10perc_CHCL3_130perc_Def,Linkam|stretcher|P3HT|10perc|CHCL3|130perc|Def,\\Synology\Data\2025\SC5682\Linkam_stretcher\Linkam_stretcher_P3HT_10perc_CHCL3_130perc_Def\WAXS\Linkam_stretcher_P3HT_10perc_CHCL3_130perc_Def_WAXS_0000.edf
SC5682,Linkam_stretcher_P3HT_10perc_CHCL3_140perc_Def,Linkam|stretcher|P3HT|10perc|CHCL3|140perc|Def,\\Synology\Data\2025\SC5682\Linkam_stretcher\Linkam_stretcher_P3HT_10perc_CHCL3_140perc_Def\WAXS\Linkam_stretcher_P3HT_10perc_CHCL3_140perc_Def_WAXS_0000.edf
SC5682,Linkam_stretcher_P3HT_10perc_CHCL3_150perc_Def,Linkam|stretcher|P3HT|10perc|CHCL3|150perc|Def,\\Synology\Data\2025\SC5682\Linkam_stretcher\Linkam_stretcher_P3HT_10perc_CHCL3_150perc_Def\WAXS\Linkam_stretcher_P3HT_10perc_CHCL3_150perc_Def_WAXS_0000.edf
SC5682,Linkam_stretcher_P3HT_10perc_CHCL3_20perc_Def,Linkam|stretcher|P3HT|10perc|CHCL3|20perc|Def,\\Synology\Data\2025\SC5682\Linkam_stretcher\Linkam_stretcher_P3HT_10perc_CHCL3_20perc_Def\WAXS\Linkam_stretcher_P3HT_10perc_CHCL3_20perc_Def_WAXS_0000.edf
SC5682,Linkam_stretcher_P3HT_10perc_CHCL3_30perc_Def,Linkam|stretcher|P3HT|10perc|CHCL3|30perc|Def,\\Synology\Data\2025\SC5682\Linkam_stretcher\Linkam_stretcher_P3HT_10perc_CHCL3_30perc_Def\WAXS\Linkam_stretcher_P3HT_10perc_CHCL3_30perc_Def_WAXS_0000.edf
SC5682,Linkam_stretcher_P3HT_10perc_CHCL3_40perc_Def,Linkam|stretcher|P3HT|10perc|CHCL3|40perc|Def,\\Synology\Data\2025\SC5682\Linkam_stretcher\Linkam_stretcher_P3HT_10perc_CHCL3_40perc_Def\WAXS\Linkam_stretcher_P3HT_10perc_CHCL3_40perc_Def_WAXS_0000.edf
SC5682,Linkam_stretcher_P3HT_10perc_CHCL3_50perc_Def,Linkam|stretcher|P3HT|10perc|CHCL3|50perc|Def,\\Synology\Data\2025\SC5682\Linkam_stretcher\Linkam_stretcher_P3HT_10perc_CHCL3_50perc_Def\WAXS\Linkam_stretcher_P3HT_10perc_CHCL3_50perc_Def_WAXS_0000.edf
SC5682,Linkam_stretcher_P3HT_10perc_CHCL3_60perc_Def,Linkam|stretcher|P3HT|10perc|CHCL3|60perc|Def,\\Synology\Data\2025\SC5682\Linkam_stretcher\Linkam_stretcher_P3HT_10perc_CHCL3_60perc_Def\WAXS\Linkam_stretcher_P3HT_10perc_CHCL3_60perc_Def_WAXS_0000.edf
SC5682,Linkam_stretcher_P3HT_10perc_CHCL3_70perc_Def,Linkam|stretcher|P3HT|10perc|CHCL3|70perc|Def,\\Synology\Data\2025\SC5682\Linkam_stretcher\Linkam_stretcher_P3HT_10perc_CHCL3_70perc_Def\WAXS\Linkam_stretcher_P3HT_10perc_CHCL3_70perc_Def_WAXS_0000.edf
SC5682,Linkam_stretcher_P3HT_10perc_CHCL3_90perc_Def,Linkam|stretcher|P3HT|10perc|CHCL3|90perc|Def,\\Synology\Data\2025\SC5682\Linkam_stretcher\Linkam_stretcher_P3HT_10perc_CHCL3_90perc_Def\WAXS\Linkam_stretcher_P3HT_10perc_CHCL3_90perc_Def_WAXS_0000.edf
SC5682,Lada_GP4,Lada|GP4,\\Synology\Data\2025\SC5682\Lada\Lada_GP4\WAXS\Lada_GP4_WAXS_0000.edf
SC5682,Lada_PMM6_From24_12_24,Lada|PMM6|From24|12|24,\\Synology\Data\2025\SC5682\Lada\Lada_PMM6_From24_12_24\WAXS\Lada_PMM6_From24_12_24_WAXS_0000.edf
SC5682,Lada_PPEGMA_100,Lada|PPEGMA|100,\\Synology\Data\2025\SC5682\Lada\Lada_PPEGMA_100\WAXS\Lada_PPEGMA_100_WAXS_0000.edf
SC5682,Lada_PPEGMA_200_From15_03_25,Lada|PPEGMA|200|From15|03|25,\\Synology\Data\2025\SC5682\Lada\Lada_PPEGMA_200_From15_03_25\WAXS\Lada_PPEGMA_200_From15_03_25_WAXS_0000.edf
SC5682,Lada_PPEGMA_200_From19_12_24,Lada|PPEGMA|200|From19|12|24,\\Synology\Data\2025\SC5682\Lada\Lada_PPEGMA_200_From19_12_24\WAXS\Lada_PPEGMA_200_From19_12_24_WAXS_0000.edf
SC5682,Lada_PPEGMA_50_From29_01_25,Lada|PPEGMA|50|From29|01|25,\\Synology\Data\2025\SC5682\Lada\Lada_PPEGMA_50_From29_01_25\WAXS\Lada_PPEGMA_50_From29_01_25_WAXS_0000.edf
SC5682,LAB6_Linkam_DSC,LAB6|Linkam|DSC,\\Synology\Data\2025\SC5682\LAB6\LAB6_Linkam_DSC\WAXS\LAB6_Linkam_DSC_WAXS_0000.edf
SC5682,Empty_Linkam_Static,Empty|Linkam|Static,\\Synology\Data\2025\SC5682\Empty_Linkam\Empty_Linkam_Static\WAXS\Empty_Linkam_Static_WAXS_0000.edf
SC5682,DSC_pan_Empty_Pan_RT,DSC|pan|Empty|Pan|RT,\\Synology\Data\2025\SC5682\DSC_pan\DSC_pan_Empty_Pan_RT\WAXS\DSC_pan_Empty_Pan_RT_WAXS_0000.edf
SC5682,Bukichev_PI_1_0perc,Bukichev|PI|1|0perc,\\Synology\Data\2025\SC5682\Bukichev\Bukichev_PI_1_0perc\WAXS\Bukichev_PI_1_0perc_WAXS_0000.edf
SC5682,Bukichev_PI_3_3perc,Bukichev|PI|3|3perc,\\Synology\Data\2025\SC5682\Bukichev\Bukichev_PI_3_3perc\WAXS\Bukichev_PI_3_3perc_WAXS_0000.edf
SC5682,Bukichev_PI_6_2perc,Bukichev|PI|6|2perc,\\Synology\Data\2025\SC5682\Bukichev\Bukichev_PI_6_2perc\WAXS\Bukichev_PI_6_2perc_WAXS_0000.edf
SC5682,Bukichev_TiO2_46nm,Bukichev|TiO2|46nm,\\Synology\Data\2025\SC5682\Bukichev\Bukichev_TiO2_46nm\WAXS\Bukichev_TiO2_46nm_WAXS_0000.edf
SC5682,Alina_membranes_Dry_B_5_30,Alina|membranes|Dry|B|5|30,\\Synology\Data\2025\SC5682\Alina_membranes\Alina_membranes_Dry_B_5_30\WAXS\Alina_membranes_Dry_B_5_30_WAXS_0000.edf
SC5682,Alina_membranes_Dry_B_5_3_30_A,Alina|membranes|Dry|B|5|3|30|A,\\Synology\Data\2025\SC5682\Alina_membranes\Alina_membranes_Dry_B_5_3_30_A\WAXS\Alina_membranes_Dry_B_5_3_30_A_WAXS_0000.edf
SC5682,Alina_membranes_Dry_B_6_30_A,Alina|membranes|Dry|B|6|30|A,\\Synology\Data\2025\SC5682\Alina_membranes\Alina_membranes_Dry_B_6_30_A\WAXS\Alina_membranes_Dry_B_6_30_A_WAXS_0000.edf
SC5682,Alina_membranes_Dry_B_6_60_A,Alina|membranes|Dry|B|6|60|A,\\Synology\Data\2025\SC5682\Alina_membranes\Alina_membranes_Dry_B_6_60_A\WAXS\Alina_membranes_Dry_B_6_60_A_WAXS_0000.edf
SC5682,Alina_membranes_Dry_B_7_30_A,Alina|membranes|Dry|B|7|30|A,\\Synology\Data\2025\SC5682\Alina_membranes\Alina_membranes_Dry_B_7_30_A\WAXS\Alina_membranes_Dry_B_7_30_A_WAXS_0000.edf
SC5682,Alina_membranes_Swollen_B_5_30,Alina|membranes|Swollen|B|5|30,\\Synology\Data\2025\SC5682\Alina_membranes\Alina_membranes_Swollen_B_5_30\WAXS\Alina_membranes_Swollen_B_5_30_WAXS_0000.edf
SC5682,Alina_membranes_Swollen_B_5_30_A,Alina|membranes|Swollen|B|5|30|A,\\Synology\Data\2025\SC5682\Alina_membranes\Alina_membranes_Swollen_B_5_30_A\WAXS\Alina_membranes_Swollen_B_5_30_A_WAXS_0000.edf
SC5682,Alina_membranes_Swollen_B_6_30_A,Alina|membranes|Swollen|B|6|30|A,\\Synology\Data\2025\SC5682\Alina_membranes\Alina_membranes_Swollen_B_6_30_A\WAXS\Alina_membranes_Swollen_B_6_30_A_WAXS_0000.edf
SC5682,Alina_membranes_Swollen_B_6_60_A,Alina|membranes|Swollen|B|6|60|A,\\Synology\Data\2025\SC5682\Alina_membranes\Alina_membranes_Swollen_B_6_60_A\WAXS\Alina_membranes_Swollen_B_6_60_A_WAXS_0000.edf
SC5682,Alina_membranes_Swollen_B_6_60_A_OnTheEdge,Alina|membranes|Swollen|B|6|60|A|OnTheEdge,\\Synology\Data\2025\SC5682\Alina_membranes\Alina_membranes_Swollen_B_6_60_A_OnTheEdge\WAXS\Alina_membranes_Swollen_B_6_60_A_OnTheEdge_WAXS_0000.edf
SC5682,Alina_membranes_Swollen_B_7_30_A,Alina|membranes|Swollen|B|7|30|A,\\Synology\Data\2025\SC5682\Alina_membranes\Alina_membranes_Swollen_B_7_30_A\WAXS\Alina_membranes_Swollen_B_7_30_A_WAXS_0000.edf
SC5682,Alina_membranes_Swollen_B_7_30_A_OnTheEdge,Alina|membranes|Swollen|B|7|30|A|OnTheEdge,\\Synology\Data\2025\SC5682\Alina_membranes\Alina_membranes_Swollen_B_7_30_A_OnTheEdge\WAXS\Alina_membranes_Swollen_B_7_30_A_OnTheEdge_WAXS_0000.edf
SC5682,Alina_Complexes_DN25_homo_VP,Alina|Complexes|DN25|homo|VP,
SC5682,Alina_Complexes_DN25_homo_VP_heating_to180C,Alina|Complexes|DN25|homo|VP|heating|to180C,\\Synology\Data\2025\SC5682\Alina_Complexes\Alina_Complexes_DN25_homo_VP_heating_to180C\WAXS\Alina_Complexes_DN25_homo_VP_heating_to180C_WAXS_0000.edf
SC5682,Alina_Complexes_DN25_homo_VP_static,Alina|Complexes|DN25|homo|VP|static,\\Synology\Data\2025\SC5682\Alina_Complexes\Alina_Complexes_DN25_homo_VP_static\WAXS\Alina_Complexes_DN25_homo_VP_static_WAXS_0000.edf
SC5682,Alina_Complexes_DN50_VP_heating_to,Alina|Complexes|DN50|VP|heating|to,\\Synology\Data\2025\SC5682\Alina_Complexes\Alina_Complexes_DN50_VP_heating_to\WAXS\Alina_Complexes_DN50_VP_heating_to_WAXS_0180.edf
SC5682,Alina_Complexes_DN50_VP_static,Alina|Complexes|DN50|VP|static,\\Synology\Data\2025\SC5682\Alina_Complexes\Alina_Complexes_DN50_VP_static\WAXS\Alina_Complexes_DN50_VP_static_WAXS_0000.edf
SC5682,Alina_Complexes_S_VP_3_1_N1_heating_180C,Alina|Complexes|S|VP|3|1|N1|heating|180C,\\Synology\Data\2025\SC5682\Alina_Complexes\Alina_Complexes_S_VP_3_1_N1_heating_180C\WAXS\Alina_Complexes_S_VP_3_1_N1_heating_180C_WAXS_0000.edf
SC5682,Alina_Complexes_S_VP_3_1_N1_static,Alina|Complexes|S|VP|3|1|N1|static,\\Synology\Data\2025\SC5682\Alina_Complexes\Alina_Complexes_S_VP_3_1_N1_static\WAXS\Alina_Complexes_S_VP_3_1_N1_static_WAXS_0000.edf
SC5682,Alina_Complexes_S_VP_9_1_N4_heating_180C,Alina|Complexes|S|VP|9|1|N4|heating|180C,\\Synology\Data\2025\SC5682\Alina_Complexes\Alina_Complexes_S_VP_9_1_N4_heating_180C\WAXS\Alina_Complexes_S_VP_9_1_N4_heating_180C_WAXS_0000.edf
SC5682,Alina_Complexes_S_VP_9_1_N4_static,Alina|Complexes|S|VP|9|1|N4|static,\\Synology\Data\2025\SC5682\Alina_Complexes\Alina_Complexes_S_VP_9_1_N4_static\WAXS\Alina_Complexes_S_VP_9_1_N4_static_WAXS_0000.edf
SC5682,AgBh_1p4m_Linkam_Capil,AgBh|1p4m|Linkam|Capil,\\Synology\Data\2025\SC5682\AgBh\AgBh_1p4m_Linkam_Capil\WAXS\AgBh_1p4m_Linkam_Capil_WAXS_0000.edf
SC5682,AgBe_Linkam_DSC,AgBe|Linkam|DSC,\\Synology\Data\2025\SC5682\AgBe\AgBe_Linkam_DSC\WAXS\AgBe_Linkam_DSC_WAXS_0000.edf
SC_5732,Alina_Complexes_PVP_W_DN25_heating_140C_and_back,Alina|Complexes|PVP|W|DN25|heating|140C|and|back,\\Synology\Data\2025\SC_5732\RAW_DATA\Alina_Complexes\Alina_Complexes_PVP_W_DN25_heating_140C_and_back\SAXS\Alina_Complexes_PVP_W_DN25_heating_140C_and_back_SAXS_0000.edf
SC_5732,PODFO_third_fiber_RT,PODFO|third|fiber|RT,\\Synology\Data\2025\SC_5732\PROCESSED_DATA\PODFO_third_fiber_RT\SAXS\PODFO_third_fiber_RT_SAXS_0000.edf
SC_5732,AgBh_LDSC_12p8keV_2m,AgBh|LDSC|12p8keV|2m,\\Synology\Data\2025\SC_5732\RAW_DATA\AgBh\AgBh_LDSC_12p8keV_2m\WAXS\AgBh_LDSC_12p8keV_2m_WAXS_0000.edf
ihsc1916,Vash_PDMS_BBlinear,Vash|PDMS|BBlinear,\\Synology\Data\2025\ihsc1916\20251129\RAW_DATA\Vash\Vash_PDMS_BBlinear\WAXS\Vash_PDMS_BBlinear_WAXS_0000.edf
ihsc1916,PODFO_2_PODFO_amorph_L4_Heat5Kpm,PODFO|2|PODFO|amorph|L4|Heat5Kpm,\\Synology\Data\2025\ihsc1916\20251129\RAW_DATA\PODFO_2\PODFO_2_PODFO_amorph_L4_Heat5Kpm\WAXS\PODFO_2_PODFO_amorph_L4_Heat5Kpm_WAXS_0000.edf
ihsc1916,PODFO_2_PODFO_amorph_L4_RT,PODFO|2|PODFO|amorph|L4|RT,\\Synology\Data\2025\ihsc1916\20251129\RAW_DATA\PODFO_2\PODFO_2_PODFO_amorph_L4_RT\WAXS\PODFO_2_PODFO_amorph_L4_RT_WAXS_0000.edf
ihsc1916,PODFO_1_DFO_DADFE_L1_Cryst,PODFO|1|DFO|DADFE|L1|Cryst,\\Synology\Data\2025\ihsc1916\20251129\RAW_DATA\PODFO_1\PODFO_1_DFO_DADFE_L1_Cryst\WAXS\PODFO_1_DFO_DADFE_L1_Cryst_WAXS_0000.edf
ihsc1916,PODFO_1_DFO_DADFE_L1_Cryst_Heat10Kpm,PODFO|1|DFO|DADFE|L1|Cryst|Heat10Kpm,\\Synology\Data\2025\ihsc1916\20251129\RAW_DATA\PODFO_1\PODFO_1_DFO_DADFE_L1_Cryst_Heat10Kpm\WAXS\PODFO_1_DFO_DADFE_L1_Cryst_Heat10Kpm_WAXS_0000.edf
ihsc1916,PODFO_1_P_DADFE_L2p24_Cryst_bis,PODFO|1|P|DADFE|L2p24|Cryst|bis,\\Synology\Data\2025\ihsc1916\20251129\RAW_DATA\PODFO_1\PODFO_1_P_DADFE_L2p24_Cryst_bis\WAXS\PODFO_1_P_DADFE_L2p24_Cryst_bis_WAXS_0000.edf
ihsc1916,PODFO_1_P_DADFE_L2p24_Cryst_Heat5Kpm,PODFO|1|P|DADFE|L2p24|Cryst|Heat5Kpm,\\Synology\Data\2025\ihsc1916\20251129\RAW_DATA\PODFO_1\PODFO_1_P_DADFE_L2p24_Cryst_Heat5Kpm\WAXS\PODFO_1_P_DADFE_L2p24_Cryst_Heat5Kpm_WAXS_0000.edf
ihsc1916,PODFO_P_DADFE_L2p25_Cryst,PODFO|P|DADFE|L2p25|Cryst,\\Synology\Data\2025\ihsc1916\20251129\RAW_DATA\PODFO\PODFO_P_DADFE_L2p25_Cryst\WAXS\PODFO_P_DADFE_L2p25_Cryst_WAXS_0000.edf
ihsc1916,PODFO_P_DADFE_L2p25_Cryst_heat360_10Kpm,PODFO|P|DADFE|L2p25|Cryst|heat360|10Kpm,\\Synology\Data\2025\ihsc1916\20251129\RAW_DATA\PODFO\PODFO_P_DADFE_L2p25_Cryst_heat360_10Kpm\WAXS\PODFO_P_DADFE_L2p25_Cryst_heat360_10Kpm_WAXS_0191.edf
ihsc1916,PBTT_PBTT_8O_Nov2025,PBTT|PBTT|8O|Nov2025,\\Synology\Data\2025\ihsc1916\20251129\RAW_DATA\PBTT\PBTT_PBTT_8O_Nov2025\WAXS\PBTT_PBTT_8O_Nov2025_WAXS_0000.edf
ihsc1916,PBA_MDI_BDO_Perc25,PBA|MDI|BDO|Perc25,\\Synology\Data\2025\ihsc1916\20251129\RAW_DATA\PBA_MDI_BDO\PBA_MDI_BDO_Perc25\WAXS\PBA_MDI_BDO_Perc25_WAXS_0000.edf
ihsc1916,PBA_MDI_BDO_Perc30,PBA|MDI|BDO|Perc30,\\Synology\Data\2025\ihsc1916\20251129\RAW_DATA\PBA_MDI_BDO\PBA_MDI_BDO_Perc30\WAXS\PBA_MDI_BDO_Perc30_WAXS_0000.edf
ihsc1916,PBA_MDI_BDO_Perc35,PBA|MDI|BDO|Perc35,\\Synology\Data\2025\ihsc1916\20251129\RAW_DATA\PBA_MDI_BDO\PBA_MDI_BDO_Perc35\WAXS\PBA_MDI_BDO_Perc35_WAXS_0000.edf
ihsc1916,PBA_MDI_BDO_Perc40,PBA|MDI|BDO|Perc40,\\Synology\Data\2025\ihsc1916\20251129\RAW_DATA\PBA_MDI_BDO\PBA_MDI_BDO_Perc40\WAXS\PBA_MDI_BDO_Perc40_WAXS_0000.edf
ihsc1916,PANA_PANA_07_11,PANA|PANA|07|11,\\Synology\Data\2025\ihsc1916\20251129\RAW_DATA\PANA\PANA_PANA_07_11\WAXS\PANA_PANA_07_11_WAXS_0000.edf
ihsc1916,PANA_PANA_10_11,PANA|PANA|10|11,\\Synology\Data\2025\ihsc1916\20251129\RAW_DATA\PANA\PANA_PANA_10_11\WAXS\PANA_PANA_10_11_WAXS_0000.edf
ihsc1916,Empty_Linkam_BacktoInit_EmpteLinkam_BackToInitialPos,Empty|Linkam|BacktoInit|EmpteLinkam|BackToInitialPos,\\Synology\Data\2025\ihsc1916\20251129\RAW_DATA\Empty_Linkam_BacktoInit\Empty_Linkam_BacktoInit_EmpteLinkam_BackToInitialPos\WAXS\Empty_Linkam_BacktoInit_EmpteLinkam_BackToInitialPos_WAXS_0000.edf
ihsc1916,Bott_PDMS_bis_Empty_Linkam,Bott|PDMS|bis|Empty|Linkam,\\Synology\Data\2025\ihsc1916\20251129\RAW_DATA\Bott_PDMS_bis\Bott_PDMS_bis_Empty_Linkam\WAXS\Bott_PDMS_bis_Empty_Linkam_WAXS_0000.edf
ihsc1916,Bott_PDMS_bis_Empty_Linkam_after_burning400C,Bott|PDMS|bis|Empty|Linkam|after|burning400C,\\Synology\Data\2025\ihsc1916\20251129\RAW_DATA\Bott_PDMS_bis\Bott_PDMS_bis_Empty_Linkam_after_burning400C\WAXS\Bott_PDMS_bis_Empty_Linkam_after_burning400C_WAXS_0000.edf
ihsc1916,Bott_PDMS_bis_Empty_Linkam_bis,Bott|PDMS|bis|Empty|Linkam|bis,\\Synology\Data\2025\ihsc1916\20251129\RAW_DATA\Bott_PDMS_bis\Bott_PDMS_bis_Empty_Linkam_bis\WAXS\Bott_PDMS_bis_Empty_Linkam_bis_WAXS_0000.edf
ihsc1916,Bott_PDMS_bis_M11_PDNS_Melt,Bott|PDMS|bis|M11|PDNS|Melt,\\Synology\Data\2025\ihsc1916\20251129\RAW_DATA\Bott_PDMS_bis\Bott_PDMS_bis_M11_PDNS_Melt\WAXS\Bott_PDMS_bis_M11_PDNS_Melt_WAXS_0000.edf
ihsc1916,Bott_PDMS_bis_PDMS_BNMA_NG2_Melt,Bott|PDMS|bis|PDMS|BNMA|NG2|Melt,\\Synology\Data\2025\ihsc1916\20251129\RAW_DATA\Bott_PDMS_bis\Bott_PDMS_bis_PDMS_BNMA_NG2_Melt\WAXS\Bott_PDMS_bis_PDMS_BNMA_NG2_Melt_WAXS_0000.edf
ihsc1916,Bott_PDMS_bis_PDMS_BNMA_NG3_melt,Bott|PDMS|bis|PDMS|BNMA|NG3|melt,\\Synology\Data\2025\ihsc1916\20251129\RAW_DATA\Bott_PDMS_bis\Bott_PDMS_bis_PDMS_BNMA_NG3_melt\WAXS\Bott_PDMS_bis_PDMS_BNMA_NG3_melt_WAXS_0000.edf
ihsc1916,Bott_PDMS_bis_PDMS_BNMA_NG4_melt,Bott|PDMS|bis|PDMS|BNMA|NG4|melt,\\Synology\Data\2025\ihsc1916\20251129\RAW_DATA\Bott_PDMS_bis\Bott_PDMS_bis_PDMS_BNMA_NG4_melt\WAXS\Bott_PDMS_bis_PDMS_BNMA_NG4_melt_WAXS_0000.edf
ihsc1916,Bott_PDMS_bis_PDMS_BNMA_NG7_melt_15perc_Conversion,Bott|PDMS|bis|PDMS|BNMA|NG7|melt|15perc|Conversion,\\Synology\Data\2025\ihsc1916\20251129\RAW_DATA\Bott_PDMS_bis\Bott_PDMS_bis_PDMS_BNMA_NG7_melt_15perc_Conversion\WAXS\Bott_PDMS_bis_PDMS_BNMA_NG7_melt_15perc_Conversion_WAXS_0000.edf
ihsc1916,Bott_PDMS_AgBe,Bott|PDMS|AgBe,
ihsc1916,Bott_PDMS_AgBh,Bott|PDMS|AgBh,\\Synology\Data\2025\ihsc1916\20251129\RAW_DATA\Bott_PDMS\Bott_PDMS_AgBh\WAXS\Bott_PDMS_AgBh_WAXS_0000.edf
ihsc1916,Bott_PDMS_LAB6,Bott|PDMS|LAB6,\\Synology\Data\2025\ihsc1916\20251129\RAW_DATA\Bott_PDMS\Bott_PDMS_LAB6\WAXS\Bott_PDMS_LAB6_WAXS_0000.edf
ihsc1916,Bott_PDMS_PDMS_BNMA_NG3_melt,Bott|PDMS|PDMS|BNMA|NG3|melt,\\Synology\Data\2025\ihsc1916\20251129\RAW_DATA\Bott_PDMS\Bott_PDMS_PDMS_BNMA_NG3_melt\WAXS\Bott_PDMS_PDMS_BNMA_NG3_melt_WAXS_0000.edf
ihsc1916,AgBh_shifted_AgBh_NewVertposition,AgBh|shifted|AgBh|NewVertposition,\\Synology\Data\2025\ihsc1916\20251129\RAW_DATA\AgBh_shifted\AgBh_shifted_AgBh_NewVertposition\WAXS\AgBh_shifted_AgBh_NewVertposition_WAXS_0000.edf
ihsc1916,AgBh_back_AgBh_back_to_initial,AgBh|back|AgBh|back|to|initial,\\Synology\Data\2025\ihsc1916\20251129\RAW_DATA\AgBh_back\AgBh_back_AgBh_back_to_initial\WAXS\AgBh_back_AgBh_back_to_initial_WAXS_0000.edf
IHSC_1881,setup_setup,setup|setup,\\Synology\Data\2025\IHSC_1881\RAW_DATA\setup\setup_setup\WAXS\setup_setup_WAXS_0000.edf
IHSC_1881,setup_setup2,setup|setup2,
IHSC_1881,P20_1_4,P20|1|4,\\Synology\Data\2025\IHSC_1881\RAW_DATA\P20\P20_1_4\WAXS\P20_1_4_WAXS_0000.edf
IHSC_1881,P20_1_6,P20|1|6,\\Synology\Data\2025\IHSC_1881\RAW_DATA\P20\P20_1_6\WAXS\P20_1_6_WAXS_0000.edf
IHSC_1881,LaB6_1_4,LaB6|1|4,\\Synology\Data\2025\IHSC_1881\RAW_DATA\LaB6\LaB6_1_4\WAXS\LaB6_1_4_WAXS_0000.edf
IHSC_1881,Ag_Be_AgBe_calib,Ag|Be|AgBe|calib,\\Synology\Data\2025\IHSC_1881\RAW_DATA\Ag_Be\Ag_Be_AgBe_calib\WAXS\Ag_Be_AgBe_calib_WAXS_0000.edf
IHSC_1872,XX_43_CHCl3_static,XX|43|CHCl3|static,\\Synology\Data\2025\IHSC_1872\XX_43_CHCl3\XX_43_CHCl3_static\WAXS\XX_43_CHCl3_static_WAXS_0000.edf
IHSC_1872,Water_Capillary_1_5mm,Water|Capillary|1|5mm,\\Synology\Data\2025\IHSC_1872\Water\Water_Capillary_1_5mm\WAXS\Water_Capillary_1_5mm_WAXS_0000.edf
IHSC_1872,VTE4_P2_Ht_100C_10Kpm,VTE4|P2|Ht|100C|10Kpm,\\Synology\Data\2025\IHSC_1872\VTE4_P2\VTE4_P2_Ht_100C_10Kpm\WAXS\VTE4_P2_Ht_100C_10Kpm_WAXS_0000.edf
IHSC_1872,VTE4_P1_Ht_100C_10Kpm,VTE4|P1|Ht|100C|10Kpm,\\Synology\Data\2025\IHSC_1872\VTE4_P1\VTE4_P1_Ht_100C_10Kpm\WAXS\VTE4_P1_Ht_100C_10Kpm_WAXS_0000.edf
IHSC_1872,VTE2_P3_Ht_80C_10Kpm,VTE2|P3|Ht|80C|10Kpm,\\Synology\Data\2025\IHSC_1872\VTE2_P3\VTE2_P3_Ht_80C_10Kpm\WAXS\VTE2_P3_Ht_80C_10Kpm_WAXS_0000.edf
IHSC_1872,VTE2_P3_Ht_80C_140C_10Kpm,VTE2|P3|Ht|80C|140C|10Kpm,\\Synology\Data\2025\IHSC_1872\VTE2_P3\VTE2_P3_Ht_80C_140C_10Kpm\WAXS\VTE2_P3_Ht_80C_140C_10Kpm_WAXS_0000.edf
IHSC_1872,VTE2_P2_Cooling_140C_25C_10Kpm,VTE2|P2|Cooling|140C|25C|10Kpm,\\Synology\Data\2025\IHSC_1872\VTE2_P2\VTE2_P2_Cooling_140C_25C_10Kpm\WAXS\VTE2_P2_Cooling_140C_25C_10Kpm_WAXS_0000.edf
IHSC_1872,VTE2_P2_Ht_80C_10Kpm,VTE2|P2|Ht|80C|10Kpm,\\Synology\Data\2025\IHSC_1872\VTE2_P2\VTE2_P2_Ht_80C_10Kpm\WAXS\VTE2_P2_Ht_80C_10Kpm_WAXS_0000.edf
IHSC_1872,VTE2_P2_Ht_80C_150C_10Kpm,VTE2|P2|Ht|80C|150C|10Kpm,\\Synology\Data\2025\IHSC_1872\VTE2_P2\VTE2_P2_Ht_80C_150C_10Kpm\WAXS\VTE2_P2_Ht_80C_150C_10Kpm_WAXS_0000.edf
IHSC_1872,VTE2_P2_Second_Ht_140C_10Kpm,VTE2|P2|Second|Ht|140C|10Kpm,\\Synology\Data\2025\IHSC_1872\VTE2_P2\VTE2_P2_Second_Ht_140C_10Kpm\WAXS\VTE2_P2_Second_Ht_140C_10Kpm_WAXS_0000.edf
IHSC_1872,VTE2_P1_Ht_205C_10Kpm,VTE2|P1|Ht|205C|10Kpm,\\Synology\Data\2025\IHSC_1872\VTE2_P1\VTE2_P1_Ht_205C_10Kpm\WAXS\VTE2_P1_Ht_205C_10Kpm_WAXS_0000.edf
IHSC_1872,VTE1_P6_Ht_80C_10Kpm,VTE1|P6|Ht|80C|10Kpm,\\Synology\Data\2025\IHSC_1872\VTE1_P6\VTE1_P6_Ht_80C_10Kpm\WAXS\VTE1_P6_Ht_80C_10Kpm_WAXS_0000.edf
IHSC_1872,VTE1_P6_static_RT,VTE1|P6|static|RT,\\Synology\Data\2025\IHSC_1872\VTE1_P6\VTE1_P6_static_RT\WAXS\VTE1_P6_static_RT_WAXS_0000.edf
IHSC_1872,VTE1_P5_static_RT,VTE1|P5|static|RT,\\Synology\Data\2025\IHSC_1872\VTE1_P5\VTE1_P5_static_RT\WAXS\VTE1_P5_static_RT_WAXS_0000.edf
IHSC_1872,VTE1_P3_Ht_80C_10Kpm,VTE1|P3|Ht|80C|10Kpm,\\Synology\Data\2025\IHSC_1872\VTE1_P3\VTE1_P3_Ht_80C_10Kpm\WAXS\VTE1_P3_Ht_80C_10Kpm_WAXS_0000.edf
IHSC_1872,VTE1_P2_Ht_100C_10Kpm,VTE1|P2|Ht|100C|10Kpm,\\Synology\Data\2025\IHSC_1872\VTE1_P2\VTE1_P2_Ht_100C_10Kpm\WAXS\VTE1_P2_Ht_100C_10Kpm_WAXS_0000.edf
IHSC_1872,VTE1_P1_Ht_100C_10Kpm,VTE1|P1|Ht|100C|10Kpm,\\Synology\Data\2025\IHSC_1872\VTE1_P1\VTE1_P1_Ht_100C_10Kpm\WAXS\VTE1_P1_Ht_100C_10Kpm_WAXS_0000.edf
IHSC_1872,TPU_405_1_4m_third_RT_25perc,TPU|405|1|4m|third|RT|25perc,\\Synology\Data\2025\IHSC_1872\TPU_405_1_4m_third\TPU_405_1_4m_third_RT_25perc\WAXS\TPU_405_1_4m_third_RT_25perc_WAXS_0000.edf
IHSC_1872,TPU_405_1_4m_third_RT_50perc,TPU|405|1|4m|third|RT|50perc,\\Synology\Data\2025\IHSC_1872\TPU_405_1_4m_third\TPU_405_1_4m_third_RT_50perc\WAXS\TPU_405_1_4m_third_RT_50perc_WAXS_0000.edf
IHSC_1872,TPU_405_1_4m_third_RT_75perc,TPU|405|1|4m|third|RT|75perc,\\Synology\Data\2025\IHSC_1872\TPU_405_1_4m_third\TPU_405_1_4m_third_RT_75perc\WAXS\TPU_405_1_4m_third_RT_75perc_WAXS_0000.edf
IHSC_1872,TPU_405_1_4m_third_RT_75perc_after_break,TPU|405|1|4m|third|RT|75perc|after|break,\\Synology\Data\2025\IHSC_1872\TPU_405_1_4m_third\TPU_405_1_4m_third_RT_75perc_after_break\WAXS\TPU_405_1_4m_third_RT_75perc_after_break_WAXS_0000.edf
IHSC_1872,TPU_405_1_4m_third_RT_underformed,TPU|405|1|4m|third|RT|underformed,\\Synology\Data\2025\IHSC_1872\TPU_405_1_4m_third\TPU_405_1_4m_third_RT_underformed\WAXS\TPU_405_1_4m_third_RT_underformed_WAXS_0000.edf
IHSC_1872,TPU_405_1_4m_second_RT_25perc,TPU|405|1|4m|second|RT|25perc,\\Synology\Data\2025\IHSC_1872\TPU_405_1_4m_second\TPU_405_1_4m_second_RT_25perc\WAXS\TPU_405_1_4m_second_RT_25perc_WAXS_0000.edf
IHSC_1872,TPU_405_1_4m_second_RT_50perc,TPU|405|1|4m|second|RT|50perc,\\Synology\Data\2025\IHSC_1872\TPU_405_1_4m_second\TPU_405_1_4m_second_RT_50perc\WAXS\TPU_405_1_4m_second_RT_50perc_WAXS_0000.edf
IHSC_1872,TPU_405_1_4m_second_RT_75perc,TPU|405|1|4m|second|RT|75perc,\\Synology\Data\2025\IHSC_1872\TPU_405_1_4m_second\TPU_405_1_4m_second_RT_75perc\WAXS\TPU_405_1_4m_second_RT_75perc_WAXS_0000.edf
IHSC_1872,TPU_405_1_4m_second_RT_underf_21_5mm,TPU|405|1|4m|second|RT|underf|21|5mm,\\Synology\Data\2025\IHSC_1872\TPU_405_1_4m_second\TPU_405_1_4m_second_RT_underf_21_5mm\WAXS\TPU_405_1_4m_second_RT_underf_21_5mm_WAXS_0000.edf
IHSC_1872,TPU_405_1_4m_RT_25perc,TPU|405|1|4m|RT|25perc,
IHSC_1872,TPU_405_1_4m_RT_25perc_bis,TPU|405|1|4m|RT|25perc|bis,\\Synology\Data\2025\IHSC_1872\TPU_405_1_4m\TPU_405_1_4m_RT_25perc_bis\WAXS\TPU_405_1_4m_RT_25perc_bis_WAXS_0000.edf
IHSC_1872,TPU_405_1_4m_RT_50perc_bis,TPU|405|1|4m|RT|50perc|bis,\\Synology\Data\2025\IHSC_1872\TPU_405_1_4m\TPU_405_1_4m_RT_50perc_bis\WAXS\TPU_405_1_4m_RT_50perc_bis_WAXS_0000.edf
IHSC_1872,TPU_405_1_4m_RT_75perc_bis,TPU|405|1|4m|RT|75perc|bis,\\Synology\Data\2025\IHSC_1872\TPU_405_1_4m\TPU_405_1_4m_RT_75perc_bis\WAXS\TPU_405_1_4m_RT_75perc_bis_WAXS_0000.edf
IHSC_1872,TPU_405_1_4m_RT_underformed,TPU|405|1|4m|RT|underformed,\\Synology\Data\2025\IHSC_1872\TPU_405_1_4m\TPU_405_1_4m_RT_underformed\WAXS\TPU_405_1_4m_RT_underformed_WAXS_0000.edf
IHSC_1872,TPU_405_1_4m_RT_underformed_bis,TPU|405|1|4m|RT|underformed|bis,\\Synology\Data\2025\IHSC_1872\TPU_405_1_4m\TPU_405_1_4m_RT_underformed_bis\WAXS\TPU_405_1_4m_RT_underformed_bis_WAXS_0000.edf
IHSC_1872,Test_test,Test|test,\\Synology\Data\2025\IHSC_1872\Test\Test_test\WAXS\Test_test_WAXS_0000.edf
IHSC_1872,S_VP_3_1_static,S|VP|3|1|static,\\Synology\Data\2025\IHSC_1872\S_VP_3_1\S_VP_3_1_static\WAXS\S_VP_3_1_static_WAXS_0000.edf
IHSC_1872,S_VP_1_1_static,S|VP|1|1|static,\\Synology\Data\2025\IHSC_1872\S_VP_1_1\S_VP_1_1_static\WAXS\S_VP_1_1_static_WAXS_0000.edf
IHSC_1872,S_VP_123_static,S|VP|123|static,\\Synology\Data\2025\IHSC_1872\S_VP_123\S_VP_123_static\WAXS\S_VP_123_static_WAXS_0000.edf
IHSC_1872,S_VP_static,S|VP|static,\\Synology\Data\2025\IHSC_1872\S_VP\S_VP_static\WAXS\S_VP_static_WAXS_0000.edf
IHSC_1872,Stretcher_1_4m_AgBe,Stretcher|1|4m|AgBe,\\Synology\Data\2025\IHSC_1872\Stretcher_1_4m\Stretcher_1_4m_AgBe\WAXS\Stretcher_1_4m_AgBe_WAXS_0000.edf
IHSC_1872,Stretcher_1_4m_Al2O3,Stretcher|1|4m|Al2O3,\\Synology\Data\2025\IHSC_1872\Stretcher_1_4m\Stretcher_1_4m_Al2O3\WAXS\Stretcher_1_4m_Al2O3_WAXS_0000.edf
IHSC_1872,Red_Hydrogel_Alexey_Capillary_1_5mm,Red|Hydrogel|Alexey|Capillary|1|5mm,\\Synology\Data\2025\IHSC_1872\Red_Hydrogel_Alexey\Red_Hydrogel_Alexey_Capillary_1_5mm\WAXS\Red_Hydrogel_Alexey_Capillary_1_5mm_WAXS_0000.edf
IHSC_1872,PEG_PLA_200_1_static,PEG|PLA|200|1|static,\\Synology\Data\2025\IHSC_1872\PEG_PLA_200_1\PEG_PLA_200_1_static\WAXS\PEG_PLA_200_1_static_WAXS_0000.edf
IHSC_1872,PEG_PLA_100_1_ht_1_4,PEG|PLA|100|1|ht|1|4,\\Synology\Data\2025\IHSC_1872\PEG_PLA_100_1\PEG_PLA_100_1_ht_1_4\WAXS\PEG_PLA_100_1_ht_1_4_WAXS_0000.edf
IHSC_1872,PDMS_g_P3HT_7perc_CHCl3_stretch_Base_20mm,PDMS|g|P3HT|7perc|CHCl3|stretch|Base|20mm,\\Synology\Data\2025\IHSC_1872\PDMS_g_P3HT_7perc_CHCl3_stretch\PDMS_g_P3HT_7perc_CHCl3_stretch_Base_20mm\WAXS\PDMS_g_P3HT_7perc_CHCl3_stretch_Base_20mm_WAXS_0000.edf
IHSC_1872,PDMS_g_P3HT_7perc_CHCl3_stretch_Base_22mm,PDMS|g|P3HT|7perc|CHCl3|stretch|Base|22mm,\\Synology\Data\2025\IHSC_1872\PDMS_g_P3HT_7perc_CHCl3_stretch\PDMS_g_P3HT_7perc_CHCl3_stretch_Base_22mm\WAXS\PDMS_g_P3HT_7perc_CHCl3_stretch_Base_22mm_WAXS_0000.edf
IHSC_1872,PDMS_g_P3HT_7perc_CHCl3_stretch_Base_24mm,PDMS|g|P3HT|7perc|CHCl3|stretch|Base|24mm,\\Synology\Data\2025\IHSC_1872\PDMS_g_P3HT_7perc_CHCl3_stretch\PDMS_g_P3HT_7perc_CHCl3_stretch_Base_24mm\WAXS\PDMS_g_P3HT_7perc_CHCl3_stretch_Base_24mm_WAXS_0000.edf
IHSC_1872,PDMS_g_P3HT_15perc_CHCl3_stretch_bis_bis_Base_15mm,PDMS|g|P3HT|15perc|CHCl3|stretch|bis|bis|Base|15mm,\\Synology\Data\2025\IHSC_1872\PDMS_g_P3HT_15perc_CHCl3_stretch_bis_bis\PDMS_g_P3HT_15perc_CHCl3_stretch_bis_bis_Base_15mm\WAXS\PDMS_g_P3HT_15perc_CHCl3_stretch_bis_bis_Base_15mm_WAXS_0000.edf
IHSC_1872,PDMS_g_P3HT_15perc_CHCl3_stretch_bis_bis_Base_22_5mm,PDMS|g|P3HT|15perc|CHCl3|stretch|bis|bis|Base|22|5mm,\\Synology\Data\2025\IHSC_1872\PDMS_g_P3HT_15perc_CHCl3_stretch_bis_bis\PDMS_g_P3HT_15perc_CHCl3_stretch_bis_bis_Base_22_5mm\WAXS\PDMS_g_P3HT_15perc_CHCl3_stretch_bis_bis_Base_22_5mm_WAXS_0000.edf
IHSC_1872,PDMS_g_P3HT_15perc_CHCl3_stretch_bis_bis_Base_24mm,PDMS|g|P3HT|15perc|CHCl3|stretch|bis|bis|Base|24mm,\\Synology\Data\2025\IHSC_1872\PDMS_g_P3HT_15perc_CHCl3_stretch_bis_bis\PDMS_g_P3HT_15perc_CHCl3_stretch_bis_bis_Base_24mm\WAXS\PDMS_g_P3HT_15perc_CHCl3_stretch_bis_bis_Base_24mm_WAXS_0000.edf
IHSC_1872,PDMS_g_P3HT_15perc_CHCl3_stretch_bis_bis_Base_25_5mm,PDMS|g|P3HT|15perc|CHCl3|stretch|bis|bis|Base|25|5mm,\\Synology\Data\2025\IHSC_1872\PDMS_g_P3HT_15perc_CHCl3_stretch_bis_bis\PDMS_g_P3HT_15perc_CHCl3_stretch_bis_bis_Base_25_5mm\WAXS\PDMS_g_P3HT_15perc_CHCl3_stretch_bis_bis_Base_25_5mm_WAXS_0000.edf
IHSC_1872,PDMS_g_P3HT_15perc_CHCl3_stretch_bis_bis_Base_27mm,PDMS|g|P3HT|15perc|CHCl3|stretch|bis|bis|Base|27mm,\\Synology\Data\2025\IHSC_1872\PDMS_g_P3HT_15perc_CHCl3_stretch_bis_bis\PDMS_g_P3HT_15perc_CHCl3_stretch_bis_bis_Base_27mm\WAXS\PDMS_g_P3HT_15perc_CHCl3_stretch_bis_bis_Base_27mm_WAXS_0000.edf
IHSC_1872,PDMS_g_P3HT_15perc_CHCl3_stretch_bis_Base_22mm,PDMS|g|P3HT|15perc|CHCl3|stretch|bis|Base|22mm,\\Synology\Data\2025\IHSC_1872\PDMS_g_P3HT_15perc_CHCl3_stretch_bis\PDMS_g_P3HT_15perc_CHCl3_stretch_bis_Base_22mm\WAXS\PDMS_g_P3HT_15perc_CHCl3_stretch_bis_Base_22mm_WAXS_0000.edf
IHSC_1872,PDMS_g_P3HT_15perc_CHCl3_stretch_bis_Base_24mm,PDMS|g|P3HT|15perc|CHCl3|stretch|bis|Base|24mm,\\Synology\Data\2025\IHSC_1872\PDMS_g_P3HT_15perc_CHCl3_stretch_bis\PDMS_g_P3HT_15perc_CHCl3_stretch_bis_Base_24mm\WAXS\PDMS_g_P3HT_15perc_CHCl3_stretch_bis_Base_24mm_WAXS_0000.edf
IHSC_1872,PDMS_g_P3HT_15perc_CHCl3_stretch_bis_Base_26mm,PDMS|g|P3HT|15perc|CHCl3|stretch|bis|Base|26mm,\\Synology\Data\2025\IHSC_1872\PDMS_g_P3HT_15perc_CHCl3_stretch_bis\PDMS_g_P3HT_15perc_CHCl3_stretch_bis_Base_26mm\WAXS\PDMS_g_P3HT_15perc_CHCl3_stretch_bis_Base_26mm_WAXS_0000.edf
IHSC_1872,PDMS_g_P3HT_15perc_CHCl3_stretch_bis_Base_28mm,PDMS|g|P3HT|15perc|CHCl3|stretch|bis|Base|28mm,\\Synology\Data\2025\IHSC_1872\PDMS_g_P3HT_15perc_CHCl3_stretch_bis\PDMS_g_P3HT_15perc_CHCl3_stretch_bis_Base_28mm\WAXS\PDMS_g_P3HT_15perc_CHCl3_stretch_bis_Base_28mm_WAXS_0000.edf
IHSC_1872,PDMS_g_P3HT_15perc_CHCl3_stretch_bis_Base_30mm,PDMS|g|P3HT|15perc|CHCl3|stretch|bis|Base|30mm,\\Synology\Data\2025\IHSC_1872\PDMS_g_P3HT_15perc_CHCl3_stretch_bis\PDMS_g_P3HT_15perc_CHCl3_stretch_bis_Base_30mm\WAXS\PDMS_g_P3HT_15perc_CHCl3_stretch_bis_Base_30mm_WAXS_0000.edf
IHSC_1872,PDMS_g_P3HT_15perc_CHCl3_stretch_bis_Base_32mm,PDMS|g|P3HT|15perc|CHCl3|stretch|bis|Base|32mm,\\Synology\Data\2025\IHSC_1872\PDMS_g_P3HT_15perc_CHCl3_stretch_bis\PDMS_g_P3HT_15perc_CHCl3_stretch_bis_Base_32mm\WAXS\PDMS_g_P3HT_15perc_CHCl3_stretch_bis_Base_32mm_WAXS_0000.edf
IHSC_1872,PDMS_g_P3HT_15perc_CHCl3_stretch_bis_Base_34mm,PDMS|g|P3HT|15perc|CHCl3|stretch|bis|Base|34mm,\\Synology\Data\2025\IHSC_1872\PDMS_g_P3HT_15perc_CHCl3_stretch_bis\PDMS_g_P3HT_15perc_CHCl3_stretch_bis_Base_34mm\WAXS\PDMS_g_P3HT_15perc_CHCl3_stretch_bis_Base_34mm_WAXS_0000.edf
IHSC_1872,PDMS_g_P3HT_15perc_CHCl3_stretch_bis_Base_36mm,PDMS|g|P3HT|15perc|CHCl3|stretch|bis|Base|36mm,\\Synology\Data\2025\IHSC_1872\PDMS_g_P3HT_15perc_CHCl3_stretch_bis\PDMS_g_P3HT_15perc_CHCl3_stretch_bis_Base_36mm\WAXS\PDMS_g_P3HT_15perc_CHCl3_stretch_bis_Base_36mm_WAXS_0000.edf
IHSC_1872,PDMS_g_P3HT_15perc_CHCl3_stretch_bis_Base_38mm,PDMS|g|P3HT|15perc|CHCl3|stretch|bis|Base|38mm,\\Synology\Data\2025\IHSC_1872\PDMS_g_P3HT_15perc_CHCl3_stretch_bis\PDMS_g_P3HT_15perc_CHCl3_stretch_bis_Base_38mm\WAXS\PDMS_g_P3HT_15perc_CHCl3_stretch_bis_Base_38mm_WAXS_0000.edf
IHSC_1872,PDMS_g_P3HT_15perc_CHCl3_stretch_bis_Base_40mm,PDMS|g|P3HT|15perc|CHCl3|stretch|bis|Base|40mm,
IHSC_1872,PDMS_g_P3HT_15perc_CHCl3_stretch_bis_Undefromed_20mm,PDMS|g|P3HT|15perc|CHCl3|stretch|bis|Undefromed|20mm,\\Synology\Data\2025\IHSC_1872\PDMS_g_P3HT_15perc_CHCl3_stretch_bis\PDMS_g_P3HT_15perc_CHCl3_stretch_bis_Undefromed_20mm\WAXS\PDMS_g_P3HT_15perc_CHCl3_stretch_bis_Undefromed_20mm_WAXS_0000.edf
IHSC_1872,PDMS_g_P3HT_15perc_CHCl3_stretch_Base_22mm,PDMS|g|P3HT|15perc|CHCl3|stretch|Base|22mm,\\Synology\Data\2025\IHSC_1872\PDMS_g_P3HT_15perc_CHCl3_stretch\PDMS_g_P3HT_15perc_CHCl3_stretch_Base_22mm\WAXS\PDMS_g_P3HT_15perc_CHCl3_stretch_Base_22mm_WAXS_0000.edf
IHSC_1872,PDMS_g_P3HT_15perc_CHCl3_stretch_Base_24mm,PDMS|g|P3HT|15perc|CHCl3|stretch|Base|24mm,\\Synology\Data\2025\IHSC_1872\PDMS_g_P3HT_15perc_CHCl3_stretch\PDMS_g_P3HT_15perc_CHCl3_stretch_Base_24mm\WAXS\PDMS_g_P3HT_15perc_CHCl3_stretch_Base_24mm_WAXS_0000.edf
IHSC_1872,PDMS_g_P3HT_15perc_CHCl3_stretch_Base_26mm,PDMS|g|P3HT|15perc|CHCl3|stretch|Base|26mm,\\Synology\Data\2025\IHSC_1872\PDMS_g_P3HT_15perc_CHCl3_stretch\PDMS_g_P3HT_15perc_CHCl3_stretch_Base_26mm\WAXS\PDMS_g_P3HT_15perc_CHCl3_stretch_Base_26mm_WAXS_0000.edf
IHSC_1872,PDMS_g_P3HT_15perc_CHCl3_stretch_Base_28mm,PDMS|g|P3HT|15perc|CHCl3|stretch|Base|28mm,\\Synology\Data\2025\IHSC_1872\PDMS_g_P3HT_15perc_CHCl3_stretch\PDMS_g_P3HT_15perc_CHCl3_stretch_Base_28mm\WAXS\PDMS_g_P3HT_15perc_CHCl3_stretch_Base_28mm_WAXS_0000.edf
IHSC_1872,PDMS_g_P3HT_15perc_CHCl3_stretch_Base_30mm,PDMS|g|P3HT|15perc|CHCl3|stretch|Base|30mm,\\Synology\Data\2025\IHSC_1872\PDMS_g_P3HT_15perc_CHCl3_stretch\PDMS_g_P3HT_15perc_CHCl3_stretch_Base_30mm\WAXS\PDMS_g_P3HT_15perc_CHCl3_stretch_Base_30mm_WAXS_0000.edf
IHSC_1872,PDMS_g_P3HT_15perc_CHCl3_stretch_Base_32mm,PDMS|g|P3HT|15perc|CHCl3|stretch|Base|32mm,\\Synology\Data\2025\IHSC_1872\PDMS_g_P3HT_15perc_CHCl3_stretch\PDMS_g_P3HT_15perc_CHCl3_stretch_Base_32mm\WAXS\PDMS_g_P3HT_15perc_CHCl3_stretch_Base_32mm_WAXS_0000.edf
IHSC_1872,PDMS_g_P3HT_15perc_CHCl3_stretch_Base_36mm,PDMS|g|P3HT|15perc|CHCl3|stretch|Base|36mm,\\Synology\Data\2025\IHSC_1872\PDMS_g_P3HT_15perc_CHCl3_stretch\PDMS_g_P3HT_15perc_CHCl3_stretch_Base_36mm\WAXS\PDMS_g_P3HT_15perc_CHCl3_stretch_Base_36mm_WAXS_0000.edf
IHSC_1872,PDMS_g_P3HT_15perc_CHCl3_stretch_Base_38mm,PDMS|g|P3HT|15perc|CHCl3|stretch|Base|38mm,
IHSC_1872,PDMS_g_P3HT_15perc_CHCl3_stretch_Undeformed_20mm,PDMS|g|P3HT|15perc|CHCl3|stretch|Undeformed|20mm,\\Synology\Data\2025\IHSC_1872\PDMS_g_P3HT_15perc_CHCl3_stretch\PDMS_g_P3HT_15perc_CHCl3_stretch_Undeformed_20mm\WAXS\PDMS_g_P3HT_15perc_CHCl3_stretch_Undeformed_20mm_WAXS_0000.edf
IHSC_1872,PDMS_g_P3HT_12perc_CHCl3_stretch_ultmatesam_Base_15mm,PDMS|g|P3HT|12perc|CHCl3|stretch|ultmatesam|Base|15mm,\\Synology\Data\2025\IHSC_1872\PDMS_g_P3HT_12perc_CHCl3_stretch_ultmatesam\PDMS_g_P3HT_12perc_CHCl3_stretch_ultmatesam_Base_15mm\WAXS\PDMS_g_P3HT_12perc_CHCl3_stretch_ultmatesam_Base_15mm_WAXS_0000.edf
IHSC_1872,PDMS_g_P3HT_12perc_CHCl3_stretch_ultmatesam_Base_16mm,PDMS|g|P3HT|12perc|CHCl3|stretch|ultmatesam|Base|16mm,\\Synology\Data\2025\IHSC_1872\PDMS_g_P3HT_12perc_CHCl3_stretch_ultmatesam\PDMS_g_P3HT_12perc_CHCl3_stretch_ultmatesam_Base_16mm\WAXS\PDMS_g_P3HT_12perc_CHCl3_stretch_ultmatesam_Base_16mm_WAXS_0000.edf
IHSC_1872,PDMS_g_P3HT_12perc_CHCl3_stretch_ultmatesam_Base_17mm,PDMS|g|P3HT|12perc|CHCl3|stretch|ultmatesam|Base|17mm,
IHSC_1872,PDMS_g_P3HT_12perc_CHCl3_stretch_tiny_Base_15mm,PDMS|g|P3HT|12perc|CHCl3|stretch|tiny|Base|15mm,\\Synology\Data\2025\IHSC_1872\PDMS_g_P3HT_12perc_CHCl3_stretch_tiny\PDMS_g_P3HT_12perc_CHCl3_stretch_tiny_Base_15mm\WAXS\PDMS_g_P3HT_12perc_CHCl3_stretch_tiny_Base_15mm_WAXS_0000.edf
IHSC_1872,PDMS_g_P3HT_12perc_CHCl3_stretch_tiny_Base_16mm,PDMS|g|P3HT|12perc|CHCl3|stretch|tiny|Base|16mm,\\Synology\Data\2025\IHSC_1872\PDMS_g_P3HT_12perc_CHCl3_stretch_tiny\PDMS_g_P3HT_12perc_CHCl3_stretch_tiny_Base_16mm\WAXS\PDMS_g_P3HT_12perc_CHCl3_stretch_tiny_Base_16mm_WAXS_0000.edf
IHSC_1872,PDMS_g_P3HT_12perc_CHCl3_stretch_tiny_Base_17mm,PDMS|g|P3HT|12perc|CHCl3|stretch|tiny|Base|17mm,\\Synology\Data\2025\IHSC_1872\PDMS_g_P3HT_12perc_CHCl3_stretch_tiny\PDMS_g_P3HT_12perc_CHCl3_stretch_tiny_Base_17mm\WAXS\PDMS_g_P3HT_12perc_CHCl3_stretch_tiny_Base_17mm_WAXS_0000.edf
IHSC_1872,PDMS_g_P3HT_12perc_CHCl3_stretch_tiny_Base_17_5mm,PDMS|g|P3HT|12perc|CHCl3|stretch|tiny|Base|17|5mm,\\Synology\Data\2025\IHSC_1872\PDMS_g_P3HT_12perc_CHCl3_stretch_tiny\PDMS_g_P3HT_12perc_CHCl3_stretch_tiny_Base_17_5mm\WAXS\PDMS_g_P3HT_12perc_CHCl3_stretch_tiny_Base_17_5mm_WAXS_0000.edf
IHSC_1872,PDMS_g_P3HT_12perc_CHCl3_stretch_secondsam_Base_22mm,PDMS|g|P3HT|12perc|CHCl3|stretch|secondsam|Base|22mm,\\Synology\Data\2025\IHSC_1872\PDMS_g_P3HT_12perc_CHCl3_stretch_secondsam\PDMS_g_P3HT_12perc_CHCl3_stretch_secondsam_Base_22mm\WAXS\PDMS_g_P3HT_12perc_CHCl3_stretch_secondsam_Base_22mm_WAXS_0000.edf
IHSC_1872,PDMS_g_P3HT_12perc_CHCl3_stretch_secondsam_Base_23_5mm,PDMS|g|P3HT|12perc|CHCl3|stretch|secondsam|Base|23|5mm,\\Synology\Data\2025\IHSC_1872\PDMS_g_P3HT_12perc_CHCl3_stretch_secondsam\PDMS_g_P3HT_12perc_CHCl3_stretch_secondsam_Base_23_5mm\WAXS\PDMS_g_P3HT_12perc_CHCl3_stretch_secondsam_Base_23_5mm_WAXS_0000.edf
IHSC_1872,PDMS_g_P3HT_12perc_CHCl3_stretch_secondsam_Base_25mm,PDMS|g|P3HT|12perc|CHCl3|stretch|secondsam|Base|25mm,\\Synology\Data\2025\IHSC_1872\PDMS_g_P3HT_12perc_CHCl3_stretch_secondsam\PDMS_g_P3HT_12perc_CHCl3_stretch_secondsam_Base_25mm\WAXS\PDMS_g_P3HT_12perc_CHCl3_stretch_secondsam_Base_25mm_WAXS_0000.edf
IHSC_1872,PDMS_g_P3HT_12perc_CHCl3_stretch_secondsam_Base_26_5mm,PDMS|g|P3HT|12perc|CHCl3|stretch|secondsam|Base|26|5mm,\\Synology\Data\2025\IHSC_1872\PDMS_g_P3HT_12perc_CHCl3_stretch_secondsam\PDMS_g_P3HT_12perc_CHCl3_stretch_secondsam_Base_26_5mm\WAXS\PDMS_g_P3HT_12perc_CHCl3_stretch_secondsam_Base_26_5mm_WAXS_0000.edf
IHSC_1872,PDMS_g_P3HT_12perc_CHCl3_stretch_bis_Base_17mm,PDMS|g|P3HT|12perc|CHCl3|stretch|bis|Base|17mm,\\Synology\Data\2025\IHSC_1872\PDMS_g_P3HT_12perc_CHCl3_stretch_bis\PDMS_g_P3HT_12perc_CHCl3_stretch_bis_Base_17mm\WAXS\PDMS_g_P3HT_12perc_CHCl3_stretch_bis_Base_17mm_WAXS_0000.edf
IHSC_1872,PDMS_g_P3HT_12perc_CHCl3_stretch_bis_Base_18_5mm,PDMS|g|P3HT|12perc|CHCl3|stretch|bis|Base|18|5mm,\\Synology\Data\2025\IHSC_1872\PDMS_g_P3HT_12perc_CHCl3_stretch_bis\PDMS_g_P3HT_12perc_CHCl3_stretch_bis_Base_18_5mm\WAXS\PDMS_g_P3HT_12perc_CHCl3_stretch_bis_Base_18_5mm_WAXS_0000.edf
IHSC_1872,PDMS_g_P3HT_12perc_CHCl3_stretch_bis_Base_20mm,PDMS|g|P3HT|12perc|CHCl3|stretch|bis|Base|20mm,\\Synology\Data\2025\IHSC_1872\PDMS_g_P3HT_12perc_CHCl3_stretch_bis\PDMS_g_P3HT_12perc_CHCl3_stretch_bis_Base_20mm\WAXS\PDMS_g_P3HT_12perc_CHCl3_stretch_bis_Base_20mm_WAXS_0000.edf
IHSC_1872,PDMS_g_P3HT_12perc_CHCl3_stretch_Base_23mm,PDMS|g|P3HT|12perc|CHCl3|stretch|Base|23mm,\\Synology\Data\2025\IHSC_1872\PDMS_g_P3HT_12perc_CHCl3_stretch\PDMS_g_P3HT_12perc_CHCl3_stretch_Base_23mm\WAXS\PDMS_g_P3HT_12perc_CHCl3_stretch_Base_23mm_WAXS_0000.edf
IHSC_1872,PDMS_g_P3HT_12perc_CHCl3_stretch_Base_25mm,PDMS|g|P3HT|12perc|CHCl3|stretch|Base|25mm,\\Synology\Data\2025\IHSC_1872\PDMS_g_P3HT_12perc_CHCl3_stretch\PDMS_g_P3HT_12perc_CHCl3_stretch_Base_25mm\WAXS\PDMS_g_P3HT_12perc_CHCl3_stretch_Base_25mm_WAXS_0000.edf
IHSC_1872,PDMS_g_P3HT_12perc_CHCl3_stretch_Base_27mm,PDMS|g|P3HT|12perc|CHCl3|stretch|Base|27mm,\\Synology\Data\2025\IHSC_1872\PDMS_g_P3HT_12perc_CHCl3_stretch\PDMS_g_P3HT_12perc_CHCl3_stretch_Base_27mm\WAXS\PDMS_g_P3HT_12perc_CHCl3_stretch_Base_27mm_WAXS_0000.edf
IHSC_1872,PBTT_O3O5_Ht_1_4m_270C_10Kpm,PBTT|O3O5|Ht|1|4m|270C|10Kpm,\\Synology\Data\2025\IHSC_1872\PBTT_O3O5\PBTT_O3O5_Ht_1_4m_270C_10Kpm\WAXS\PBTT_O3O5_Ht_1_4m_270C_10Kpm_WAXS_0000.edf
IHSC_1872,PB12PDMS_1_MODIF_static,PB12PDMS|1|MODIF|static,\\Synology\Data\2025\IHSC_1872\PB12PDMS_1_MODIF\PB12PDMS_1_MODIF_static\WAXS\PB12PDMS_1_MODIF_static_WAXS_0000.edf
IHSC_1872,P50_3_melted_exsitu_200C_RT_measurement,P50|3|melted|exsitu|200C|RT|measurement,\\Synology\Data\2025\IHSC_1872\P50_3_melted_exsitu_200C\P50_3_melted_exsitu_200C_RT_measurement\WAXS\P50_3_melted_exsitu_200C_RT_measurement_WAXS_0000.edf
IHSC_1872,P50_3_melted_exsitu_ht_150C_10Kpm_heat,P50|3|melted|exsitu|ht|150C|10Kpm|heat,\\Synology\Data\2025\IHSC_1872\P50_3_melted_exsitu\P50_3_melted_exsitu_ht_150C_10Kpm_heat\WAXS\P50_3_melted_exsitu_ht_150C_10Kpm_heat_WAXS_0000.edf
IHSC_1872,P50_3_Blend_1_9_Ht_150C_10Kpm,P50|3|Blend|1|9|Ht|150C|10Kpm,\\Synology\Data\2025\IHSC_1872\P50_3_Blend_1_9\P50_3_Blend_1_9_Ht_150C_10Kpm\WAXS\P50_3_Blend_1_9_Ht_150C_10Kpm_WAXS_0000.edf
IHSC_1872,P50_3_Blend_1_5_secondtry_Ht_180C_10Kpm,P50|3|Blend|1|5|secondtry|Ht|180C|10Kpm,\\Synology\Data\2025\IHSC_1872\P50_3_Blend_1_5_secondtry\P50_3_Blend_1_5_secondtry_Ht_180C_10Kpm\WAXS\P50_3_Blend_1_5_secondtry_Ht_180C_10Kpm_WAXS_0000.edf
IHSC_1872,P50_3_Blend_1_5_Ht_200C_10Kpm,P50|3|Blend|1|5|Ht|200C|10Kpm,\\Synology\Data\2025\IHSC_1872\P50_3_Blend_1_5\P50_3_Blend_1_5_Ht_200C_10Kpm\WAXS\P50_3_Blend_1_5_Ht_200C_10Kpm_WAXS_0000.edf
IHSC_1872,P50_3_Blend_1_3_Ht_200C_10Kpm,P50|3|Blend|1|3|Ht|200C|10Kpm,\\Synology\Data\2025\IHSC_1872\P50_3_Blend_1_3\P50_3_Blend_1_3_Ht_200C_10Kpm\WAXS\P50_3_Blend_1_3_Ht_200C_10Kpm_WAXS_0000.edf
IHSC_1872,P50_3_Blend_1_1_Ht_200C_10Kpm,P50|3|Blend|1|1|Ht|200C|10Kpm,\\Synology\Data\2025\IHSC_1872\P50_3_Blend_1_1\P50_3_Blend_1_1_Ht_200C_10Kpm\WAXS\P50_3_Blend_1_1_Ht_200C_10Kpm_WAXS_0000.edf
IHSC_1872,P50_3_bis_ht_125C_10Kpm_secheat,P50|3|bis|ht|125C|10Kpm|secheat,\\Synology\Data\2025\IHSC_1872\P50_3\P50_3_bis_ht_125C_10Kpm_secheat\WAXS\P50_3_bis_ht_125C_10Kpm_secheat_WAXS_0000.edf
IHSC_1872,P50_3_bis_ht_200C_10Kpm,P50|3|bis|ht|200C|10Kpm,\\Synology\Data\2025\IHSC_1872\P50_3\P50_3_bis_ht_200C_10Kpm\WAXS\P50_3_bis_ht_200C_10Kpm_WAXS_0000.edf
IHSC_1872,P50_3_ht_140C_200_10Kpm,P50|3|ht|140C|200|10Kpm,\\Synology\Data\2025\IHSC_1872\P50_3\P50_3_ht_140C_200_10Kpm\WAXS\P50_3_ht_140C_200_10Kpm_WAXS_0000.edf
IHSC_1872,P50_3_ht_150C_10Kpm,P50|3|ht|150C|10Kpm,\\Synology\Data\2025\IHSC_1872\P50_3\P50_3_ht_150C_10Kpm\WAXS\P50_3_ht_150C_10Kpm_WAXS_0000.edf
IHSC_1872,P20_Blend_1_9_Ht_180C_10Kpm,P20|Blend|1|9|Ht|180C|10Kpm,\\Synology\Data\2025\IHSC_1872\P20_Blend_1_9\P20_Blend_1_9_Ht_180C_10Kpm\WAXS\P20_Blend_1_9_Ht_180C_10Kpm_WAXS_0000.edf
IHSC_1872,P20_Blend_1_5_Ht_180C_10Kpm,P20|Blend|1|5|Ht|180C|10Kpm,\\Synology\Data\2025\IHSC_1872\P20_Blend_1_5\P20_Blend_1_5_Ht_180C_10Kpm\WAXS\P20_Blend_1_5_Ht_180C_10Kpm_WAXS_0000.edf
IHSC_1872,P20_Blend_1_3_Ht_200C_10Kpm,P20|Blend|1|3|Ht|200C|10Kpm,\\Synology\Data\2025\IHSC_1872\P20_Blend_1_3\P20_Blend_1_3_Ht_200C_10Kpm\WAXS\P20_Blend_1_3_Ht_200C_10Kpm_WAXS_0000.edf
IHSC_1872,P20_Blend_1_1_Ht_200C_10Kpm,P20|Blend|1|1|Ht|200C|10Kpm,\\Synology\Data\2025\IHSC_1872\P20_Blend_1_1\P20_Blend_1_1_Ht_200C_10Kpm\WAXS\P20_Blend_1_1_Ht_200C_10Kpm_WAXS_0000.edf
IHSC_1872,P20_ht_180C_10Kpm_heat,P20|ht|180C|10Kpm|heat,\\Synology\Data\2025\IHSC_1872\P20\P20_ht_180C_10Kpm_heat\WAXS\P20_ht_180C_10Kpm_heat_WAXS_0000.edf
IHSC_1872,P1_CHCl3_static,P1|CHCl3|static,\\Synology\Data\2025\IHSC_1872\P1_CHCl3\P1_CHCl3_static\WAXS\P1_CHCl3_static_WAXS_0000.edf
IHSC_1872,P10_Blend_1_9_Ht_180C_10Kpm,P10|Blend|1|9|Ht|180C|10Kpm,\\Synology\Data\2025\IHSC_1872\P10_Blend_1_9\P10_Blend_1_9_Ht_180C_10Kpm\WAXS\P10_Blend_1_9_Ht_180C_10Kpm_WAXS_0000.edf
IHSC_1872,P10_Blend_1_5_Ht_180C_10Kpm,P10|Blend|1|5|Ht|180C|10Kpm,\\Synology\Data\2025\IHSC_1872\P10_Blend_1_5\P10_Blend_1_5_Ht_180C_10Kpm\WAXS\P10_Blend_1_5_Ht_180C_10Kpm_WAXS_0000.edf
IHSC_1872,P10_Blend_1_3_Ht_180C_10Kpm,P10|Blend|1|3|Ht|180C|10Kpm,\\Synology\Data\2025\IHSC_1872\P10_Blend_1_3\P10_Blend_1_3_Ht_180C_10Kpm\WAXS\P10_Blend_1_3_Ht_180C_10Kpm_WAXS_0000.edf
IHSC_1872,P10_Blend_1_1_Ht_180C_10Kpm,P10|Blend|1|1|Ht|180C|10Kpm,\\Synology\Data\2025\IHSC_1872\P10_Blend_1_1\P10_Blend_1_1_Ht_180C_10Kpm\WAXS\P10_Blend_1_1_Ht_180C_10Kpm_WAXS_0000.edf
IHSC_1872,P100_ht_150C_10Kpm_secondheat,P100|ht|150C|10Kpm|secondheat,\\Synology\Data\2025\IHSC_1872\P100\P100_ht_150C_10Kpm_secondheat\WAXS\P100_ht_150C_10Kpm_secondheat_WAXS_0000.edf
IHSC_1872,P100_ht_250C_10Kpm,P100|ht|250C|10Kpm,\\Synology\Data\2025\IHSC_1872\P100\P100_ht_250C_10Kpm\WAXS\P100_ht_250C_10Kpm_WAXS_0000.edf
IHSC_1872,P10_ht_180C_10Kpm_heat,P10|ht|180C|10Kpm|heat,\\Synology\Data\2025\IHSC_1872\P10\P10_ht_180C_10Kpm_heat\WAXS\P10_ht_180C_10Kpm_heat_WAXS_0000.edf
IHSC_1872,OB451_Ht_275C_10Kpm,OB451|Ht|275C|10Kpm,\\Synology\Data\2025\IHSC_1872\OB451\OB451_Ht_275C_10Kpm\WAXS\OB451_Ht_275C_10Kpm_WAXS_0000.edf
IHSC_1872,NPDMS_80perc_melt_static_1_4m,NPDMS|80perc|melt|static|1|4m,\\Synology\Data\2025\IHSC_1872\NPDMS_80perc_melt\NPDMS_80perc_melt_static_1_4m\WAXS\NPDMS_80perc_melt_static_1_4m_WAXS_0000.edf
IHSC_1872,NPDMS_50perc_melt_static_1_4m,NPDMS|50perc|melt|static|1|4m,\\Synology\Data\2025\IHSC_1872\NPDMS_50perc_melt\NPDMS_50perc_melt_static_1_4m\WAXS\NPDMS_50perc_melt_static_1_4m_WAXS_0000.edf
IHSC_1872,NPDMS_100perc_melt_static_1_4m,NPDMS|100perc|melt|static|1|4m,\\Synology\Data\2025\IHSC_1872\NPDMS_100perc_melt\NPDMS_100perc_melt_static_1_4m\WAXS\NPDMS_100perc_melt_static_1_4m_WAXS_0000.edf
IHSC_1872,NOH_Zero_perc_melt_static_1_4m,NOH|Zero|perc|melt|static|1|4m,\\Synology\Data\2025\IHSC_1872\NOH_Zero_perc_melt\NOH_Zero_perc_melt_static_1_4m\WAXS\NOH_Zero_perc_melt_static_1_4m_WAXS_0000.edf
IHSC_1872,NOH_80perc_melt_static_1_4m,NOH|80perc|melt|static|1|4m,\\Synology\Data\2025\IHSC_1872\NOH_80perc_melt\NOH_80perc_melt_static_1_4m\WAXS\NOH_80perc_melt_static_1_4m_WAXS_0000.edf
IHSC_1872,NOH_50perc_melt_static_1_4m,NOH|50perc|melt|static|1|4m,\\Synology\Data\2025\IHSC_1872\NOH_50perc_melt\NOH_50perc_melt_static_1_4m\WAXS\NOH_50perc_melt_static_1_4m_WAXS_0000.edf
IHSC_1872,NOH_100perc_melt_static_1_4m,NOH|100perc|melt|static|1|4m,\\Synology\Data\2025\IHSC_1872\NOH_100perc_melt\NOH_100perc_melt_static_1_4m\WAXS\NOH_100perc_melt_static_1_4m_WAXS_0000.edf
IHSC_1872,NOH_100perc_hexane_second_Solution_0_6perc,NOH|100perc|hexane|second|Solution|0|6perc,\\Synology\Data\2025\IHSC_1872\NOH_100perc_hexane_second\NOH_100perc_hexane_second_Solution_0_6perc\WAXS\NOH_100perc_hexane_second_Solution_0_6perc_WAXS_0000.edf
IHSC_1872,NOH_100perc_hexane_Hexane_pure,NOH|100perc|hexane|Hexane|pure,\\Synology\Data\2025\IHSC_1872\NOH_100perc_hexane\NOH_100perc_hexane_Hexane_pure\WAXS\NOH_100perc_hexane_Hexane_pure_WAXS_0000.edf
IHSC_1872,NOH_100perc_hexane_Solution_1_25perc,NOH|100perc|hexane|Solution|1|25perc,\\Synology\Data\2025\IHSC_1872\NOH_100perc_hexane\NOH_100perc_hexane_Solution_1_25perc\WAXS\NOH_100perc_hexane_Solution_1_25perc_WAXS_0000.edf
IHSC_1872,NOH_100perc_hexane_Solution_2_5perc,NOH|100perc|hexane|Solution|2|5perc,\\Synology\Data\2025\IHSC_1872\NOH_100perc_hexane\NOH_100perc_hexane_Solution_2_5perc\WAXS\NOH_100perc_hexane_Solution_2_5perc_WAXS_0000.edf
IHSC_1872,NOH_0perc_hexane_second_Solution_0_6perc,NOH|0perc|hexane|second|Solution|0|6perc,\\Synology\Data\2025\IHSC_1872\NOH_0perc_hexane_second\NOH_0perc_hexane_second_Solution_0_6perc\WAXS\NOH_0perc_hexane_second_Solution_0_6perc_WAXS_0000.edf
IHSC_1872,NOH_0perc_hexane_Solution_1_25perc,NOH|0perc|hexane|Solution|1|25perc,\\Synology\Data\2025\IHSC_1872\NOH_0perc_hexane\NOH_0perc_hexane_Solution_1_25perc\WAXS\NOH_0perc_hexane_Solution_1_25perc_WAXS_0000.edf
IHSC_1872,NOH_0perc_hexane_Solution_2_5perc,NOH|0perc|hexane|Solution|2|5perc,\\Synology\Data\2025\IHSC_1872\NOH_0perc_hexane\NOH_0perc_hexane_Solution_2_5perc\WAXS\NOH_0perc_hexane_Solution_2_5perc_WAXS_0000.edf
IHSC_1872,new1_chloro_static,new1|chloro|static,\\Synology\Data\2025\IHSC_1872\new1_chloro\new1_chloro_static\WAXS\new1_chloro_static_WAXS_0000.edf
IHSC_1872,Linkam_EmptyCell_1_4m_Exposure_12sec,Linkam|EmptyCell|1|4m|Exposure|12sec,\\Synology\Data\2025\IHSC_1872\Linkam_EmptyCell_1_4m\Linkam_EmptyCell_1_4m_Exposure_12sec\WAXS\Linkam_EmptyCell_1_4m_Exposure_12sec_WAXS_0000.edf
IHSC_1872,Linkam_EmptyCell_1_4m_Exposure_6sec,Linkam|EmptyCell|1|4m|Exposure|6sec,\\Synology\Data\2025\IHSC_1872\Linkam_EmptyCell_1_4m\Linkam_EmptyCell_1_4m_Exposure_6sec\WAXS\Linkam_EmptyCell_1_4m_Exposure_6sec_WAXS_0000.edf
IHSC_1872,LaB6_1p4m_12keV,LaB6|1p4m|12keV,\\Synology\Data\2025\IHSC_1872\LaB6\LaB6_1p4m_12keV\WAXS\LaB6_1p4m_12keV_WAXS_0000.edf
IHSC_1872,JJ_9_static,JJ|9|static,\\Synology\Data\2025\IHSC_1872\JJ_9\JJ_9_static\WAXS\JJ_9_static_WAXS_0000.edf
IHSC_1872,JJ_8_static,JJ|8|static,\\Synology\Data\2025\IHSC_1872\JJ_8\JJ_8_static\WAXS\JJ_8_static_WAXS_0000.edf
IHSC_1872,JJ_7_static,JJ|7|static,\\Synology\Data\2025\IHSC_1872\JJ_7\JJ_7_static\WAXS\JJ_7_static_WAXS_0000.edf
IHSC_1872,JJ_6_static,JJ|6|static,\\Synology\Data\2025\IHSC_1872\JJ_6\JJ_6_static\WAXS\JJ_6_static_WAXS_0000.edf
IHSC_1872,JJ_5_static,JJ|5|static,\\Synology\Data\2025\IHSC_1872\JJ_5\JJ_5_static\WAXS\JJ_5_static_WAXS_0000.edf
IHSC_1872,JJ_4_static,JJ|4|static,\\Synology\Data\2025\IHSC_1872\JJ_4\JJ_4_static\WAXS\JJ_4_static_WAXS_0000.edf
IHSC_1872,JJ_3_static,JJ|3|static,\\Synology\Data\2025\IHSC_1872\JJ_3\JJ_3_static\WAXS\JJ_3_static_WAXS_0000.edf
IHSC_1872,JJ_20_static,JJ|20|static,\\Synology\Data\2025\IHSC_1872\JJ_20\JJ_20_static\WAXS\JJ_20_static_WAXS_0000.edf
IHSC_1872,JJ_2_static,JJ|2|static,\\Synology\Data\2025\IHSC_1872\JJ_2\JJ_2_static\WAXS\JJ_2_static_WAXS_0000.edf
IHSC_1872,JJ_19_static,JJ|19|static,\\Synology\Data\2025\IHSC_1872\JJ_19\JJ_19_static\WAXS\JJ_19_static_WAXS_0000.edf
IHSC_1872,JJ_18_static,JJ|18|static,\\Synology\Data\2025\IHSC_1872\JJ_18\JJ_18_static\WAXS\JJ_18_static_WAXS_0000.edf
IHSC_1872,JJ_17_static,JJ|17|static,\\Synology\Data\2025\IHSC_1872\JJ_17\JJ_17_static\WAXS\JJ_17_static_WAXS_0000.edf
IHSC_1872,JJ_16_static,JJ|16|static,\\Synology\Data\2025\IHSC_1872\JJ_16\JJ_16_static\WAXS\JJ_16_static_WAXS_0000.edf
IHSC_1872,JJ_15_static,JJ|15|static,\\Synology\Data\2025\IHSC_1872\JJ_15\JJ_15_static\WAXS\JJ_15_static_WAXS_0000.edf
IHSC_1872,JJ_14_static,JJ|14|static,\\Synology\Data\2025\IHSC_1872\JJ_14\JJ_14_static\WAXS\JJ_14_static_WAXS_0000.edf
IHSC_1872,JJ_13_static,JJ|13|static,\\Synology\Data\2025\IHSC_1872\JJ_13\JJ_13_static\WAXS\JJ_13_static_WAXS_0000.edf
IHSC_1872,JJ_12_static,JJ|12|static,\\Synology\Data\2025\IHSC_1872\JJ_12\JJ_12_static\WAXS\JJ_12_static_WAXS_0000.edf
IHSC_1872,JJ_11_static,JJ|11|static,\\Synology\Data\2025\IHSC_1872\JJ_11\JJ_11_static\WAXS\JJ_11_static_WAXS_0000.edf
IHSC_1872,JJ_10_static,JJ|10|static,\\Synology\Data\2025\IHSC_1872\JJ_10\JJ_10_static\WAXS\JJ_10_static_WAXS_0000.edf
IHSC_1872,JJ_1_static,JJ|1|static,\\Synology\Data\2025\IHSC_1872\JJ_1\JJ_1_static\WAXS\JJ_1_static_WAXS_0000.edf
IHSC_1872,CuPE_3perc_1_4m_beforetrans_AfterCool_to_RT_from190C,CuPE|3perc|1|4m|beforetrans|AfterCool|to|RT|from190C,\\Synology\Data\2025\IHSC_1872\CuPE_3perc_1_4m_beforetrans\CuPE_3perc_1_4m_beforetrans_AfterCool_to_RT_from190C\WAXS\CuPE_3perc_1_4m_beforetrans_AfterCool_to_RT_from190C_WAXS_0000.edf
IHSC_1872,CuPE_3perc_1_4m_beforetrans_Ht_190C_10Kpm,CuPE|3perc|1|4m|beforetrans|Ht|190C|10Kpm,\\Synology\Data\2025\IHSC_1872\CuPE_3perc_1_4m_beforetrans\CuPE_3perc_1_4m_beforetrans_Ht_190C_10Kpm\WAXS\CuPE_3perc_1_4m_beforetrans_Ht_190C_10Kpm_WAXS_0000.edf
IHSC_1872,CuPE_3perc_1_4m_beforetrans_Isoth_190C,CuPE|3perc|1|4m|beforetrans|Isoth|190C,\\Synology\Data\2025\IHSC_1872\CuPE_3perc_1_4m_beforetrans\CuPE_3perc_1_4m_beforetrans_Isoth_190C\WAXS\CuPE_3perc_1_4m_beforetrans_Isoth_190C_WAXS_0000.edf
IHSC_1872,CuPE_3perc_1_4m_aftertrans_bis_RT_measurement,CuPE|3perc|1|4m|aftertrans|bis|RT|measurement,\\Synology\Data\2025\IHSC_1872\CuPE_3perc_1_4m_aftertrans_bis\CuPE_3perc_1_4m_aftertrans_bis_RT_measurement\WAXS\CuPE_3perc_1_4m_aftertrans_bis_RT_measurement_WAXS_0000.edf
IHSC_1872,CuPE_3perc_1_4m_aftertrans_RT_measurement,CuPE|3perc|1|4m|aftertrans|RT|measurement,\\Synology\Data\2025\IHSC_1872\CuPE_3perc_1_4m_aftertrans\CuPE_3perc_1_4m_aftertrans_RT_measurement\WAXS\CuPE_3perc_1_4m_aftertrans_RT_measurement_WAXS_0000.edf
IHSC_1872,CuPE_0_5perc_1_4m_beforetrans_Ht_190C_10Kpm,CuPE|0|5perc|1|4m|beforetrans|Ht|190C|10Kpm,\\Synology\Data\2025\IHSC_1872\CuPE_0_5perc_1_4m_beforetrans\CuPE_0_5perc_1_4m_beforetrans_Ht_190C_10Kpm\WAXS\CuPE_0_5perc_1_4m_beforetrans_Ht_190C_10Kpm_WAXS_0000.edf
IHSC_1872,CuPE_0_5perc_1_4m_beforetrans_Isoth_190C_30min,CuPE|0|5perc|1|4m|beforetrans|Isoth|190C|30min,\\Synology\Data\2025\IHSC_1872\CuPE_0_5perc_1_4m_beforetrans\CuPE_0_5perc_1_4m_beforetrans_Isoth_190C_30min\WAXS\CuPE_0_5perc_1_4m_beforetrans_Isoth_190C_30min_WAXS_0000.edf
IHSC_1872,CuPE_0_5perc_1_4m_beforetrans_Isoth_25C_after_190C,CuPE|0|5perc|1|4m|beforetrans|Isoth|25C|after|190C,\\Synology\Data\2025\IHSC_1872\CuPE_0_5perc_1_4m_beforetrans\CuPE_0_5perc_1_4m_beforetrans_Isoth_25C_after_190C\WAXS\CuPE_0_5perc_1_4m_beforetrans_Isoth_25C_after_190C_WAXS_0000.edf
IHSC_1872,CuPE_0_5perc_1_4m_aftertrans_RT_measurement,CuPE|0|5perc|1|4m|aftertrans|RT|measurement,\\Synology\Data\2025\IHSC_1872\CuPE_0_5perc_1_4m_aftertrans\CuPE_0_5perc_1_4m_aftertrans_RT_measurement\WAXS\CuPE_0_5perc_1_4m_aftertrans_RT_measurement_WAXS_0000.edf
IHSC_1872,B12SD_4_MODIF_static,B12SD|4|MODIF|static,\\Synology\Data\2025\IHSC_1872\B12SD_4_MODIF\B12SD_4_MODIF_static\WAXS\B12SD_4_MODIF_static_WAXS_0000.edf
IHSC_1872,B12SD_3_MODIF_static,B12SD|3|MODIF|static,\\Synology\Data\2025\IHSC_1872\B12SD_3_MODIF\B12SD_3_MODIF_static\WAXS\B12SD_3_MODIF_static_WAXS_0000.edf
IHSC_1872,B12SD_2_MODIF_static,B12SD|2|MODIF|static,\\Synology\Data\2025\IHSC_1872\B12SD_2_MODIF\B12SD_2_MODIF_static\WAXS\B12SD_2_MODIF_static_WAXS_0000.edf
IHSC_1872,Air_3m_12keV,Air|3m|12keV,\\Synology\Data\2025\IHSC_1872\Air\Air_3m_12keV\WAXS\Air_3m_12keV_WAXS_0000.edf
IHSC_1872,AgBh_1p4m_12keV,AgBh|1p4m|12keV,\\Synology\Data\2025\IHSC_1872\AgBh\AgBh_1p4m_12keV\WAXS\AgBh_1p4m_12keV_WAXS_0000.edf
IHSC_1872,AgBh_3m_12keV_capil,AgBh|3m|12keV|capil,\\Synology\Data\2025\IHSC_1872\AgBh\AgBh_3m_12keV_capil\WAXS\AgBh_3m_12keV_capil_WAXS_0000.edf
IHSC_1872,15_11_6_arm_static,15|11|6|arm|static,\\Synology\Data\2025\IHSC_1872\15_11_6_arm\15_11_6_arm_static\WAXS\15_11_6_arm_static_WAXS_0000.edf
ESRF_SC5671,sample,sample,\\Synology\Data\2025\ESRF_SC5671\ef22\ef22_20250622-210344\ef22_eiger2_00003_00_ave.h5
ESRF_SC5671,C390_S3_1Kps_mod_test,C390|S3|1Kps|mod|test,\\Synology\Data\2025\ESRF_SC5671\ef22\ef22_20250622-210344\ef22_eiger2_00005_00_ave.h5
ESRF_SC5671,PVDF_crosslinkd_160C_1day_film2a,PVDF|crosslinkd|160C|1day|film2a,\\Synology\Data\2025\ESRF_SC5671\ef22\ef22_20250622-210344\ef22_eiger2_00012_00_ave.h5
ESRF_SC5671,PVDFcopol_linear_160C_1day_film1b,PVDFcopol|linear|160C|1day|film1b,\\Synology\Data\2025\ESRF_SC5671\ef22\ef22_20250622-210344\ef22_eiger2_00014_00_ave.h5
ESRF_SC5671,PVDF_crosslinkd_162_5C_2days_film2c,PVDF|crosslinkd|162|5C|2days|film2c,\\Synology\Data\2025\ESRF_SC5671\ef22\ef22_20250622-210344\ef22_eiger2_00016_00_ave.h5
ESRF_SC5671,PVDFcopol_linear_162_5C_2days_film1d,PVDFcopol|linear|162|5C|2days|film1d,\\Synology\Data\2025\ESRF_SC5671\ef22\ef22_20250622-210344\ef22_eiger2_00018_00_ave.h5
ESRF_SC5671,PVDFcopol_crosslinkd_162_5C_2days_film2d,PVDFcopol|crosslinkd|162|5C|2days|film2d,\\Synology\Data\2025\ESRF_SC5671\ef22\ef22_20250622-210344\ef22_eiger2_00020_00_ave.h5
ESRF_SC5671,empty_empty_01,empty|empty|01,\\Synology\Data\2025\ESRF_SC5671\ef20\ef20_20250620-091305\ef20_eiger2_00036_00_ave.h5
ESRF_SC5671,empty_chip_01,empty|chip|01,\\Synology\Data\2025\ESRF_SC5671\ef20\ef20_20250620-091305\ef20_eiger2_00038_00_ave.h5
ESRF_SC5671,PE_chip_01,PE|chip|01,\\Synology\Data\2025\ESRF_SC5671\ef20\ef20_20250620-091305\ef20_eiger2_00040_00_ave.h5
ESRF_SC5671,PE_chip_01_after,PE|chip|01|after,\\Synology\Data\2025\ESRF_SC5671\ef20\ef20_20250620-091305\ef20_eiger2_00041_00_ave.h5
ESRF_SC5671,PE_chip_01_run2,PE|chip|01|run2,\\Synology\Data\2025\ESRF_SC5671\ef20\ef20_20250620-091305\ef20_eiger2_00042_00_ave.h5
ESRF_SC5671,PE_chip_01_210degC,PE|chip|01|210degC,\\Synology\Data\2025\ESRF_SC5671\ef20\ef20_20250620-091305\ef20_eiger2_00045_00_ave.h5
ESRF_SC5671,PE_chip_01_run3,PE|chip|01|run3,\\Synology\Data\2025\ESRF_SC5671\ef20\ef20_20250620-091305\ef20_eiger2_00046_00_ave.h5
ESRF_SC5671,PE_chip_01_run4,PE|chip|01|run4,\\Synology\Data\2025\ESRF_SC5671\ef20\ef20_20250620-091305\ef20_eiger2_00047_00_ave.h5
ESRF_SC5671,PE_chip_01_run5,PE|chip|01|run5,\\Synology\Data\2025\ESRF_SC5671\ef20\ef20_20250620-091305\ef20_eiger2_00050_00_ave.h5
ESRF_SC5671,PE_chip_01_run6_0p8m,PE|chip|01|run6|0p8m,\\Synology\Data\2025\ESRF_SC5671\ef20\ef20_20250620-091305\ef20_eiger2_00051_00_ave.h5
ESRF_SC5671,empty_chip_01_0p8m,empty|chip|01|0p8m,\\Synology\Data\2025\ESRF_SC5671\ef20\ef20_20250620-091305\ef20_eiger2_00052_00_ave.h5
ESRF_SC5671,PE-SC-1p3_run1,PE-SC-1p3|run1,\\Synology\Data\2025\ESRF_SC5671\ef20\ef20_20250620-091305\ef20_eiger2_00053_00_ave.h5
ESRF_SC5671,PE_SC_1p3_run1_after,PE|SC|1p3|run1|after,\\Synology\Data\2025\ESRF_SC5671\ef20\ef20_20250620-091305\ef20_eiger2_00055_00_ave.h5
ESRF_SC5671,PE_SC_1p3_run2_before,PE|SC|1p3|run2|before,\\Synology\Data\2025\ESRF_SC5671\ef20\ef20_20250620-091305\ef20_eiger2_00063_00_ave.h5
ESRF_SC5671,PE-SC-1p3_run2,PE-SC-1p3|run2,\\Synology\Data\2025\ESRF_SC5671\ef20\ef20_20250620-091305\ef20_eiger2_00065_00_ave.h5
ESRF_SC5671,PE-SC-1p3_run2_b,PE-SC-1p3|run2|b,\\Synology\Data\2025\ESRF_SC5671\ef20\ef20_20250620-091305\ef20_eiger2_00066_00_ave.h5
ESRF_SC5671,PE-SC-1p3_run2_c,PE-SC-1p3|run2|c,\\Synology\Data\2025\ESRF_SC5671\ef20\ef20_20250620-091305\ef20_eiger2_00067_00_ave.h5
ESRF_SC5671,PE_SC_1p3_S3_before,PE|SC|1p3|S3|before,\\Synology\Data\2025\ESRF_SC5671\ef20\ef20_20250620-091305\ef20_eiger2_00069_00_ave.h5
ESRF_SC5671,PE-SC-1p3_S3_R1,PE-SC-1p3|S3|R1,\\Synology\Data\2025\ESRF_SC5671\ef20\ef20_20250620-091305\ef20_eiger2_00070_00_ave.h5
ESRF_SC5671,PE-SC-1p3_S3_R2,PE-SC-1p3|S3|R2,\\Synology\Data\2025\ESRF_SC5671\ef20\ef20_20250620-091305\ef20_eiger2_00071_00_ave.h5
ESRF_SC5671,PE-SC-1p3_S3_R3,PE-SC-1p3|S3|R3,\\Synology\Data\2025\ESRF_SC5671\ef20\ef20_20250620-091305\ef20_eiger2_00072_00_ave.h5
ESRF_SC5671,PE_SC_1p3_S4_before,PE|SC|1p3|S4|before,\\Synology\Data\2025\ESRF_SC5671\ef20\ef20_20250620-091305\ef20_eiger2_00074_00_ave.h5
ESRF_SC5671,PE-SC-1p3_S4_R1,PE-SC-1p3|S4|R1,\\Synology\Data\2025\ESRF_SC5671\ef20\ef20_20250620-091305\ef20_eiger2_00075_00_ave.h5
ESRF_SC5671,PE-SC-1p3_S4_R2,PE-SC-1p3|S4|R2,\\Synology\Data\2025\ESRF_SC5671\ef20\ef20_20250620-091305\ef20_eiger2_00076_00_ave.h5
ESRF_SC5671,PE-SC-1p3_S4_R3,PE-SC-1p3|S4|R3,\\Synology\Data\2025\ESRF_SC5671\ef20\ef20_20250620-091305\ef20_eiger2_00077_00_ave.h5
ESRF_SC5671,PE-SC-1p3_S4_R4,PE-SC-1p3|S4|R4,\\Synology\Data\2025\ESRF_SC5671\ef20\ef20_20250620-091305\ef20_eiger2_00078_00_ave.h5
ESRF_SC5671,PE_SC_1p3_S5_before,PE|SC|1p3|S5|before,\\Synology\Data\2025\ESRF_SC5671\ef20\ef20_20250620-091305\ef20_eiger2_00080_00_ave.h5
ESRF_SC5671,PE-SC-1p3_S5_R1,PE-SC-1p3|S5|R1,\\Synology\Data\2025\ESRF_SC5671\ef20\ef20_20250620-091305\ef20_eiger2_00081_00_ave.h5
ESRF_SC5671,PE-SC-1p3_S5_R2,PE-SC-1p3|S5|R2,\\Synology\Data\2025\ESRF_SC5671\ef20\ef20_20250620-091305\ef20_eiger2_00082_00_ave.h5
ESRF_SC5671,PE-SC-1p3_S5_R3,PE-SC-1p3|S5|R3,\\Synology\Data\2025\ESRF_SC5671\ef20\ef20_20250620-091305\ef20_eiger2_00083_00_ave.h5
ESRF_SC5671,PE-SC-1p3_S5_R4,PE-SC-1p3|S5|R4,\\Synology\Data\2025\ESRF_SC5671\ef20\ef20_20250620-091305\ef20_eiger2_00084_00_ave.h5
ESRF_SC5671,PE-SC-1p3_S5_R5,PE-SC-1p3|S5|R5,\\Synology\Data\2025\ESRF_SC5671\ef20\ef20_20250620-091305\ef20_eiger2_00085_00_ave.h5
ESRF_SC5671,PE_SC_1p3_S6_before,PE|SC|1p3|S6|before,\\Synology\Data\2025\ESRF_SC5671\ef20\ef20_20250620-091305\ef20_eiger2_00087_00_ave.h5
ESRF_SC5671,PE-SC-1p3_S6_R1,PE-SC-1p3|S6|R1,\\Synology\Data\2025\ESRF_SC5671\ef20\ef20_20250620-091305\ef20_eiger2_00088_00_ave.h5
ESRF_SC5671,PE-SC-1p3_S6_R2,PE-SC-1p3|S6|R2,\\Synology\Data\2025\ESRF_SC5671\ef20\ef20_20250620-091305\ef20_eiger2_00089_00_ave.h5
ESRF_SC5671,PE-SC-1p3_S6_R3,PE-SC-1p3|S6|R3,\\Synology\Data\2025\ESRF_SC5671\ef20\ef20_20250620-091305\ef20_eiger2_00090_00_ave.h5
ESRF_SC5671,PE-SC-1p3_S6_R4,PE-SC-1p3|S6|R4,\\Synology\Data\2025\ESRF_SC5671\ef20\ef20_20250620-091305\ef20_eiger2_00091_00_ave.h5
ESRF_SC5671,PE-SC-1p3_S6_R5,PE-SC-1p3|S6|R5,\\Synology\Data\2025\ESRF_SC5671\ef20\ef20_20250620-091305\ef20_eiger2_00092_00_ave.h5
ESRF_SC5671,PE-SC-1p3_S6_R6,PE-SC-1p3|S6|R6,\\Synology\Data\2025\ESRF_SC5671\ef20\ef20_20250620-091305\ef20_eiger2_00093_00_ave.h5
ESRF_SC5671,PE-SC-1p3_S6_R7,PE-SC-1p3|S6|R7,\\Synology\Data\2025\ESRF_SC5671\ef20\ef20_20250620-091305\ef20_eiger2_00094_00_ave.h5
ESRF_SC5671,PE-SC-1p3_S6_R8,PE-SC-1p3|S6|R8,\\Synology\Data\2025\ESRF_SC5671\ef20\ef20_20250620-091305\ef20_eiger2_00095_00_ave.h5
ESRF_SC5671,PE-SC-1p3_S6_R9,PE-SC-1p3|S6|R9,\\Synology\Data\2025\ESRF_SC5671\ef20\ef20_20250620-091305\ef20_eiger2_00096_00_ave.h5
ESRF_SC5671,PE-SC-1p3_S6_R10,PE-SC-1p3|S6|R10,\\Synology\Data\2025\ESRF_SC5671\ef20\ef20_20250620-091305\ef20_eiger2_00097_00_ave.h5
ESRF_SC5671,PS_PIB_PS_0_04,PS|PIB|PS|0|04,\\Synology\Data\2025\ESRF_SC5671\ef20\ef20_20250620-091305\ef20_eiger2_00099_00_ave.h5
ESRF_SC5671,PS_PIB_PS_0_04_3m,PS|PIB|PS|0|04|3m,\\Synology\Data\2025\ESRF_SC5671\ef20\ef20_20250620-091305\ef20_eiger2_00100_00_ave.h5
ESRF_SC5671,PS_PIB_PS_0_09_3m,PS|PIB|PS|0|09|3m,\\Synology\Data\2025\ESRF_SC5671\ef20\ef20_20250620-091305\ef20_eiger2_00101_00_ave.h5
ESRF_SC5671,PS_PIB_PS_0_09_0_8m,PS|PIB|PS|0|09|0|8m,\\Synology\Data\2025\ESRF_SC5671\ef20\ef20_20250620-091305\ef20_eiger2_00103_00_ave.h5
ESRF_SC5671,PS_PIB_PS_0_1_0_8m,PS|PIB|PS|0|1|0|8m,\\Synology\Data\2025\ESRF_SC5671\ef20\ef20_20250620-091305\ef20_eiger2_00106_00_ave.h5
ESRF_SC5671,PS_PIB_PS_0_1_3_0m,PS|PIB|PS|0|1|3|0m,\\Synology\Data\2025\ESRF_SC5671\ef20\ef20_20250620-091305\ef20_eiger2_00109_00_ave.h5
ESRF_SC5671,PS_PIB_PS_0_14_3_0m,PS|PIB|PS|0|14|3|0m,\\Synology\Data\2025\ESRF_SC5671\ef20\ef20_20250620-091305\ef20_eiger2_00113_00_ave.h5
ESRF_SC5671,PS_PIB_PS_0_14_0_8m,PS|PIB|PS|0|14|0|8m,\\Synology\Data\2025\ESRF_SC5671\ef20\ef20_20250620-091305\ef20_eiger2_00116_00_ave.h5
ESRF_SC5671,PS_PIB_PS_0_04bis_0_8m,PS|PIB|PS|0|04bis|0|8m,\\Synology\Data\2025\ESRF_SC5671\ef20\ef20_20250620-091305\ef20_eiger2_00121_00_ave.h5
ESRF_SC5671,PS_PIB_PS_0_04bis_3_0m,PS|PIB|PS|0|04bis|3|0m,\\Synology\Data\2025\ESRF_SC5671\ef20\ef20_20250620-091305\ef20_eiger2_00125_00_ave.h5
ESRF_SC5671,Blend_P3HT_3perc_4_1_Wt_3_0m,Blend|P3HT|3perc|4|1|Wt|3|0m,\\Synology\Data\2025\ESRF_SC5671\ef20\ef20_20250620-091305\ef20_eiger2_00127_00_ave.h5
ESRF_SC5671,Blend_P3HT_3perc_4_1_Wt_0_8m,Blend|P3HT|3perc|4|1|Wt|0|8m,\\Synology\Data\2025\ESRF_SC5671\ef20\ef20_20250620-091305\ef20_eiger2_00130_00_ave.h5
ESRF_SC5671,Blend_P3HT_6perc_4_1_Wt_0_8m,Blend|P3HT|6perc|4|1|Wt|0|8m,\\Synology\Data\2025\ESRF_SC5671\ef20\ef20_20250620-091305\ef20_eiger2_00133_00_ave.h5
ESRF_SC5671,Blend_P3HT_6perc_4_1_Wt_3_0m,Blend|P3HT|6perc|4|1|Wt|3|0m,\\Synology\Data\2025\ESRF_SC5671\ef20\ef20_20250620-091305\ef20_eiger2_00136_00_ave.h5
ESRF_SC5671,Blend_P3HT_9perc_4_1_Wt_3_0m,Blend|P3HT|9perc|4|1|Wt|3|0m,\\Synology\Data\2025\ESRF_SC5671\ef20\ef20_20250620-091305\ef20_eiger2_00138_00_ave.h5
ESRF_SC5671,Blend_P3HT_9perc_4_1_W_0_8m,Blend|P3HT|9perc|4|1|W|0|8m,\\Synology\Data\2025\ESRF_SC5671\ef20\ef20_20250620-091305\ef20_eiger2_00140_00_ave.h5
ESRF_SC5671,Blend_P3HT_12perc_4_1_W_0_8m,Blend|P3HT|12perc|4|1|W|0|8m,\\Synology\Data\2025\ESRF_SC5671\ef20\ef20_20250620-091305\ef20_eiger2_00143_00_ave.h5
ESRF_SC5671,Blend_P3HT_12perc_4_1_W_3_0m,Blend|P3HT|12perc|4|1|W|3|0m,\\Synology\Data\2025\ESRF_SC5671\ef20\ef20_20250620-091305\ef20_eiger2_00146_00_ave.h5
ESRF_SC5671,Blend_Control_4_1_W_3_0m,Blend|Control|4|1|W|3|0m,\\Synology\Data\2025\ESRF_SC5671\ef20\ef20_20250620-091305\ef20_eiger2_00149_00_ave.h5
ESRF_SC5671,Blend_Control_4_1_W_0_8m,Blend|Control|4|1|W|0|8m,\\Synology\Data\2025\ESRF_SC5671\ef20\ef20_20250620-091305\ef20_eiger2_00152_00_ave.h5
ESRF_SC5671,PE-SC-1p3_S7_before,PE-SC-1p3|S7|before,\\Synology\Data\2025\ESRF_SC5671\ef20\ef20_20250620-091305\ef20_eiger2_00153_00_ave.h5
ESRF_SC5671,PE-SC-1p3_S7_R1,PE-SC-1p3|S7|R1,\\Synology\Data\2025\ESRF_SC5671\ef20\ef20_20250620-091305\ef20_eiger2_00154_00_ave.h5
ESRF_SC5671,PE-SC-1p3_S7_R2,PE-SC-1p3|S7|R2,\\Synology\Data\2025\ESRF_SC5671\ef20\ef20_20250620-091305\ef20_eiger2_00155_00_ave.h5
ESRF_SC5671,PE-SC-1p3_S7_R3,PE-SC-1p3|S7|R3,\\Synology\Data\2025\ESRF_SC5671\ef20\ef20_20250620-091305\ef20_eiger2_00156_00_ave.h5
ESRF_SC5671,PE-SC-1p3_S7_R4,PE-SC-1p3|S7|R4,\\Synology\Data\2025\ESRF_SC5671\ef20\ef20_20250620-091305\ef20_eiger2_00157_00_ave.h5
ESRF_SC5671,PE-SC-1p3_S7_R5,PE-SC-1p3|S7|R5,\\Synology\Data\2025\ESRF_SC5671\ef20\ef20_20250620-091305\ef20_eiger2_00158_00_ave.h5
ESRF_SC5671,PE-SC-1p3_S7_R6,PE-SC-1p3|S7|R6,\\Synology\Data\2025\ESRF_SC5671\ef20\ef20_20250620-091305\ef20_eiger2_00159_00_ave.h5
ESRF_SC5671,PE-SC-1p3_S7_R7,PE-SC-1p3|S7|R7,\\Synology\Data\2025\ESRF_SC5671\ef20\ef20_20250620-091305\ef20_eiger2_00160_00_ave.h5
ESRF_SC5671,PE-SC-1p3_S7_R8,PE-SC-1p3|S7|R8,\\Synology\Data\2025\ESRF_SC5671\ef20\ef20_20250620-091305\ef20_eiger2_00161_00_ave.h5
ESRF_SC5671,PDMS_g_P3HT_5WtPerc_Chlorof_0_8m,PDMS|g|P3HT|5WtPerc|Chlorof|0|8m,\\Synology\Data\2025\ESRF_SC5671\ef20\ef20_20250620-091305\ef20_eiger2_00163_00_ave.h5
ESRF_SC5671,PDMS_g_P3HT_5WtPerc_Chlorof_3_0m,PDMS|g|P3HT|5WtPerc|Chlorof|3|0m,\\Synology\Data\2025\ESRF_SC5671\ef20\ef20_20250620-091305\ef20_eiger2_00166_00_ave.h5
ESRF_SC5671,PE-SC-1p3_S8_before,PE-SC-1p3|S8|before,\\Synology\Data\2025\ESRF_SC5671\ef20\ef20_20250620-091305\ef20_eiger2_00168_00_ave.h5
ESRF_SC5671,PE-SC-1p3_S8_R1,PE-SC-1p3|S8|R1,\\Synology\Data\2025\ESRF_SC5671\ef20\ef20_20250620-091305\ef20_eiger2_00169_00_ave.h5
ESRF_SC5671,PE-SC-1p3_S8_R2,PE-SC-1p3|S8|R2,\\Synology\Data\2025\ESRF_SC5671\ef20\ef20_20250620-091305\ef20_eiger2_00170_00_ave.h5
ESRF_SC5671,PE-SC-1p3_S8_R3,PE-SC-1p3|S8|R3,\\Synology\Data\2025\ESRF_SC5671\ef20\ef20_20250620-091305\ef20_eiger2_00171_00_ave.h5
ESRF_SC5671,PE-SC-1p3_S8_R4,PE-SC-1p3|S8|R4,\\Synology\Data\2025\ESRF_SC5671\ef20\ef20_20250620-091305\ef20_eiger2_00172_00_ave.h5
ESRF_SC5671,PE-SC-1p3_S8_R5,PE-SC-1p3|S8|R5,\\Synology\Data\2025\ESRF_SC5671\ef20\ef20_20250620-091305\ef20_eiger2_00173_00_ave.h5
ESRF_SC5671,PE-SC-1p3_S8_R6,PE-SC-1p3|S8|R6,\\Synology\Data\2025\ESRF_SC5671\ef20\ef20_20250620-091305\ef20_eiger2_00174_00_ave.h5
ESRF_SC5671,PE-SC-1p3_S8_R7,PE-SC-1p3|S8|R7,\\Synology\Data\2025\ESRF_SC5671\ef20\ef20_20250620-091305\ef20_eiger2_00175_00_ave.h5
ESRF_SC5671,PE-SC-1p3_S8_R8,PE-SC-1p3|S8|R8,\\Synology\Data\2025\ESRF_SC5671\ef20\ef20_20250620-091305\ef20_eiger2_00176_00_ave.h5
ESRF_SC5671,PE-SC-1p3_S8_R9,PE-SC-1p3|S8|R9,\\Synology\Data\2025\ESRF_SC5671\ef20\ef20_20250620-091305\ef20_eiger2_00177_00_ave.h5
ESRF_SC5671,PE-SC-1p3_S8_R10,PE-SC-1p3|S8|R10,\\Synology\Data\2025\ESRF_SC5671\ef20\ef20_20250620-091305\ef20_eiger2_00178_00_ave.h5
ESRF_SC5671,PE-SC-1p3_S8_R11,PE-SC-1p3|S8|R11,\\Synology\Data\2025\ESRF_SC5671\ef20\ef20_20250620-091305\ef20_eiger2_00179_00_ave.h5
ESRF_SC5671,PE-SC-1p3_S8_R12,PE-SC-1p3|S8|R12,\\Synology\Data\2025\ESRF_SC5671\ef20\ef20_20250620-091305\ef20_eiger2_00180_00_ave.h5
ESRF_SC5671,PE-SC-1p3_S8_R13,PE-SC-1p3|S8|R13,\\Synology\Data\2025\ESRF_SC5671\ef20\ef20_20250620-091305\ef20_eiger2_00181_00_ave.h5
ESRF_SC5671,PE-SC-1p3_S8_R14,PE-SC-1p3|S8|R14,\\Synology\Data\2025\ESRF_SC5671\ef20\ef20_20250620-091305\ef20_eiger2_00182_00_ave.h5
ESRF_SC5671,PE-SC-1p3_S8_R15,PE-SC-1p3|S8|R15,\\Synology\Data\2025\ESRF_SC5671\ef20\ef20_20250620-091305\ef20_eiger2_00183_00_ave.h5
ESRF_SC5671,PE-SC-1p3_S8_R16,PE-SC-1p3|S8|R16,\\Synology\Data\2025\ESRF_SC5671\ef20\ef20_20250620-091305\ef20_eiger2_00184_00_ave.h5
ESRF_SC5671,PDMS_g_P3HT_5WtPerc_4_1_0_8m,PDMS|g|P3HT|5WtPerc|4|1|0|8m,\\Synology\Data\2025\ESRF_SC5671\ef20\ef20_20250620-091305\ef20_eiger2_00186_00_ave.h5
ESRF_SC5671,PDMS_g_P3HT_5WtPerc_4_1_3_0m,PDMS|g|P3HT|5WtPerc|4|1|3|0m,\\Synology\Data\2025\ESRF_SC5671\ef20\ef20_20250620-091305\ef20_eiger2_00188_00_ave.h5
ESRF_SC5671,PDMS_g_P3HT_7WtPerc_Chlorof_3_0m,PDMS|g|P3HT|7WtPerc|Chlorof|3|0m,\\Synology\Data\2025\ESRF_SC5671\ef20\ef20_20250620-091305\ef20_eiger2_00190_00_ave.h5
ESRF_SC5671,PDMS_g_P3HT_7WtPerc_Chlorof_0_8m,PDMS|g|P3HT|7WtPerc|Chlorof|0|8m,\\Synology\Data\2025\ESRF_SC5671\ef20\ef20_20250620-091305\ef20_eiger2_00193_00_ave.h5
ESRF_SC5671,PDMS_g_P3HT_7WtPerc_4_1_0_8m,PDMS|g|P3HT|7WtPerc|4|1|0|8m,\\Synology\Data\2025\ESRF_SC5671\ef20\ef20_20250620-091305\ef20_eiger2_00196_00_ave.h5
ESRF_SC5671,PDMS_g_P3HT_7WtPerc_4_1_3_0m,PDMS|g|P3HT|7WtPerc|4|1|3|0m,\\Synology\Data\2025\ESRF_SC5671\ef20\ef20_20250620-091305\ef20_eiger2_00199_00_ave.h5
ESRF_SC5671,PE-HP_S1_before,PE-HP|S1|before,\\Synology\Data\2025\ESRF_SC5671\ef20\ef20_20250620-091305\ef20_eiger2_00201_00_ave.h5
ESRF_SC5671,PE-HP_S1_0p8m_before,PE-HP|S1|0p8m|before,\\Synology\Data\2025\ESRF_SC5671\ef20\ef20_20250620-091305\ef20_eiger2_00203_00_ave.h5
ESRF_SC5671,PE-HP_S1_R1,PE-HP|S1|R1,\\Synology\Data\2025\ESRF_SC5671\ef20\ef20_20250620-091305\ef20_eiger2_00204_00_ave.h5
ESRF_SC5671,PE-HP_S1_R2,PE-HP|S1|R2,\\Synology\Data\2025\ESRF_SC5671\ef20\ef20_20250620-091305\ef20_eiger2_00205_00_ave.h5
ESRF_SC5671,PE-HP_S1_R3,PE-HP|S1|R3,\\Synology\Data\2025\ESRF_SC5671\ef20\ef20_20250620-091305\ef20_eiger2_00206_00_ave.h5
ESRF_SC5671,PE-HP_S1_R4,PE-HP|S1|R4,\\Synology\Data\2025\ESRF_SC5671\ef20\ef20_20250620-091305\ef20_eiger2_00207_00_ave.h5
ESRF_SC5671,PE-HP_S1_0p8m_after_R4,PE-HP|S1|0p8m|after|R4,\\Synology\Data\2025\ESRF_SC5671\ef20\ef20_20250620-091305\ef20_eiger2_00208_00_ave.h5
ESRF_SC5671,PE-HP_S1_R5,PE-HP|S1|R5,\\Synology\Data\2025\ESRF_SC5671\ef20\ef20_20250620-091305\ef20_eiger2_00209_00_ave.h5
ESRF_SC5671,PE-HP_S1_R6,PE-HP|S1|R6,\\Synology\Data\2025\ESRF_SC5671\ef20\ef20_20250620-091305\ef20_eiger2_00210_00_ave.h5
ESRF_SC5671,test,test,\\Synology\Data\2025\ESRF_SC5671\ef20\ef20_20250620-091305\ef20_eiger2_00212_00_ave.h5
ESRF_SC5671,empty_beam,empty|beam,\\Synology\Data\2025\ESRF_SC5671\ef20\ef20_20250620-091305\ef20_eiger2_00213_00_ave.h5
ESRF_SC5671,PE-HP_S2_before,PE-HP|S2|before,\\Synology\Data\2025\ESRF_SC5671\ef20\ef20_20250620-091305\ef20_eiger2_00214_00_ave.h5
ESRF_SC5671,PE-HP_S2_R1,PE-HP|S2|R1,\\Synology\Data\2025\ESRF_SC5671\ef20\ef20_20250620-091305\ef20_eiger2_00215_00_ave.h5
ESRF_SC5671,PE-HP_S2_R2,PE-HP|S2|R2,\\Synology\Data\2025\ESRF_SC5671\ef20\ef20_20250620-091305\ef20_eiger2_00216_00_ave.h5
ESRF_SC5671,PE-HP_S2_R3,PE-HP|S2|R3,\\Synology\Data\2025\ESRF_SC5671\ef20\ef20_20250620-091305\ef20_eiger2_00217_00_ave.h5
ESRF_SC5671,PE-HP_S2_R4,PE-HP|S2|R4,\\Synology\Data\2025\ESRF_SC5671\ef20\ef20_20250620-091305\ef20_eiger2_00218_00_ave.h5
ESRF_SC5671,PE-HP_S2_R5,PE-HP|S2|R5,\\Synology\Data\2025\ESRF_SC5671\ef20\ef20_20250620-091305\ef20_eiger2_00219_00_ave.h5
ESRF_SC5671,PE-HP_S2_R6,PE-HP|S2|R6,\\Synology\Data\2025\ESRF_SC5671\ef20\ef20_20250620-091305\ef20_eiger2_00220_00_ave.h5
ESRF_SC5671,PE-HP_S2_R7,PE-HP|S2|R7,\\Synology\Data\2025\ESRF_SC5671\ef20\ef20_20250620-091305\ef20_eiger2_00221_00_ave.h5
ESRF_SC5671,PE-HP_S2_R8,PE-HP|S2|R8,\\Synology\Data\2025\ESRF_SC5671\ef20\ef20_20250620-091305\ef20_eiger2_00222_00_ave.h5
ESRF_SC5671,PE-HP_S2_R9,PE-HP|S2|R9,\\Synology\Data\2025\ESRF_SC5671\ef20\ef20_20250620-091305\ef20_eiger2_00223_00_ave.h5
ESRF_SC5671,PE-HP_S2_R10,PE-HP|S2|R10,\\Synology\Data\2025\ESRF_SC5671\ef20\ef20_20250620-091305\ef20_eiger2_00224_00_ave.h5
ESRF_SC5671,PE-HP_S2_R11,PE-HP|S2|R11,\\Synology\Data\2025\ESRF_SC5671\ef20\ef20_20250620-091305\ef20_eiger2_00225_00_ave.h5
ESRF_SC5671,PE-HP_S2_R12,PE-HP|S2|R12,\\Synology\Data\2025\ESRF_SC5671\ef20\ef20_20250620-091305\ef20_eiger2_00226_00_ave.h5
ESRF_SC5671,PE-HP_S2_R13,PE-HP|S2|R13,\\Synology\Data\2025\ESRF_SC5671\ef20\ef20_20250620-091305\ef20_eiger2_00227_00_ave.h5
ESRF_SC5671,PE-HP_S2_R14,PE-HP|S2|R14,\\Synology\Data\2025\ESRF_SC5671\ef20\ef20_20250620-091305\ef20_eiger2_00228_00_ave.h5
ESRF_SC5671,PE-HP_S2_R15,PE-HP|S2|R15,\\Synology\Data\2025\ESRF_SC5671\ef20\ef20_20250620-091305\ef20_eiger2_00229_00_ave.h5
ESRF_SC5671,Physical_Blend_control_4_1_8_0m,Physical|Blend|control|4|1|8|0m,\\Synology\Data\2025\ESRF_SC5671\ef20\ef20_20250620-091305\ef20_eiger2_00232_00_ave.h5
ESRF_SC5671,Physical_Blend_control_4_1_3_0m,Physical|Blend|control|4|1|3|0m,\\Synology\Data\2025\ESRF_SC5671\ef20\ef20_20250620-091305\ef20_eiger2_00235_00_ave.h5
ESRF_SC5671,Physical_Blend_control_4_1_0_8m,Physical|Blend|control|4|1|0|8m,\\Synology\Data\2025\ESRF_SC5671\ef20\ef20_20250620-091305\ef20_eiger2_00238_00_ave.h5
ESRF_SC5671,PE-SC-1p3_S9_before,PE-SC-1p3|S9|before,\\Synology\Data\2025\ESRF_SC5671\ef20\ef20_20250620-091305\ef20_eiger2_00241_00_ave.h5
ESRF_SC5671,PE-SC-1p3_S9_R1,PE-SC-1p3|S9|R1,\\Synology\Data\2025\ESRF_SC5671\ef20\ef20_20250620-091305\ef20_eiger2_00242_00_ave.h5
ESRF_SC5671,PE-SC-1p3_S9_R2,PE-SC-1p3|S9|R2,\\Synology\Data\2025\ESRF_SC5671\ef20\ef20_20250620-091305\ef20_eiger2_00243_00_ave.h5
ESRF_SC5671,PE-SC-1p3_S9_R3,PE-SC-1p3|S9|R3,\\Synology\Data\2025\ESRF_SC5671\ef20\ef20_20250620-091305\ef20_eiger2_00244_00_ave.h5
ESRF_SC5671,PE-SC-1p3_S9_R5,PE-SC-1p3|S9|R5,\\Synology\Data\2025\ESRF_SC5671\ef20\ef20_20250620-091305\ef20_eiger2_00245_00_ave.h5
ESRF_SC5671,PE-SC-1p3_S10_before,PE-SC-1p3|S10|before,\\Synology\Data\2025\ESRF_SC5671\ef20\ef20_20250620-091305\ef20_eiger2_00246_00_ave.h5
ESRF_SC5671,PVDF_linear_1day_160C_1a,PVDF|linear|1day|160C|1a,\\Synology\Data\2025\ESRF_SC5671\ef20\ef20_20250620-091305\ef20_eiger2_00248_00_ave.h5
ESRF_SC5671,PVDF_linear_1day_160C_1a_3_0m,PVDF|linear|1day|160C|1a|3|0m,\\Synology\Data\2025\ESRF_SC5671\ef20\ef20_20250620-091305\ef20_eiger2_00250_00_ave.h5
ESRF_SC5671,PVDF_linear_2days_162_5C_1c_3_0m,PVDF|linear|2days|162|5C|1c|3|0m,\\Synology\Data\2025\ESRF_SC5671\ef20\ef20_20250620-091305\ef20_eiger2_00252_00_ave.h5
ESRF_SC5671,PVDF_linear_2days_162_5C_1c_3_0m_samy_0_1,PVDF|linear|2days|162|5C|1c|3|0m|samy|0|1,\\Synology\Data\2025\ESRF_SC5671\ef20\ef20_20250620-091305\ef20_eiger2_00253_00_ave.h5
ESRF_SC5671,PVDF_linear_2days_162_5C_1c_3_0m_samy_0_2mm,PVDF|linear|2days|162|5C|1c|3|0m|samy|0|2mm,\\Synology\Data\2025\ESRF_SC5671\ef20\ef20_20250620-091305\ef20_eiger2_00254_00_ave.h5
ESRF_SC5671,PVDF_linear_2days_162_5C_1c_3_0m_samy_0_3mm,PVDF|linear|2days|162|5C|1c|3|0m|samy|0|3mm,\\Synology\Data\2025\ESRF_SC5671\ef20\ef20_20250620-091305\ef20_eiger2_00255_00_ave.h5
ESRF_SC5671,PVDF_linear_2days_162_5C_1c_3_0m_samy_0_4mm,PVDF|linear|2days|162|5C|1c|3|0m|samy|0|4mm,\\Synology\Data\2025\ESRF_SC5671\ef20\ef20_20250620-091305\ef20_eiger2_00256_00_ave.h5
ESRF_SC5671,PVDF_linear_2days_162_5C_1c_3_0m_samy_0_0mm,PVDF|linear|2days|162|5C|1c|3|0m|samy|0|0mm,\\Synology\Data\2025\ESRF_SC5671\ef20\ef20_20250620-091305\ef20_eiger2_00257_00_ave.h5
ESRF_SC5671,PVDF_linear_2days_162_5C_1c_3_0m_samy_m0_1mm,PVDF|linear|2days|162|5C|1c|3|0m|samy|m0|1mm,\\Synology\Data\2025\ESRF_SC5671\ef20\ef20_20250620-091305\ef20_eiger2_00258_00_ave.h5
ESRF_SC5671,PVDF_linear_2days_162_5C_1c_3_0m_samy_m0_2mm,PVDF|linear|2days|162|5C|1c|3|0m|samy|m0|2mm,\\Synology\Data\2025\ESRF_SC5671\ef20\ef20_20250620-091305\ef20_eiger2_00259_00_ave.h5
ESRF_SC5671,PVDF_linear_2days_162_5C_1c_3_0m_samy_m0_3mm,PVDF|linear|2days|162|5C|1c|3|0m|samy|m0|3mm,\\Synology\Data\2025\ESRF_SC5671\ef20\ef20_20250620-091305\ef20_eiger2_00260_00_ave.h5
ESRF_SC5671,PVDF_linear_2days_162_5C_1c_3_0m_samy_m0_4mm,PVDF|linear|2days|162|5C|1c|3|0m|samy|m0|4mm,\\Synology\Data\2025\ESRF_SC5671\ef20\ef20_20250620-091305\ef20_eiger2_00261_00_ave.h5
ESRF_SC5671,PVDF_linear_2days_162_5C_1c_8_0m_samy_m0_4mm,PVDF|linear|2days|162|5C|1c|8|0m|samy|m0|4mm,\\Synology\Data\2025\ESRF_SC5671\ef20\ef20_20250620-091305\ef20_eiger2_00262_00_ave.h5
ESRF_SC5671,PVDF_linear_2days_162p5C_1c_gamma_3m,PVDF|linear|2days|162p5C|1c|gamma|3m,\\Synology\Data\2025\ESRF_SC5671\ef20\ef20_20250620-091305\ef20_eiger2_00264_00_ave.h5
ESRF_SC5671,PVDF_linear_2days_162p5C_1c_gammaoff-0p5_3m,PVDF|linear|2days|162p5C|1c|gammaoff-0p5|3m,\\Synology\Data\2025\ESRF_SC5671\ef20\ef20_20250620-091305\ef20_eiger2_00265_00_ave.h5
ESRF_SC5671,PVDF_linear_2days_162p5C_1c_gammaoff0p5_3m,PVDF|linear|2days|162p5C|1c|gammaoff0p5|3m,\\Synology\Data\2025\ESRF_SC5671\ef20\ef20_20250620-091305\ef20_eiger2_00266_00_ave.h5
ESRF_SC5671,PVDF_linear_2days_162p5C_1c_gammazoff0p5_3m,PVDF|linear|2days|162p5C|1c|gammazoff0p5|3m,\\Synology\Data\2025\ESRF_SC5671\ef20\ef20_20250620-091305\ef20_eiger2_00267_00_ave.h5
ESRF_SC5671,PVDF_linear_2days_162p5C_1c_gammazoff-0p5_3m,PVDF|linear|2days|162p5C|1c|gammazoff-0p5|3m,\\Synology\Data\2025\ESRF_SC5671\ef20\ef20_20250620-091305\ef20_eiger2_00268_00_ave.h5
ESRF_SC5671,PVDF_linear_2days_162p5C_1c_realgamma_3m,PVDF|linear|2days|162p5C|1c|realgamma|3m,\\Synology\Data\2025\ESRF_SC5671\ef20\ef20_20250620-091305\ef20_eiger2_00269_00_ave.h5
ESRF_SC5671,C390_S1_before,C390|S1|before,\\Synology\Data\2025\ESRF_SC5671\ef20\ef20_20250620-091305\ef20_eiger2_00270_00_ave.h5
ESRF_SC5671,C390_S1_3m,C390|S1|3m,\\Synology\Data\2025\ESRF_SC5671\ef20\ef20_20250620-091305\ef20_eiger2_00271_00_ave.h5
ESRF_SC5671,C390_S1_0p8m,C390|S1|0p8m,\\Synology\Data\2025\ESRF_SC5671\ef20\ef20_20250620-091305\ef20_eiger2_00272_00_ave.h5
ESRF_SC5671,C390_S1_R1,C390|S1|R1,\\Synology\Data\2025\ESRF_SC5671\ef20\ef20_20250620-091305\ef20_eiger2_00273_00_ave.h5
ESRF_SC5671,C390_S1_3m_R2,C390|S1|3m|R2,\\Synology\Data\2025\ESRF_SC5671\ef20\ef20_20250620-091305\ef20_eiger2_00274_00_ave.h5
ESRF_SC5671,C390_S1_3m_R3,C390|S1|3m|R3,\\Synology\Data\2025\ESRF_SC5671\ef20\ef20_20250620-091305\ef20_eiger2_00275_00_ave.h5
ESRF_SC5671,C390_S1_3m_R4,C390|S1|3m|R4,\\Synology\Data\2025\ESRF_SC5671\ef20\ef20_20250620-091305\ef20_eiger2_00276_00_ave.h5
ESRF_SC5671,C390_S1_3m_R5,C390|S1|3m|R5,\\Synology\Data\2025\ESRF_SC5671\ef20\ef20_20250620-091305\ef20_eiger2_00277_00_ave.h5
ESRF_SC5671,C390_S1_3m_after_quenching,C390|S1|3m|after|quenching,\\Synology\Data\2025\ESRF_SC5671\ef20\ef20_20250620-091305\ef20_eiger2_00278_00_ave.h5
ESRF_SC5671,C390_S1_3m_R6,C390|S1|3m|R6,\\Synology\Data\2025\ESRF_SC5671\ef20\ef20_20250620-091305\ef20_eiger2_00279_00_ave.h5
ESRF_SC5671,C390_S1_3m_after_100grad_sec_cooling,C390|S1|3m|after|100grad|sec|cooling,\\Synology\Data\2025\ESRF_SC5671\ef20\ef20_20250620-091305\ef20_eiger2_00280_00_ave.h5
ESRF_SC5671,C390_S1_3m_R7,C390|S1|3m|R7,\\Synology\Data\2025\ESRF_SC5671\ef20\ef20_20250620-091305\ef20_eiger2_00281_00_ave.h5
ESRF_SC5671,C390_S1_3m_after_20grad_min_cooling,C390|S1|3m|after|20grad|min|cooling,\\Synology\Data\2025\ESRF_SC5671\ef20\ef20_20250620-091305\ef20_eiger2_00283_00_ave.h5
ESRF_SC5671,C390_S1_3m_R8,C390|S1|3m|R8,\\Synology\Data\2025\ESRF_SC5671\ef20\ef20_20250620-091305\ef20_eiger2_00284_00_ave.h5
ESRF_SC5671,C390_S1_3m_after_20grad_min_cooling2,C390|S1|3m|after|20grad|min|cooling2,\\Synology\Data\2025\ESRF_SC5671\ef20\ef20_20250620-091305\ef20_eiger2_00285_00_ave.h5
ESRF_SC5671,C390_S1_3m_R9,C390|S1|3m|R9,\\Synology\Data\2025\ESRF_SC5671\ef20\ef20_20250620-091305\ef20_eiger2_00286_00_ave.h5
ESRF_SC5671,C390_S1_3m_after_1grad_min_cooling3,C390|S1|3m|after|1grad|min|cooling3,\\Synology\Data\2025\ESRF_SC5671\ef20\ef20_20250620-091305\ef20_eiger2_00288_00_ave.h5
ESRF_SC5671,C390_S1_3m_R10,C390|S1|3m|R10,\\Synology\Data\2025\ESRF_SC5671\ef20\ef20_20250620-091305\ef20_eiger2_00289_00_ave.h5
ESRF_SC5671,C390_S2_3m_after_1kKps_cooling,C390|S2|3m|after|1kKps|cooling,\\Synology\Data\2025\ESRF_SC5671\ef20\ef20_20250620-091305\ef20_eiger2_00290_00_ave.h5
ESRF_SC5671,C390_S2_3m_after_20Kpm_cooling,C390|S2|3m|after|20Kpm|cooling,\\Synology\Data\2025\ESRF_SC5671\ef20\ef20_20250620-091305\ef20_eiger2_00291_00_ave.h5
ESRF_SC5671,C390_S2_3m_R1_cryst20Kpm,C390|S2|3m|R1|cryst20Kpm,\\Synology\Data\2025\ESRF_SC5671\ef20\ef20_20250620-091305\ef20_eiger2_00292_00_ave.h5
ESRF_SC5671,C390_S2_3m_R1_cryst1kKps,C390|S2|3m|R1|cryst1kKps,\\Synology\Data\2025\ESRF_SC5671\ef20\ef20_20250620-091305\ef20_eiger2_00293_00_ave.h5
ESRF_SC5671,C390_S2_3m_after_quench,C390|S2|3m|after|quench,\\Synology\Data\2025\ESRF_SC5671\ef20\ef20_20250620-091305\ef20_eiger2_00294_00_ave.h5
ESRF_SC5671,C390_S2_3m_R3_quench,C390|S2|3m|R3|quench,\\Synology\Data\2025\ESRF_SC5671\ef20\ef20_20250620-091305\ef20_eiger2_00295_00_ave.h5
ESRF_SC5671,C390_S2_3m_after_1Kpm_cooling,C390|S2|3m|after|1Kpm|cooling,\\Synology\Data\2025\ESRF_SC5671\ef20\ef20_20250620-091305\ef20_eiger2_00297_00_ave.h5
ESRF_SC5671,C390_S2_3m_R4_1kKpm,C390|S2|3m|R4|1kKpm,\\Synology\Data\2025\ESRF_SC5671\ef20\ef20_20250620-091305\ef20_eiger2_00298_00_ave.h5
ESRF_SC5671,C390_S2_3m_after_100Kps_cooling,C390|S2|3m|after|100Kps|cooling,\\Synology\Data\2025\ESRF_SC5671\ef20\ef20_20250620-091305\ef20_eiger2_00300_00_ave.h5
ESRF_SC5671,C390_S2_3m_after_1Kps_cooling,C390|S2|3m|after|1Kps|cooling,\\Synology\Data\2025\ESRF_SC5671\ef20\ef20_20250620-091305\ef20_eiger2_00301_00_ave.h5
ESRF_SC5671,C390_S2_3m_after_10Kps_cooling,C390|S2|3m|after|10Kps|cooling,\\Synology\Data\2025\ESRF_SC5671\ef20\ef20_20250620-091305\ef20_eiger2_00303_00_ave.h5
ESRF_SC5671,C390_S2_3m_R5_10Kps,C390|S2|3m|R5|10Kps,\\Synology\Data\2025\ESRF_SC5671\ef20\ef20_20250620-091305\ef20_eiger2_00304_00_ave.h5
ESRF_SC5671,C390_S2_3m_after_5Kps_cooling,C390|S2|3m|after|5Kps|cooling,\\Synology\Data\2025\ESRF_SC5671\ef20\ef20_20250620-091305\ef20_eiger2_00305_00_ave.h5
ESRF_SC5671,C390_S2_3m_after_1KpsnoMOD_cooling,C390|S2|3m|after|1KpsnoMOD|cooling,\\Synology\Data\2025\ESRF_SC5671\ef20\ef20_20250620-091305\ef20_eiger2_00306_00_ave.h5
ESRF_SC5671,C390_S2_3m_after_20KpmnoMOD_cooling,C390|S2|3m|after|20KpmnoMOD|cooling,\\Synology\Data\2025\ESRF_SC5671\ef20\ef20_20250620-091305\ef20_eiger2_00307_00_ave.h5
ESRF_SC5671,C390_S2_3m_after_1KpmnoMOD_cooling,C390|S2|3m|after|1KpmnoMOD|cooling,\\Synology\Data\2025\ESRF_SC5671\ef20\ef20_20250620-091305\ef20_eiger2_00308_00_ave.h5
ESRF_SC5671,C390_S2_3m_after_20Kpm_cooling_after,C390|S2|3m|after|20Kpm|cooling|after,\\Synology\Data\2025\ESRF_SC5671\ef20\ef20_20250620-091305\ef20_eiger2_00309_00_ave.h5
ESRF_SC5671,C390_S3_3m_fresh,C390|S3|3m|fresh,\\Synology\Data\2025\ESRF_SC5671\ef20\ef20_20250620-091305\ef20_eiger2_00311_00_ave.h5
ESRF_SC5671,C390_S3_3m_test,C390|S3|3m|test,\\Synology\Data\2025\ESRF_SC5671\ef20\ef20_20250620-091305\ef20_eiger2_00312_00_ave.h5
ESRF_SC5671,C390_S3_test,C390|S3|test,\\Synology\Data\2025\ESRF_SC5671\ef20\ef20_20250620-091305\ef20_eiger2_00313_00_ave.h5
BM26 SC5736,Capillary_2mm_water,Capillary|2mm|water,\\Synology\Data\2024\BM26 SC5736\Capillary_2mm_water\WAXS\Capillary_2mm_water_WAXS_0000.edf
BM26 SC5736,PEG_PLA_11_pristine,PEG|PLA|11|pristine,\\Synology\Data\2024\BM26 SC5736\PEG_PLA_11_pristine\WAXS\PEG_PLA_11_pristine_WAXS_0000.edf
BM26 SC5736,PEG_PLA_8_bis,PEG|PLA|8|bis,\\Synology\Data\2024\BM26 SC5736\PEG_PLA_8_bis\WAXS\PEG_PLA_8_bis_WAXS_0000.edf
BM26 SC5736,PEG_PLA_8_pristine,PEG|PLA|8|pristine,\\Synology\Data\2024\BM26 SC5736\PEG_PLA_8_pristine\WAXS\PEG_PLA_8_pristine_WAXS_0000.edf
BM26 SC5736,PEG_PLA_R11_after_cooling_RT,PEG|PLA|R11|after|cooling|RT,\\Synology\Data\2024\BM26 SC5736\PEG_PLA_R11_after_cooling_RT\WAXS\PEG_PLA_R11_after_cooling_RT_WAXS_0000.edf
BM26 SC5736,PEG_PLA_R11_cooling,PEG|PLA|R11|cooling,\\Synology\Data\2024\BM26 SC5736\PEG_PLA_R11_cooling\WAXS\PEG_PLA_R11_cooling_WAXS_0000.edf
BM26 SC5736,PEG_PLA_R11_heating,PEG|PLA|R11|heating,\\Synology\Data\2024\BM26 SC5736\PEG_PLA_R11_heating\WAXS\PEG_PLA_R11_heating_WAXS_0000.edf
BM26 SC5736,PEG_PLA_R11_second_cooling_to_0C,PEG|PLA|R11|second|cooling|to|0C,\\Synology\Data\2024\BM26 SC5736\PEG_PLA_R11_second_cooling_to_0C\WAXS\PEG_PLA_R11_second_cooling_to_0C_WAXS_0000.edf
BM26 SC5736,PEG_PLA_R11_second_heating,PEG|PLA|R11|second|heating,\\Synology\Data\2024\BM26 SC5736\PEG_PLA_R11_second_heating\WAXS\PEG_PLA_R11_second_heating_WAXS_0000.edf
BM26 SC5736,PEG_PLA_R17_pristine,PEG|PLA|R17|pristine,\\Synology\Data\2024\BM26 SC5736\PEG_PLA_R17_pristine\WAXS\PEG_PLA_R17_pristine_WAXS_0000.edf
BM26 SC5736,PEG_PLA_R18_after_cooling_RT,PEG|PLA|R18|after|cooling|RT,\\Synology\Data\2024\BM26 SC5736\PEG_PLA_R18_after_cooling_RT\WAXS\PEG_PLA_R18_after_cooling_RT_WAXS_0000.edf
BM26 SC5736,PEG_PLA_R18_cooling,PEG|PLA|R18|cooling,\\Synology\Data\2024\BM26 SC5736\PEG_PLA_R18_cooling\WAXS\PEG_PLA_R18_cooling_WAXS_0000.edf
BM26 SC5736,PEG_PLA_R18_heating,PEG|PLA|R18|heating,\\Synology\Data\2024\BM26 SC5736\PEG_PLA_R18_heating\WAXS\PEG_PLA_R18_heating_WAXS_0000.edf
BM26 SC5736,PEG_PLA_R18_pristine,PEG|PLA|R18|pristine,\\Synology\Data\2024\BM26 SC5736\PEG_PLA_R18_pristine\WAXS\PEG_PLA_R18_pristine_WAXS_0000.edf
BM26 SC5736,PEG_PLA_R18_second_heating,PEG|PLA|R18|second|heating,\\Synology\Data\2024\BM26 SC5736\PEG_PLA_R18_second_heating\WAXS\PEG_PLA_R18_second_heating_WAXS_0000.edf
BM26 SC5736,PEG_PLA_R19_after_Cooling_RT,PEG|PLA|R19|after|Cooling|RT,\\Synology\Data\2024\BM26 SC5736\PEG_PLA_R19_after_Cooling_RT\WAXS\PEG_PLA_R19_after_Cooling_RT_WAXS_0000.edf
BM26 SC5736,PEG_PLA_R19_cooling,PEG|PLA|R19|cooling,\\Synology\Data\2024\BM26 SC5736\PEG_PLA_R19_cooling\WAXS\PEG_PLA_R19_cooling_WAXS_0000.edf
BM26 SC5736,PEG_PLA_R19_heating,PEG|PLA|R19|heating,\\Synology\Data\2024\BM26 SC5736\PEG_PLA_R19_heating\WAXS\PEG_PLA_R19_heating_WAXS_0000.edf
BM26 SC5736,PEG_PLA_R19_pristine,PEG|PLA|R19|pristine,\\Synology\Data\2024\BM26 SC5736\PEG_PLA_R19_pristine\WAXS\PEG_PLA_R19_pristine_WAXS_0000.edf
BM26 SC5736,PEG_PLA_R19_second_heating,PEG|PLA|R19|second|heating,\\Synology\Data\2024\BM26 SC5736\PEG_PLA_R19_second_heating\WAXS\PEG_PLA_R19_second_heating_WAXS_0000.edf
BM26 SC5736,PEG_PLA_R20_after_cooling_RT,PEG|PLA|R20|after|cooling|RT,\\Synology\Data\2024\BM26 SC5736\PEG_PLA_R20_after_cooling_RT\WAXS\PEG_PLA_R20_after_cooling_RT_WAXS_0000.edf
BM26 SC5736,PEG_PLA_R20_cooling,PEG|PLA|R20|cooling,\\Synology\Data\2024\BM26 SC5736\PEG_PLA_R20_cooling\WAXS\PEG_PLA_R20_cooling_WAXS_0000.edf
BM26 SC5736,PEG_PLA_R20_heating,PEG|PLA|R20|heating,\\Synology\Data\2024\BM26 SC5736\PEG_PLA_R20_heating\WAXS\PEG_PLA_R20_heating_WAXS_0000.edf
BM26 SC5736,PEG_PLA_R20_pristine,PEG|PLA|R20|pristine,\\Synology\Data\2024\BM26 SC5736\PEG_PLA_R20_pristine\WAXS\PEG_PLA_R20_pristine_WAXS_0000.edf
BM26 SC5736,PEG_PLA_R20_second_cooling,PEG|PLA|R20|second|cooling,\\Synology\Data\2024\BM26 SC5736\PEG_PLA_R20_second_cooling\WAXS\PEG_PLA_R20_second_cooling_WAXS_0000.edf
BM26 SC5736,PEG_PLA_R20_seond_heating,PEG|PLA|R20|seond|heating,\\Synology\Data\2024\BM26 SC5736\PEG_PLA_R20_seond_heating\WAXS\PEG_PLA_R20_seond_heating_WAXS_0000.edf
BM26 SC5736,PEG_PLA_R21_after_cooling_RT,PEG|PLA|R21|after|cooling|RT,\\Synology\Data\2024\BM26 SC5736\PEG_PLA_R21_after_cooling_RT\WAXS\PEG_PLA_R21_after_cooling_RT_WAXS_0000.edf
BM26 SC5736,PEG_PLA_R21_cooling,PEG|PLA|R21|cooling,\\Synology\Data\2024\BM26 SC5736\PEG_PLA_R21_cooling\WAXS\PEG_PLA_R21_cooling_WAXS_0000.edf
BM26 SC5736,PEG_PLA_R21_heating,PEG|PLA|R21|heating,\\Synology\Data\2024\BM26 SC5736\PEG_PLA_R21_heating\WAXS\PEG_PLA_R21_heating_WAXS_0000.edf
BM26 SC5736,PEG_PLA_R21_pristine,PEG|PLA|R21|pristine,\\Synology\Data\2024\BM26 SC5736\PEG_PLA_R21_pristine\WAXS\PEG_PLA_R21_pristine_WAXS_0000.edf
BM26 SC5736,PEG_PLA_R21_second_heating,PEG|PLA|R21|second|heating,\\Synology\Data\2024\BM26 SC5736\PEG_PLA_R21_second_heating\WAXS\PEG_PLA_R21_second_heating_WAXS_0000.edf
BM26 SC5736,PEG_PLA_R22_pristine,PEG|PLA|R22|pristine,\\Synology\Data\2024\BM26 SC5736\PEG_PLA_R22_pristine\WAXS\PEG_PLA_R22_pristine_WAXS_0000.edf
BM26 SC5736,PEG_PLA_R3_after_cooling_RT,PEG|PLA|R3|after|cooling|RT,\\Synology\Data\2024\BM26 SC5736\PEG_PLA_R3_after_cooling_RT\WAXS\PEG_PLA_R3_after_cooling_RT_WAXS_0000.edf
BM26 SC5736,PEG_PLA_R3_cooling,PEG|PLA|R3|cooling,\\Synology\Data\2024\BM26 SC5736\PEG_PLA_R3_cooling\WAXS\PEG_PLA_R3_cooling_WAXS_0000.edf
BM26 SC5736,PEG_PLA_R3_heating,PEG|PLA|R3|heating,\\Synology\Data\2024\BM26 SC5736\PEG_PLA_R3_heating\WAXS\PEG_PLA_R3_heating_WAXS_0000.edf
BM26 SC5736,PEG_PLA_R3_pristine,PEG|PLA|R3|pristine,\\Synology\Data\2024\BM26 SC5736\PEG_PLA_R3_pristine\WAXS\PEG_PLA_R3_pristine_WAXS_0000.edf
BM26 SC5736,PEG_PLA_R8_after_cooling_RT,PEG|PLA|R8|after|cooling|RT,\\Synology\Data\2024\BM26 SC5736\PEG_PLA_R8_after_cooling_RT\WAXS\PEG_PLA_R8_after_cooling_RT_WAXS_0000.edf
BM26 SC5736,PEG_PLA_R8_bis_after_cooling_RT,PEG|PLA|R8|bis|after|cooling|RT,\\Synology\Data\2024\BM26 SC5736\PEG_PLA_R8_bis_after_cooling_RT\WAXS\PEG_PLA_R8_bis_after_cooling_RT_WAXS_0000.edf
BM26 SC5736,PEG_PLA_R8_bis_cooling,PEG|PLA|R8|bis|cooling,\\Synology\Data\2024\BM26 SC5736\PEG_PLA_R8_bis_cooling\WAXS\PEG_PLA_R8_bis_cooling_WAXS_0000.edf
BM26 SC5736,PEG_PLA_R8_bis_heating,PEG|PLA|R8|bis|heating,\\Synology\Data\2024\BM26 SC5736\PEG_PLA_R8_bis_heating\WAXS\PEG_PLA_R8_bis_heating_WAXS_0000.edf
BM26 SC5736,PEG_PLA_R8_bis_secondheating,PEG|PLA|R8|bis|secondheating,\\Synology\Data\2024\BM26 SC5736\PEG_PLA_R8_bis_secondheating\WAXS\PEG_PLA_R8_bis_secondheating_WAXS_0000.edf
BM26 SC5736,PEG_PLA_R8_cooling,PEG|PLA|R8|cooling,\\Synology\Data\2024\BM26 SC5736\PEG_PLA_R8_cooling\WAXS\PEG_PLA_R8_cooling_WAXS_0000.edf
BM26 SC5736,PEG_PLA_R8_heating,PEG|PLA|R8|heating,\\Synology\Data\2024\BM26 SC5736\PEG_PLA_R8_heating\WAXS\PEG_PLA_R8_heating_WAXS_0000.edf
BM26_Feb2024,011824_R11_heating_180,011824|R11|heating|180,\\Synology\Data\2024\BM26_Feb2024\011824_R11_heating_180\WAXS\011824_R11_heating_180_WAXS_0000.edf
BM26_Feb2024,011824_R18_heating_180,011824|R18|heating|180,\\Synology\Data\2024\BM26_Feb2024\011824_R18_heating_180\WAXS\011824_R18_heating_180_WAXS_0000.edf
BM26_Feb2024,011824_R2,011824|R2,\\Synology\Data\2024\BM26_Feb2024\011824_R2\WAXS\011824_R2_WAXS_0000.edf
BM26_Feb2024,011824_R27_heating_180,011824|R27|heating|180,\\Synology\Data\2024\BM26_Feb2024\011824_R27_heating_180\WAXS\011824_R27_heating_180_WAXS_0000.edf
BM26_Feb2024,011824_R2_heating_180,011824|R2|heating|180,\\Synology\Data\2024\BM26_Feb2024\011824_R2_heating_180\WAXS\011824_R2_heating_180_WAXS_0000.edf
BM26_Feb2024,011824_R5_heating_180,011824|R5|heating|180,\\Synology\Data\2024\BM26_Feb2024\011824_R5_heating_180\WAXS\011824_R5_heating_180_WAXS_0000.edf
BM26_Feb2024,011824_R7_heating_180,011824|R7|heating|180,\\Synology\Data\2024\BM26_Feb2024\011824_R7_heating_180\WAXS\011824_R7_heating_180_WAXS_0000.edf
BM26_Feb2024,011824_R8_heating_180,011824|R8|heating|180,\\Synology\Data\2024\BM26_Feb2024\011824_R8_heating_180\WAXS\011824_R8_heating_180_WAXS_0000.edf
BM26_Feb2024,Acetone_030822_1,Acetone|030822|1,\\Synology\Data\2024\BM26_Feb2024\Acetone_030822_1\WAXS\Acetone_030822_1_WAXS_0000.edf
BM26_Feb2024,Acetone_030822_1_secondtry,Acetone|030822|1|secondtry,\\Synology\Data\2024\BM26_Feb2024\Acetone_030822_1_secondtry\WAXS\Acetone_030822_1_secondtry_WAXS_0000.edf
BM26_Feb2024,Acetone_030822_4,Acetone|030822|4,\\Synology\Data\2024\BM26_Feb2024\Acetone_030822_4\WAXS\Acetone_030822_4_WAXS_0000.edf
BM26_Feb2024,Acetone_090320_2,Acetone|090320|2,\\Synology\Data\2024\BM26_Feb2024\Acetone_090320_2\WAXS\Acetone_090320_2_WAXS_0000.edf
BM26_Feb2024,Acetone_090320_2_reswelling_drying,Acetone|090320|2|reswelling|drying,\\Synology\Data\2024\BM26_Feb2024\Acetone_090320_2_reswelling_drying\WAXS\Acetone_090320_2_reswelling_drying_WAXS_0000.edf
BM26_Feb2024,Acetone_090320_2_reswelling_hexane,Acetone|090320|2|reswelling|hexane,\\Synology\Data\2024\BM26_Feb2024\Acetone_090320_2_reswelling_hexane\WAXS\Acetone_090320_2_reswelling_hexane_WAXS_0000.edf
BM26_Feb2024,Acetone_090420_3,Acetone|090420|3,\\Synology\Data\2024\BM26_Feb2024\Acetone_090420_3\WAXS\Acetone_090420_3_WAXS_0000.edf
BM26_Feb2024,AgBe_stretcher,AgBe|stretcher,\\Synology\Data\2024\BM26_Feb2024\AgBe_stretcher\WAXS\AgBe_stretcher_WAXS_0000.edf
BM26_Feb2024,AgBh_3m_12keV,AgBh|3m|12keV,\\Synology\Data\2024\BM26_Feb2024\AgBh_3m_12keV\WAXS\AgBh_3m_12keV_WAXS_0000.edf
BM26_Feb2024,AgBh_capil_3m_12keV,AgBh|capil|3m|12keV,\\Synology\Data\2024\BM26_Feb2024\AgBh_capil_3m_12keV\WAXS\AgBh_capil_3m_12keV_WAXS_0000.edf
BM26_Feb2024,AgBh_washers_3m_12keV,AgBh|washers|3m|12keV,\\Synology\Data\2024\BM26_Feb2024\AgBh_washers_3m_12keV\WAXS\AgBh_washers_3m_12keV_WAXS_0000.edf
BM26_Feb2024,Al2O3_0p3m_12keV,Al2O3|0p3m|12keV,\\Synology\Data\2024\BM26_Feb2024\Al2O3_0p3m_12keV\WAXS\Al2O3_0p3m_12keV_WAXS_0000.edf
BM26_Feb2024,Al2O3_capil_0p3m_12keV,Al2O3|capil|0p3m|12keV,\\Synology\Data\2024\BM26_Feb2024\Al2O3_capil_0p3m_12keV\WAXS\Al2O3_capil_0p3m_12keV_WAXS_0000.edf
BM26_Feb2024,Al2O3_stretcher,Al2O3|stretcher,\\Synology\Data\2024\BM26_Feb2024\Al2O3_stretcher\WAXS\Al2O3_stretcher_WAXS_0000.edf
BM26_Feb2024,Alina_capillary_water_background,Alina|capillary|water|background,\\Synology\Data\2024\BM26_Feb2024\Alina_capillary_water_background\WAXS\Alina_capillary_water_background_WAXS_0000.edf
BM26_Feb2024,Alina_Membrane_capillary_water_N1,Alina|Membrane|capillary|water|N1,\\Synology\Data\2024\BM26_Feb2024\Alina_Membrane_capillary_water_N1\WAXS\Alina_Membrane_capillary_water_N1_WAXS_0000.edf
BM26_Feb2024,Alina_Membrane_capillary_water_N10,Alina|Membrane|capillary|water|N10,\\Synology\Data\2024\BM26_Feb2024\Alina_Membrane_capillary_water_N10\WAXS\Alina_Membrane_capillary_water_N10_WAXS_0000.edf
BM26_Feb2024,Alina_Membrane_capillary_water_N11,Alina|Membrane|capillary|water|N11,\\Synology\Data\2024\BM26_Feb2024\Alina_Membrane_capillary_water_N11\WAXS\Alina_Membrane_capillary_water_N11_WAXS_0000.edf
BM26_Feb2024,Alina_Membrane_capillary_water_N12,Alina|Membrane|capillary|water|N12,\\Synology\Data\2024\BM26_Feb2024\Alina_Membrane_capillary_water_N12\WAXS\Alina_Membrane_capillary_water_N12_WAXS_0000.edf
BM26_Feb2024,Alina_Membrane_capillary_water_N13,Alina|Membrane|capillary|water|N13,\\Synology\Data\2024\BM26_Feb2024\Alina_Membrane_capillary_water_N13\WAXS\Alina_Membrane_capillary_water_N13_WAXS_0000.edf
BM26_Feb2024,Alina_Membrane_capillary_water_N2,Alina|Membrane|capillary|water|N2,\\Synology\Data\2024\BM26_Feb2024\Alina_Membrane_capillary_water_N2\WAXS\Alina_Membrane_capillary_water_N2_WAXS_0000.edf
BM26_Feb2024,Alina_Membrane_capillary_water_N6,Alina|Membrane|capillary|water|N6,\\Synology\Data\2024\BM26_Feb2024\Alina_Membrane_capillary_water_N6\WAXS\Alina_Membrane_capillary_water_N6_WAXS_0000.edf
BM26_Feb2024,Alina_Membrane_capillary_water_N8,Alina|Membrane|capillary|water|N8,\\Synology\Data\2024\BM26_Feb2024\Alina_Membrane_capillary_water_N8\WAXS\Alina_Membrane_capillary_water_N8_WAXS_0000.edf
BM26_Feb2024,Alina_Membrane_capillary_water_N9,Alina|Membrane|capillary|water|N9,\\Synology\Data\2024\BM26_Feb2024\Alina_Membrane_capillary_water_N9\WAXS\Alina_Membrane_capillary_water_N9_WAXS_0000.edf
BM26_Feb2024,Alina_NE_W_Im,Alina|NE|W|Im,\\Synology\Data\2024\BM26_Feb2024\Alina_NE_W_Im\WAXS\Alina_NE_W_Im_WAXS_0000.edf
BM26_Feb2024,Alina_NE_y1,Alina|NE|y1,\\Synology\Data\2024\BM26_Feb2024\Alina_NE_y1\WAXS\Alina_NE_y1_WAXS_0000.edf
BM26_Feb2024,Alina_NE_y2,Alina|NE|y2,\\Synology\Data\2024\BM26_Feb2024\Alina_NE_y2\WAXS\Alina_NE_y2_WAXS_0000.edf
BM26_Feb2024,Aline_membrane_flatcell_dry_backgr,Aline|membrane|flatcell|dry|backgr,\\Synology\Data\2024\BM26_Feb2024\Aline_membrane_flatcell_dry_backgr\WAXS\Aline_membrane_flatcell_dry_backgr_WAXS_0000.edf
BM26_Feb2024,Aline_membrane_flatcell_water_backgr,Aline|membrane|flatcell|water|backgr,\\Synology\Data\2024\BM26_Feb2024\Aline_membrane_flatcell_water_backgr\WAXS\Aline_membrane_flatcell_water_backgr_WAXS_0000.edf
BM26_Feb2024,Aline_membrane_flatcell_water_N1,Aline|membrane|flatcell|water|N1,\\Synology\Data\2024\BM26_Feb2024\Aline_membrane_flatcell_water_N1\WAXS\Aline_membrane_flatcell_water_N1_WAXS_0000.edf
BM26_Feb2024,Aline_membrane_flatcell_water_N10,Aline|membrane|flatcell|water|N10,\\Synology\Data\2024\BM26_Feb2024\Aline_membrane_flatcell_water_N10\WAXS\Aline_membrane_flatcell_water_N10_WAXS_0000.edf
BM26_Feb2024,Aline_membrane_flatcell_water_N10_dryingprocess,Aline|membrane|flatcell|water|N10|dryingprocess,\\Synology\Data\2024\BM26_Feb2024\Aline_membrane_flatcell_water_N10_dryingprocess\WAXS\Aline_membrane_flatcell_water_N10_dryingprocess_WAXS_0000.edf
BM26_Feb2024,Aline_membrane_flatcell_water_N11,Aline|membrane|flatcell|water|N11,\\Synology\Data\2024\BM26_Feb2024\Aline_membrane_flatcell_water_N11\WAXS\Aline_membrane_flatcell_water_N11_WAXS_0000.edf
BM26_Feb2024,Aline_membrane_flatcell_water_N12,Aline|membrane|flatcell|water|N12,\\Synology\Data\2024\BM26_Feb2024\Aline_membrane_flatcell_water_N12\WAXS\Aline_membrane_flatcell_water_N12_WAXS_0000.edf
BM26_Feb2024,Aline_membrane_flatcell_water_N13,Aline|membrane|flatcell|water|N13,\\Synology\Data\2024\BM26_Feb2024\Aline_membrane_flatcell_water_N13\WAXS\Aline_membrane_flatcell_water_N13_WAXS_0000.edf
BM26_Feb2024,Aline_membrane_flatcell_water_N2,Aline|membrane|flatcell|water|N2,\\Synology\Data\2024\BM26_Feb2024\Aline_membrane_flatcell_water_N2\WAXS\Aline_membrane_flatcell_water_N2_WAXS_0000.edf
BM26_Feb2024,Aline_membrane_flatcell_water_N6,Aline|membrane|flatcell|water|N6,\\Synology\Data\2024\BM26_Feb2024\Aline_membrane_flatcell_water_N6\WAXS\Aline_membrane_flatcell_water_N6_WAXS_0000.edf
BM26_Feb2024,Aline_membrane_flatcell_water_N8,Aline|membrane|flatcell|water|N8,\\Synology\Data\2024\BM26_Feb2024\Aline_membrane_flatcell_water_N8\WAXS\Aline_membrane_flatcell_water_N8_WAXS_0000.edf
BM26_Feb2024,Aline_membrane_flatcell_water_N9,Aline|membrane|flatcell|water|N9,\\Synology\Data\2024\BM26_Feb2024\Aline_membrane_flatcell_water_N9\WAXS\Aline_membrane_flatcell_water_N9_WAXS_0000.edf
BM26_Feb2024,"B1,2SD_unmodified_toluene","B1,2SD|unmodified|toluene","\\Synology\Data\2024\BM26_Feb2024\B1,2SD_unmodified_toluene\WAXS\B1,2SD_unmodified_toluene_WAXS_0000.edf"
BM26_Feb2024,B1_2SD_2_modified_toluene,B1|2SD|2|modified|toluene,"\\Synology\Data\2024\BM26_Feb2024\B1_2SD_2_modified_toluene\WAXS\B1,2SD_2_modified_toluene_WAXS_0000.edf"
BM26_Feb2024,B1_4sd_1_Ross_CHCl3,B1|4sd|1|Ross|CHCl3,\\Synology\Data\2024\BM26_Feb2024\B1_4sd_1_Ross_CHCl3\WAXS\B1_4sd_1_Ross_CHCl3_WAXS_0000.edf
BM26_Feb2024,B1_4SD_1_Ross_toluene,B1|4SD|1|Ross|toluene,\\Synology\Data\2024\BM26_Feb2024\B1_4SD_1_Ross_toluene\WAXS\B1_4SD_1_Ross_toluene_WAXS_0000.edf
BM26_Feb2024,B1_4SD_2_Ross_CHCl3,B1|4SD|2|Ross|CHCl3,\\Synology\Data\2024\BM26_Feb2024\B1_4SD_2_Ross_CHCl3\WAXS\B1_4SD_2_Ross_CHCl3_WAXS_0000.edf
BM26_Feb2024,B1_4SD_2_Ross_toluene,B1|4SD|2|Ross|toluene,\\Synology\Data\2024\BM26_Feb2024\B1_4SD_2_Ross_toluene\WAXS\B1_4SD_2_Ross_toluene_WAXS_0000.edf
BM26_Feb2024,bottlebrush_030822_1,bottlebrush|030822|1,\\Synology\Data\2024\BM26_Feb2024\bottlebrush_030822_1\WAXS\bottlebrush_030822_1_WAXS_0000.edf
BM26_Feb2024,bottlebrush_030822_4,bottlebrush|030822|4,\\Synology\Data\2024\BM26_Feb2024\bottlebrush_030822_4\WAXS\bottlebrush_030822_4_WAXS_0000.edf
BM26_Feb2024,bottlebrush_090320_2,bottlebrush|090320|2,\\Synology\Data\2024\BM26_Feb2024\bottlebrush_090320_2\WAXS\bottlebrush_090320_2_WAXS_0000.edf
BM26_Feb2024,bottlebrush_090420_3,bottlebrush|090420|3,\\Synology\Data\2024\BM26_Feb2024\bottlebrush_090420_3\WAXS\bottlebrush_090420_3_WAXS_0000.edf
BM26_Feb2024,Hexane_030822_1,Hexane|030822|1,\\Synology\Data\2024\BM26_Feb2024\Hexane_030822_1\WAXS\Hexane_030822_1_WAXS_0000.edf
BM26_Feb2024,Hexane_030822_4,Hexane|030822|4,\\Synology\Data\2024\BM26_Feb2024\Hexane_030822_4\WAXS\Hexane_030822_4_WAXS_0000.edf
BM26_Feb2024,Hexane_090320_2,Hexane|090320|2,\\Synology\Data\2024\BM26_Feb2024\Hexane_090320_2\WAXS\Hexane_090320_2_WAXS_0000.edf
BM26_Feb2024,Hexane_090420_3,Hexane|090420|3,\\Synology\Data\2024\BM26_Feb2024\Hexane_090420_3\WAXS\Hexane_090420_3_WAXS_0000.edf
BM26_Feb2024,Linkam_Al2O3_secondcalib,Linkam|Al2O3|secondcalib,\\Synology\Data\2024\BM26_Feb2024\Linkam_Al2O3_secondcalib\WAXS\Linkam_Al2O3_secondcalib_WAXS_0000.edf
BM26_Feb2024,linkam_empty_cell,linkam|empty|cell,\\Synology\Data\2024\BM26_Feb2024\linkam_empty_cell\WAXS\linkam_empty_cell_WAXS_0000.edf
BM26_Feb2024,Linkam_empty_cell_Feb02,Linkam|empty|cell|Feb02,\\Synology\Data\2024\BM26_Feb2024\Linkam_empty_cell_Feb02\WAXS\Linkam_empty_cell_Feb02_WAXS_0000.edf
BM26_Feb2024,NOHPDMS_100perc_stretcher,NOHPDMS|100perc|stretcher,\\Synology\Data\2024\BM26_Feb2024\NOHPDMS_100perc_stretcher\WAXS\NOHPDMS_100perc_stretcher_WAXS_0000.edf
BM26_Feb2024,NOHPDMS_100perc_stretcher_repeat,NOHPDMS|100perc|stretcher|repeat,\\Synology\Data\2024\BM26_Feb2024\NOHPDMS_100perc_stretcher_repeat\WAXS\NOHPDMS_100perc_stretcher_repeat_WAXS_0000.edf
BM26_Feb2024,NOHPDMS_100pers,NOHPDMS|100pers,\\Synology\Data\2024\BM26_Feb2024\NOHPDMS_100pers\WAXS\NOHPDMS_100pers_WAXS_0000.edf
BM26_Feb2024,NOHPDMS_90perc_stretcher,NOHPDMS|90perc|stretcher,\\Synology\Data\2024\BM26_Feb2024\NOHPDMS_90perc_stretcher\WAXS\NOHPDMS_90perc_stretcher_WAXS_0000.edf
BM26_Feb2024,NOHPDMS_90pers,NOHPDMS|90pers,\\Synology\Data\2024\BM26_Feb2024\NOHPDMS_90pers\WAXS\NOHPDMS_90pers_WAXS_0000.edf
BM26_Feb2024,O11824_R11_after_ann_atRT,O11824|R11|after|ann|atRT,\\Synology\Data\2024\BM26_Feb2024\O11824_R11_after_ann_atRT\WAXS\O11824_R11_after_ann_atRT_WAXS_0000.edf
BM26_Feb2024,O11824_R18_after_ann_atRT,O11824|R18|after|ann|atRT,\\Synology\Data\2024\BM26_Feb2024\O11824_R18_after_ann_atRT\WAXS\O11824_R18_after_ann_atRT_WAXS_0000.edf
BM26_Feb2024,O11824_R27_after_ann_atRT,O11824|R27|after|ann|atRT,\\Synology\Data\2024\BM26_Feb2024\O11824_R27_after_ann_atRT\WAXS\O11824_R27_after_ann_atRT_WAXS_0000.edf
BM26_Feb2024,O11824_R2_after_ann_atRT,O11824|R2|after|ann|atRT,\\Synology\Data\2024\BM26_Feb2024\O11824_R2_after_ann_atRT\WAXS\O11824_R2_after_ann_atRT_WAXS_0000.edf
BM26_Feb2024,O11824_R5_after_ann_atRT,O11824|R5|after|ann|atRT,\\Synology\Data\2024\BM26_Feb2024\O11824_R5_after_ann_atRT\WAXS\O11824_R5_after_ann_atRT_WAXS_0000.edf
BM26_Feb2024,O11824_R7_after_ann_atRT,O11824|R7|after|ann|atRT,\\Synology\Data\2024\BM26_Feb2024\O11824_R7_after_ann_atRT\WAXS\O11824_R7_after_ann_atRT_WAXS_0000.edf
BM26_Feb2024,O11824_R8_after_ann_atRT,O11824|R8|after|ann|atRT,\\Synology\Data\2024\BM26_Feb2024\O11824_R8_after_ann_atRT\WAXS\O11824_R8_after_ann_atRT_WAXS_0000.edf
BM26_Feb2024,PDMS-P3HT_brush,PDMS-P3HT|brush,\\Synology\Data\2024\BM26_Feb2024\PDMS-P3HT_brush\WAXS\PDMS-P3HT_brush_WAXS_0000.edf
BM26_Feb2024,"SB1,2","SB1,2","\\Synology\Data\2024\BM26_Feb2024\SB1,2\WAXS\SB1,2_WAXS_0000.edf"
BM26_Feb2024,"SB1,2_modified_toluene","SB1,2|modified|toluene","\\Synology\Data\2024\BM26_Feb2024\SB1,2_modified_toluene\WAXS\SB1,2_modified_toluene_WAXS_0000.edf"
BM26_Feb2024,"SB1,2_unmodified_toluene","SB1,2|unmodified|toluene","\\Synology\Data\2024\BM26_Feb2024\SB1,2_unmodified_toluene\WAXS\SB1,2_unmodified_toluene_WAXS_0000.edf"
BM26_Feb2024,SB1_4D_2_toluene,SB1|4D|2|toluene,\\Synology\Data\2024\BM26_Feb2024\SB1_4D_2_toluene\WAXS\SB1_4D_2_toluene_WAXS_0000.edf
BM26_Feb2024,SB1_4D_3_toluene,SB1|4D|3|toluene,\\Synology\Data\2024\BM26_Feb2024\SB1_4D_3_toluene\WAXS\SB1_4D_3_toluene_WAXS_0000.edf
BM26_Feb2024,SBO_1_toluene,SBO|1|toluene,\\Synology\Data\2024\BM26_Feb2024\SBO_1_toluene\WAXS\SBO_1_toluene_WAXS_0000.edf
BM26_Feb2024,SBO_1_toluene_60_deg,SBO|1|toluene|60|deg,\\Synology\Data\2024\BM26_Feb2024\SBO_1_toluene_60_deg\WAXS\SBO_1_toluene_60_deg_WAXS_0000.edf
BM26_Feb2024,SBO_2_toluene,SBO|2|toluene,\\Synology\Data\2024\BM26_Feb2024\SBO_2_toluene\WAXS\SBO_2_toluene_WAXS_0000.edf
BM26_Feb2024,stretcher_empty_cell,stretcher|empty|cell,\\Synology\Data\2024\BM26_Feb2024\stretcher_empty_cell\WAXS\stretcher_empty_cell_WAXS_0000.edf
BM26_Feb2024,test,test,\\Synology\Data\2024\BM26_Feb2024\test\WAXS\test_WAXS_0000.edf
MA6434,4232_SULF,4232|SULF,\\Synology\Data\2024\MA6434\4232_SULF\WAXS\4232_SULF_WAXS_0000.edf
MA6434,4232_SULF_heating_cooling,4232|SULF|heating|cooling,\\Synology\Data\2024\MA6434\4232_SULF_heating_cooling\WAXS\4232_SULF_heating_cooling_WAXS_0000.edf
MA6434,Acrylate_30_2_100,Acrylate|30|2|100,\\Synology\Data\2024\MA6434\Acrylate_30_2_100\WAXS\Acrylate_30_2_100_WAXS_0000.edf
MA6434,Acrylate_30_2_230,Acrylate|30|2|230,\\Synology\Data\2024\MA6434\Acrylate_30_2_230\WAXS\Acrylate_30_2_230_WAXS_0000.edf
MA6434,Acrylate_30_2_350,Acrylate|30|2|350,\\Synology\Data\2024\MA6434\Acrylate_30_2_350\WAXS\Acrylate_30_2_350_WAXS_0000.edf
MA6434,Acrylate_30_2_350_Camera_1_4,Acrylate|30|2|350|Camera|1|4,\\Synology\Data\2024\MA6434\Acrylate_30_2_350_Camera_1_4\WAXS\Acrylate_30_2_350_Camera_1_4_WAXS_0000.edf
MA6434,Acrylate_30_3_100,Acrylate|30|3|100,\\Synology\Data\2024\MA6434\Acrylate_30_3_100\WAXS\Acrylate_30_3_100_WAXS_0000.edf
MA6434,Acrylate_30_3_230,Acrylate|30|3|230,\\Synology\Data\2024\MA6434\Acrylate_30_3_230\WAXS\Acrylate_30_3_230_WAXS_0000.edf
MA6434,Acrylate_30_3_350,Acrylate|30|3|350,\\Synology\Data\2024\MA6434\Acrylate_30_3_350\WAXS\Acrylate_30_3_350_WAXS_0000.edf
MA6434,Acrylate_4_43_10_2_500,Acrylate|4|43|10|2|500,\\Synology\Data\2024\MA6434\Acrylate_4_43_10_2_500\WAXS\Acrylate_4_43_10_2_500_WAXS_0000.edf
MA6434,Acrylate_4_47_10_2_100,Acrylate|4|47|10|2|100,\\Synology\Data\2024\MA6434\Acrylate_4_47_10_2_100\WAXS\Acrylate_4_47_10_2_100_WAXS_0000.edf
MA6434,Acrylate_4_50_16_2_100,Acrylate|4|50|16|2|100,\\Synology\Data\2024\MA6434\Acrylate_4_50_16_2_100\WAXS\Acrylate_4_50_16_2_100_WAXS_0000.edf
MA6434,Acrylate_4_51_16_2_230,Acrylate|4|51|16|2|230,\\Synology\Data\2024\MA6434\Acrylate_4_51_16_2_230\WAXS\Acrylate_4_51_16_2_230_WAXS_0000.edf
MA6434,Acrylate_4_53_16_2_350,Acrylate|4|53|16|2|350,\\Synology\Data\2024\MA6434\Acrylate_4_53_16_2_350\WAXS\Acrylate_4_53_16_2_350_WAXS_0000.edf
MA6434,Acrylate_4_54_16_2_500,Acrylate|4|54|16|2|500,\\Synology\Data\2024\MA6434\Acrylate_4_54_16_2_500\WAXS\Acrylate_4_54_16_2_500_WAXS_0000.edf
MA6434,Acrylate_4_55_10_2_350,Acrylate|4|55|10|2|350,\\Synology\Data\2024\MA6434\Acrylate_4_55_10_2_350\WAXS\Acrylate_4_55_10_2_350_WAXS_0000.edf
MA6434,Acrylate_4_56_10_2_150,Acrylate|4|56|10|2|150,\\Synology\Data\2024\MA6434\Acrylate_4_56_10_2_150\WAXS\Acrylate_4_56_10_2_150_WAXS_0000.edf
MA6434,Acrylate_4_57_16_2_150,Acrylate|4|57|16|2|150,\\Synology\Data\2024\MA6434\Acrylate_4_57_16_2_150\WAXS\Acrylate_4_57_16_2_150_WAXS_0000.edf
MA6434,Acrylate_4_59_10_2_230,Acrylate|4|59|10|2|230,\\Synology\Data\2024\MA6434\Acrylate_4_59_10_2_230\WAXS\Acrylate_4_59_10_2_230_WAXS_0000.edf
MA6434,Acrylate_4_71_16_1_100,Acrylate|4|71|16|1|100,\\Synology\Data\2024\MA6434\Acrylate_4_71_16_1_100\WAXS\Acrylate_4_71_16_1_100_WAXS_0000.edf
MA6434,Acrylate_4_72_16_1_150,Acrylate|4|72|16|1|150,\\Synology\Data\2024\MA6434\Acrylate_4_72_16_1_150\WAXS\Acrylate_4_72_16_1_150_WAXS_0000.edf
MA6434,Acrylate_4_73_16_1_230,Acrylate|4|73|16|1|230,\\Synology\Data\2024\MA6434\Acrylate_4_73_16_1_230\WAXS\Acrylate_4_73_16_1_230_WAXS_0000.edf
MA6434,Acrylate_4_73_16_1_230_Camera_1_4,Acrylate|4|73|16|1|230|Camera|1|4,\\Synology\Data\2024\MA6434\Acrylate_4_73_16_1_230_Camera_1_4\WAXS\Acrylate_4_73_16_1_230_Camera_1_4_WAXS_0000.edf
MA6434,Acrylate_50_2_100,Acrylate|50|2|100,\\Synology\Data\2024\MA6434\Acrylate_50_2_100\WAXS\Acrylate_50_2_100_WAXS_0000.edf
MA6434,Acrylate_50_2_230,Acrylate|50|2|230,\\Synology\Data\2024\MA6434\Acrylate_50_2_230\WAXS\Acrylate_50_2_230_WAXS_0000.edf
MA6434,Acrylate_50_2_350,Acrylate|50|2|350,\\Synology\Data\2024\MA6434\Acrylate_50_2_350\WAXS\Acrylate_50_2_350_WAXS_0000.edf
MA6434,Acrylate_50_3_100,Acrylate|50|3|100,\\Synology\Data\2024\MA6434\Acrylate_50_3_100\WAXS\Acrylate_50_3_100_WAXS_0000.edf
MA6434,Acrylate_50_3_230,Acrylate|50|3|230,\\Synology\Data\2024\MA6434\Acrylate_50_3_230\WAXS\Acrylate_50_3_230_WAXS_0000.edf
MA6434,Acrylate_50_3_350,Acrylate|50|3|350,\\Synology\Data\2024\MA6434\Acrylate_50_3_350\WAXS\Acrylate_50_3_350_WAXS_0000.edf
MA6434,AgBe_Stretcher_Camera_1_4,AgBe|Stretcher|Camera|1|4,\\Synology\Data\2024\MA6434\AgBe_Stretcher_Camera_1_4\WAXS\AgBe_Stretcher_Camera_1_4_WAXS_0000.edf
MA6434,AgBh_12keV_3m_Linkam,AgBh|12keV|3m|Linkam,\\Synology\Data\2024\MA6434\AgBh_12keV_3m_Linkam\WAXS\AgBh_12keV_3m_Linkam_WAXS_0000.edf
MA6434,AgBh_1p4m_12keV_Linkam,AgBh|1p4m|12keV|Linkam,\\Synology\Data\2024\MA6434\AgBh_1p4m_12keV_Linkam\WAXS\AgBh_1p4m_12keV_Linkam_WAXS_0000.edf
MA6434,AgBh_3m_12keV,AgBh|3m|12keV,\\Synology\Data\2024\MA6434\AgBh_3m_12keV\WAXS\AgBh_3m_12keV_WAXS_0000.edf
MA6434,AgBh_3m_12keV_capilrack,AgBh|3m|12keV|capilrack,\\Synology\Data\2024\MA6434\AgBh_3m_12keV_capilrack\WAXS\AgBh_3m_12keV_capilrack_WAXS_0000.edf
MA6434,Al2O3_Stretcher_Camera_1_4,Al2O3|Stretcher|Camera|1|4,\\Synology\Data\2024\MA6434\Al2O3_Stretcher_Camera_1_4\WAXS\Al2O3_Stretcher_Camera_1_4_WAXS_0000.edf
MA6434,Alina_creme_20C,Alina|creme|20C,\\Synology\Data\2024\MA6434\Alina_creme_20C\WAXS\Alina_creme_20C_WAXS_0000.edf
MA6434,Alina_creme_20C_75C_20C_10deg_min,Alina|creme|20C|75C|20C|10deg|min,\\Synology\Data\2024\MA6434\Alina_creme_20C_75C_20C_10deg_min\WAXS\Alina_creme_20C_75C_20C_10deg_min_WAXS_0000.edf
MA6434,Alina_creme_85C,Alina|creme|85C,\\Synology\Data\2024\MA6434\Alina_creme_85C\WAXS\Alina_creme_85C_WAXS_0000.edf
MA6434,Aquivion_3perc_1_propanol_capil,Aquivion|3perc|1|propanol|capil,\\Synology\Data\2024\MA6434\Aquivion_3perc_1_propanol_capil\WAXS\Aquivion_3perc_1_propanol_capil_WAXS_0000.edf
MA6434,Aquivion_4_29perc_1propanol_capil,Aquivion|4|29perc|1propanol|capil,\\Synology\Data\2024\MA6434\Aquivion_4_29perc_1propanol_capil\WAXS\Aquivion_4_29perc_1propanol_capil_WAXS_0000.edf
MA6434,Aquivion_5perc_1propanol_capil,Aquivion|5perc|1propanol|capil,\\Synology\Data\2024\MA6434\Aquivion_5perc_1propanol_capil\WAXS\Aquivion_5perc_1propanol_capil_WAXS_0000.edf
MA6434,Aquivion_5perc_1propanol_water_4_1_capil,Aquivion|5perc|1propanol|water|4|1|capil,\\Synology\Data\2024\MA6434\Aquivion_5perc_1propanol_water_4_1_capil\WAXS\Aquivion_5perc_1propanol_water_4_1_capil_WAXS_0000.edf
MA6434,Aquivion_5perc_1_propanol_dark_vial_capil,Aquivion|5perc|1|propanol|dark|vial|capil,\\Synology\Data\2024\MA6434\Aquivion_5perc_1_propanol_dark_vial_capil\WAXS\Aquivion_5perc_1_propanol_dark_vial_capil_WAXS_0000.edf
MA6434,Aquivion_9_76perc_H2O_1_propanol_1_1_capil,Aquivion|9|76perc|H2O|1|propanol|1|1|capil,\\Synology\Data\2024\MA6434\Aquivion_9_76perc_H2O_1_propanol_1_1_capil\WAXS\Aquivion_9_76perc_H2O_1_propanol_1_1_capil_WAXS_0000.edf
MA6434,Assel_capillary_Camera_1_4,Assel|capillary|Camera|1|4,\\Synology\Data\2024\MA6434\Assel_capillary_Camera_1_4\WAXS\Assel_capillary_Camera_1_4_WAXS_0000.edf
MA6434,BP_P1,BP|P1,\\Synology\Data\2024\MA6434\BP_P1\WAXS\BP_P1_WAXS_0000.edf
MA6434,BP_P1_heating_cooling,BP|P1|heating|cooling,\\Synology\Data\2024\MA6434\BP_P1_heating_cooling\WAXS\BP_P1_heating_cooling_WAXS_0000.edf
MA6434,BP_P1_heating_cooling_bis,BP|P1|heating|cooling|bis,\\Synology\Data\2024\MA6434\BP_P1_heating_cooling_bis\WAXS\BP_P1_heating_cooling_bis_WAXS_0000.edf
MA6434,BP_P1_recrystallization,BP|P1|recrystallization,\\Synology\Data\2024\MA6434\BP_P1_recrystallization\WAXS\BP_P1_recrystallization_WAXS_0000.edf
MA6434,BP_P2,BP|P2,\\Synology\Data\2024\MA6434\BP_P2\WAXS\BP_P2_WAXS_0000.edf
MA6434,BP_P2_heating_cooling,BP|P2|heating|cooling,\\Synology\Data\2024\MA6434\BP_P2_heating_cooling\WAXS\BP_P2_heating_cooling_WAXS_0000.edf
MA6434,BP_P3,BP|P3,\\Synology\Data\2024\MA6434\BP_P3\WAXS\BP_P3_WAXS_0000.edf
MA6434,BP_P3_heating_cooling,BP|P3|heating|cooling,\\Synology\Data\2024\MA6434\BP_P3_heating_cooling\WAXS\BP_P3_heating_cooling_WAXS_0000.edf
MA6434,BP_P4,BP|P4,\\Synology\Data\2024\MA6434\BP_P4\WAXS\BP_P4_WAXS_0000.edf
MA6434,BP_P4_heating_cooling,BP|P4|heating|cooling,\\Synology\Data\2024\MA6434\BP_P4_heating_cooling\WAXS\BP_P4_heating_cooling_WAXS_0000.edf
MA6434,Dec_P_BTBT_P_Dec_heating,Dec|P|BTBT|P|Dec|heating,\\Synology\Data\2024\MA6434\Dec_P_BTBT_P_Dec_heating\WAXS\Dec_P_BTBT_P_Dec_heating_WAXS_0000.edf
MA6434,DI_15_1p4m_Linkam_2,DI|15|1p4m|Linkam|2,\\Synology\Data\2024\MA6434\DI_15_1p4m_Linkam_2\WAXS\DI_15_1p4m_Linkam_2_WAXS_0000.edf
MA6434,Dodec_P_BTBT_P_Dodec_heating,Dodec|P|BTBT|P|Dodec|heating,\\Synology\Data\2024\MA6434\Dodec_P_BTBT_P_Dodec_heating\WAXS\Dodec_P_BTBT_P_Dodec_heating_WAXS_0000.edf
MA6434,empty_cell_linkam_without_cap,empty|cell|linkam|without|cap,\\Synology\Data\2024\MA6434\empty_cell_linkam_without_cap\WAXS\empty_cell_linkam_without_cap_WAXS_0000.edf
MA6434,empty_cell_linkam_with_cap,empty|cell|linkam|with|cap,\\Synology\Data\2024\MA6434\empty_cell_linkam_with_cap\WAXS\empty_cell_linkam_with_cap_WAXS_0000.edf
MA6434,EthHex-P-BTBT-P-EthHex,EthHex-P-BTBT-P-EthHex,\\Synology\Data\2024\MA6434\EthHex-P-BTBT-P-EthHex\WAXS\EthHex-P-BTBT-P-EthHex_WAXS_0000.edf
MA6434,Exchange_capil,Exchange|capil,\\Synology\Data\2024\MA6434\Exchange_capil\WAXS\Exchange_capil_WAXS_0000.edf
MA6434,formask_1p4m_12keV_Linkam,formask|1p4m|12keV|Linkam,
MA6434,FOR_MASK_1p4m_12keV_Linkam,FOR|MASK|1p4m|12keV|Linkam,\\Synology\Data\2024\MA6434\FOR_MASK_1p4m_12keV_Linkam\WAXS\FOR_MASK_1p4m_12keV_Linkam_WAXS_0000.edf
MA6434,Hex_P_BTBT_P_Hex_heating,Hex|P|BTBT|P|Hex|heating,\\Synology\Data\2024\MA6434\Hex_P_BTBT_P_Hex_heating\WAXS\Hex_P_BTBT_P_Hex_heating_WAXS_0000.edf
MA6434,ik_1452_1p4m_Linkam_2,ik|1452|1p4m|Linkam|2,\\Synology\Data\2024\MA6434\ik_1452_1p4m_Linkam_2\WAXS\ik_1452_1p4m_Linkam_2_WAXS_0000.edf
MA6434,ik_1476_1p4m_Linkam_2,ik|1476|1p4m|Linkam|2,\\Synology\Data\2024\MA6434\ik_1476_1p4m_Linkam_2\WAXS\ik_1476_1p4m_Linkam_2_WAXS_0000.edf
MA6434,ik_1511_1p4m_Linkam_2,ik|1511|1p4m|Linkam|2,\\Synology\Data\2024\MA6434\ik_1511_1p4m_Linkam_2\WAXS\ik_1511_1p4m_Linkam_2_WAXS_0000.edf
MA6434,ik_1512_1p4m_Linkam_2,ik|1512|1p4m|Linkam|2,\\Synology\Data\2024\MA6434\ik_1512_1p4m_Linkam_2\WAXS\ik_1512_1p4m_Linkam_2_WAXS_0000.edf
MA6434,ik_1522_1p4m_Linkam_2,ik|1522|1p4m|Linkam|2,
MA6434,JJ_179,JJ|179,\\Synology\Data\2024\MA6434\JJ_179\WAXS\JJ_179_WAXS_0000.edf
MA6434,JJ_187,JJ|187,\\Synology\Data\2024\MA6434\JJ_187\WAXS\JJ_187_WAXS_0000.edf
MA6434,JJ_1_2,JJ|1|2,\\Synology\Data\2024\MA6434\JJ_1_2\WAXS\JJ_1_2_WAXS_0000.edf
MA6434,JJ_PM11_bis,JJ|PM11|bis,\\Synology\Data\2024\MA6434\JJ_PM11_bis\WAXS\JJ_PM11_bis_WAXS_0000.edf
MA6434,JJ_PM_10,JJ|PM|10,\\Synology\Data\2024\MA6434\JJ_PM_10\WAXS\JJ_PM_10_WAXS_0000.edf
MA6434,JJ_PM_11,JJ|PM|11,\\Synology\Data\2024\MA6434\JJ_PM_11\WAXS\JJ_PM_11_WAXS_0000.edf
MA6434,JJ_PM_13,JJ|PM|13,\\Synology\Data\2024\MA6434\JJ_PM_13\WAXS\JJ_PM_13_WAXS_0000.edf
MA6434,JJ_PM_14,JJ|PM|14,\\Synology\Data\2024\MA6434\JJ_PM_14\WAXS\JJ_PM_14_WAXS_0000.edf
MA6434,JJ_PM_15,JJ|PM|15,\\Synology\Data\2024\MA6434\JJ_PM_15\WAXS\JJ_PM_15_WAXS_0000.edf
MA6434,JJ_PM_16,JJ|PM|16,
MA6434,JJ_PM_17,JJ|PM|17,\\Synology\Data\2024\MA6434\JJ_PM_17\WAXS\JJ_PM_17_WAXS_0000.edf
MA6434,JJ_PM_17_bis,JJ|PM|17|bis,\\Synology\Data\2024\MA6434\JJ_PM_17_bis\WAXS\JJ_PM_17_bis_WAXS_0000.edf
MA6434,JJ_PM_18,JJ|PM|18,\\Synology\Data\2024\MA6434\JJ_PM_18\WAXS\JJ_PM_18_WAXS_0000.edf
MA6434,JJ_PM_18_bis,JJ|PM|18|bis,\\Synology\Data\2024\MA6434\JJ_PM_18_bis\WAXS\JJ_PM_18_bis_WAXS_0000.edf
MA6434,JJ_PM_7,JJ|PM|7,\\Synology\Data\2024\MA6434\JJ_PM_7\WAXS\JJ_PM_7_WAXS_0000.edf
MA6434,JJ_PM_8,JJ|PM|8,\\Synology\Data\2024\MA6434\JJ_PM_8\WAXS\JJ_PM_8_WAXS_0000.edf
MA6434,JJ_PM_9,JJ|PM|9,\\Synology\Data\2024\MA6434\JJ_PM_9\WAXS\JJ_PM_9_WAXS_0000.edf
MA6434,JJ_PT3,JJ|PT3,\\Synology\Data\2024\MA6434\JJ_PT3\WAXS\JJ_PT3_WAXS_0000.edf
MA6434,JJ_PT4,JJ|PT4,\\Synology\Data\2024\MA6434\JJ_PT4\WAXS\JJ_PT4_WAXS_0000.edf
MA6434,JJ_PT_2_2,JJ|PT|2|2,\\Synology\Data\2024\MA6434\JJ_PT_2_2\WAXS\JJ_PT_2_2_WAXS_0000.edf
MA6434,JJ_PT_5,JJ|PT|5,\\Synology\Data\2024\MA6434\JJ_PT_5\WAXS\JJ_PT_5_WAXS_0000.edf
MA6434,JJ_PT_5_2,JJ|PT|5|2,\\Synology\Data\2024\MA6434\JJ_PT_5_2\WAXS\JJ_PT_5_2_WAXS_0000.edf
MA6434,JJ_PT_6,JJ|PT|6,\\Synology\Data\2024\MA6434\JJ_PT_6\WAXS\JJ_PT_6_WAXS_0000.edf
MA6434,kapton_background,kapton|background,\\Synology\Data\2024\MA6434\kapton_background\WAXS\kapton_background_WAXS_0000.edf
MA6434,LaB6_12keV_1p4m_Linkam_2,LaB6|12keV|1p4m|Linkam|2,\\Synology\Data\2024\MA6434\LaB6_12keV_1p4m_Linkam_2\WAXS\LaB6_12keV_1p4m_Linkam_2_WAXS_0000.edf
MA6434,LaB6_12keV_3m_Linkam,LaB6|12keV|3m|Linkam,\\Synology\Data\2024\MA6434\LaB6_12keV_3m_Linkam\WAXS\LaB6_12keV_3m_Linkam_WAXS_0000.edf
MA6434,LaB6_1p4m_12keV_Linkam,LaB6|1p4m|12keV|Linkam,\\Synology\Data\2024\MA6434\LaB6_1p4m_12keV_Linkam\WAXS\LaB6_1p4m_12keV_Linkam_WAXS_0000.edf
MA6434,LaB6_3m_12keV,LaB6|3m|12keV,\\Synology\Data\2024\MA6434\LaB6_3m_12keV\WAXS\LaB6_3m_12keV_WAXS_0000.edf
MA6434,LaB6_3m_12keV_capilrack,LaB6|3m|12keV|capilrack,\\Synology\Data\2024\MA6434\LaB6_3m_12keV_capilrack\WAXS\LaB6_3m_12keV_capilrack_WAXS_0000.edf
MA6434,linkam_Al_pan_background,linkam|Al|pan|background,\\Synology\Data\2024\MA6434\linkam_Al_pan_background\WAXS\linkam_Al_pan_background_WAXS_0000.edf
MA6434,Lira3_1p4m_Linkam_2,Lira3|1p4m|Linkam|2,\\Synology\Data\2024\MA6434\Lira3_1p4m_Linkam_2\WAXS\Lira3_1p4m_Linkam_2_WAXS_0000.edf
MA6434,LL136_heating,LL136|heating,\\Synology\Data\2024\MA6434\LL136_heating\WAXS\LL136_heating_WAXS_0000.edf
MA6434,LL137_heating,LL137|heating,\\Synology\Data\2024\MA6434\LL137_heating\WAXS\LL137_heating_WAXS_0000.edf
MA6434,LL143_heating,LL143|heating,\\Synology\Data\2024\MA6434\LL143_heating\WAXS\LL143_heating_WAXS_0000.edf
MA6434,Nafiona_EthyleneGlycol_capil,Nafiona|EthyleneGlycol|capil,\\Synology\Data\2024\MA6434\Nafiona_EthyleneGlycol_capil\WAXS\Nafiona_EthyleneGlycol_capil_WAXS_0000.edf
MA6434,Nafion_20perc_H2O_1_propanol_dark_vial_capil,Nafion|20perc|H2O|1|propanol|dark|vial|capil,\\Synology\Data\2024\MA6434\Nafion_20perc_H2O_1_propanol_dark_vial_capil\WAXS\Nafion_20perc_H2O_1_propanol_dark_vial_capil_WAXS_0000.edf
MA6434,Nafion_20perc_water_capil,Nafion|20perc|water|capil,\\Synology\Data\2024\MA6434\Nafion_20perc_water_capil\WAXS\Nafion_20perc_water_capil_WAXS_0000.edf
MA6434,Nafion_5_5perc_water_capil,Nafion|5|5perc|water|capil,\\Synology\Data\2024\MA6434\Nafion_5_5perc_water_capil\WAXS\Nafion_5_5perc_water_capil_WAXS_0000.edf
MA6434,Nafion_Ethylene_Glycol_dark_vial_capil,Nafion|Ethylene|Glycol|dark|vial|capil,\\Synology\Data\2024\MA6434\Nafion_Ethylene_Glycol_dark_vial_capil\WAXS\Nafion_Ethylene_Glycol_dark_vial_capil_WAXS_0000.edf
MA6434,Nikos_PA_234_A,Nikos|PA|234|A,\\Synology\Data\2024\MA6434\Nikos_PA_234_A\WAXS\Nikos_PA_234_A_WAXS_0000.edf
MA6434,Nikos_PA_234_B,Nikos|PA|234|B,\\Synology\Data\2024\MA6434\Nikos_PA_234_B\WAXS\Nikos_PA_234_B_WAXS_0000.edf
MA6434,Nikos_PA_234_B_heating_185,Nikos|PA|234|B|heating|185,\\Synology\Data\2024\MA6434\Nikos_PA_234_B_heating_185\WAXS\Nikos_PA_234_B_heating_185_WAXS_0000.edf
MA6434,Nikos_PA_234_B_heating_185_bis,Nikos|PA|234|B|heating|185|bis,\\Synology\Data\2024\MA6434\Nikos_PA_234_B_heating_185_bis\WAXS\Nikos_PA_234_B_heating_185_bis_WAXS_0000.edf
MA6434,Nikos_PA_235_A,Nikos|PA|235|A,\\Synology\Data\2024\MA6434\Nikos_PA_235_A\WAXS\Nikos_PA_235_A_WAXS_0000.edf
MA6434,Nikos_PA_235_B,Nikos|PA|235|B,\\Synology\Data\2024\MA6434\Nikos_PA_235_B\WAXS\Nikos_PA_235_B_WAXS_0000.edf
MA6434,Nikos_PA_235_B_heating_200,Nikos|PA|235|B|heating|200,\\Synology\Data\2024\MA6434\Nikos_PA_235_B_heating_200\WAXS\Nikos_PA_235_B_heating_200_WAXS_0000.edf
MA6434,Nikos_PA_236_A,Nikos|PA|236|A,\\Synology\Data\2024\MA6434\Nikos_PA_236_A\WAXS\Nikos_PA_236_A_WAXS_0000.edf
MA6434,Nikos_PA_236_A_heating_185,Nikos|PA|236|A|heating|185,\\Synology\Data\2024\MA6434\Nikos_PA_236_A_heating_185\WAXS\Nikos_PA_236_A_heating_185_WAXS_0000.edf
MA6434,Nikos_PA_236_B,Nikos|PA|236|B,\\Synology\Data\2024\MA6434\Nikos_PA_236_B\WAXS\Nikos_PA_236_B_WAXS_0000.edf
MA6434,Nikos_PA_236_B_heating_185,Nikos|PA|236|B|heating|185,\\Synology\Data\2024\MA6434\Nikos_PA_236_B_heating_185\WAXS\Nikos_PA_236_B_heating_185_WAXS_0000.edf
MA6434,Nikos_PA_237_A,Nikos|PA|237|A,\\Synology\Data\2024\MA6434\Nikos_PA_237_A\WAXS\Nikos_PA_237_A_WAXS_0000.edf
MA6434,Nikos_PA_237_A_heating_185,Nikos|PA|237|A|heating|185,\\Synology\Data\2024\MA6434\Nikos_PA_237_A_heating_185\WAXS\Nikos_PA_237_A_heating_185_WAXS_0000.edf
MA6434,Nikos_PA_237_B,Nikos|PA|237|B,\\Synology\Data\2024\MA6434\Nikos_PA_237_B\WAXS\Nikos_PA_237_B_WAXS_0000.edf
MA6434,Nikos_PA_237_B_heating_185,Nikos|PA|237|B|heating|185,\\Synology\Data\2024\MA6434\Nikos_PA_237_B_heating_185\WAXS\Nikos_PA_237_B_heating_185_WAXS_0000.edf
MA6434,Nikos_PA_237_B_second_heating_185,Nikos|PA|237|B|second|heating|185,\\Synology\Data\2024\MA6434\Nikos_PA_237_B_second_heating_185\WAXS\Nikos_PA_237_B_second_heating_185_WAXS_0000.edf
MA6434,Nikos_PA_238_A,Nikos|PA|238|A,\\Synology\Data\2024\MA6434\Nikos_PA_238_A\WAXS\Nikos_PA_238_A_WAXS_0000.edf
MA6434,Nikos_PA_238_A_heating_185,Nikos|PA|238|A|heating|185,\\Synology\Data\2024\MA6434\Nikos_PA_238_A_heating_185\WAXS\Nikos_PA_238_A_heating_185_WAXS_0000.edf
MA6434,Nikos_PA_238_B,Nikos|PA|238|B,\\Synology\Data\2024\MA6434\Nikos_PA_238_B\WAXS\Nikos_PA_238_B_WAXS_0000.edf
MA6434,Nikos_PA_238_B_heating_185,Nikos|PA|238|B|heating|185,\\Synology\Data\2024\MA6434\Nikos_PA_238_B_heating_185\WAXS\Nikos_PA_238_B_heating_185_WAXS_0000.edf
MA6434,Oct_P_BTBT_P_Oct_heating,Oct|P|BTBT|P|Oct|heating,\\Synology\Data\2024\MA6434\Oct_P_BTBT_P_Oct_heating\WAXS\Oct_P_BTBT_P_Oct_heating_WAXS_0000.edf
MA6434,PA_234A_swollen_water_Camera_1_4,PA|234A|swollen|water|Camera|1|4,\\Synology\Data\2024\MA6434\PA_234A_swollen_water_Camera_1_4\WAXS\PA_234A_swollen_water_Camera_1_4_WAXS_0000.edf
MA6434,PA_236B_swollen_water_Camera_1_4,PA|236B|swollen|water|Camera|1|4,\\Synology\Data\2024\MA6434\PA_236B_swollen_water_Camera_1_4\WAXS\PA_236B_swollen_water_Camera_1_4_WAXS_0000.edf
MA6434,PA_238A_swollen_water_Camera_1_4,PA|238A|swollen|water|Camera|1|4,\\Synology\Data\2024\MA6434\PA_238A_swollen_water_Camera_1_4\WAXS\PA_238A_swollen_water_Camera_1_4_WAXS_0000.edf
MA6434,PB12PDMS_1_heating_cooling,PB12PDMS|1|heating|cooling,\\Synology\Data\2024\MA6434\PB12PDMS_1_heating_cooling\WAXS\PB12PDMS_1_heating_cooling_WAXS_0000.edf
MA6434,PB12PDMS_2_heating_cooling,PB12PDMS|2|heating|cooling,\\Synology\Data\2024\MA6434\PB12PDMS_2_heating_cooling\WAXS\PB12PDMS_2_heating_cooling_WAXS_0000.edf
MA6434,PB12PDMS_3_heating_cooling,PB12PDMS|3|heating|cooling,\\Synology\Data\2024\MA6434\PB12PDMS_3_heating_cooling\WAXS\PB12PDMS_3_heating_cooling_WAXS_0000.edf
MA6434,PB12_PDMS_1_tol_TA,PB12|PDMS|1|tol|TA,\\Synology\Data\2024\MA6434\PB12_PDMS_1_tol_TA\WAXS\PB12_PDMS_1_tol_TA_WAXS_0000.edf
MA6434,PB12_PDMS_1_tol_unannealed,PB12|PDMS|1|tol|unannealed,\\Synology\Data\2024\MA6434\PB12_PDMS_1_tol_unannealed\WAXS\PB12_PDMS_1_tol_unannealed_WAXS_0000.edf
MA6434,PB12_PDMS_2_chloro_unannealed,PB12|PDMS|2|chloro|unannealed,\\Synology\Data\2024\MA6434\PB12_PDMS_2_chloro_unannealed\WAXS\PB12_PDMS_2_chloro_unannealed_WAXS_0000.edf
MA6434,PB12_PDMS_2_tol_TA_110,PB12|PDMS|2|tol|TA|110,\\Synology\Data\2024\MA6434\PB12_PDMS_2_tol_TA_110\WAXS\PB12_PDMS_2_tol_TA_110_WAXS_0000.edf
MA6434,PB12_PDMS_2_tol_unannealed,PB12|PDMS|2|tol|unannealed,\\Synology\Data\2024\MA6434\PB12_PDMS_2_tol_unannealed\WAXS\PB12_PDMS_2_tol_unannealed_WAXS_0000.edf
MA6434,PB12__PS_PDMS_3_chloro,PB12||PS|PDMS|3|chloro,\\Synology\Data\2024\MA6434\PB12__PS_PDMS_3_chloro\WAXS\PB12__PS_PDMS_3_chloro_WAXS_0000.edf
MA6434,PB12__PS_PDMS_3_tol_TA,PB12||PS|PDMS|3|tol|TA,\\Synology\Data\2024\MA6434\PB12__PS_PDMS_3_tol_TA\WAXS\PB12__PS_PDMS_3_tol_TA_WAXS_0000.edf
MA6434,PB12__PS_PDMS_3_tol_UNUNNEALED,PB12||PS|PDMS|3|tol|UNUNNEALED,\\Synology\Data\2024\MA6434\PB12__PS_PDMS_3_tol_UNUNNEALED\WAXS\PB12__PS_PDMS_3_tol_UNUNNEALED_WAXS_0000.edf
MA6434,pbTTT_O3O5_heating_isotrope,pbTTT|O3O5|heating|isotrope,\\Synology\Data\2024\MA6434\pbTTT_O3O5_heating_isotrope\WAXS\pbTTT_O3O5_heating_isotrope_WAXS_0000.edf
MA6434,pbTTT_O8_crystallization_40C_60_min,pbTTT|O8|crystallization|40C|60|min,\\Synology\Data\2024\MA6434\pbTTT_O8_crystallization_40C_60_min\WAXS\pbTTT_O8_crystallization_40C_60_min_WAXS_0000.edf
MA6434,pbTTT_O8_heating_isotrope,pbTTT|O8|heating|isotrope,\\Synology\Data\2024\MA6434\pbTTT_O8_heating_isotrope\WAXS\pbTTT_O8_heating_isotrope_WAXS_0000.edf
MA6434,pbTTT_O8_pristine_heating,pbTTT|O8|pristine|heating,\\Synology\Data\2024\MA6434\pbTTT_O8_pristine_heating\WAXS\pbTTT_O8_pristine_heating_WAXS_0000.edf
MA6434,PDMS_g_P3HT_10perc_anisole_CB_4_1,PDMS|g|P3HT|10perc|anisole|CB|4|1,\\Synology\Data\2024\MA6434\PDMS_g_P3HT_10perc_anisole_CB_4_1\WAXS\PDMS_g_P3HT_10perc_anisole_CB_4_1_WAXS_0000.edf
MA6434,PDMS_g_P3HT_10perc_CHCl3,PDMS|g|P3HT|10perc|CHCl3,\\Synology\Data\2024\MA6434\PDMS_g_P3HT_10perc_CHCl3\WAXS\PDMS_g_P3HT_10perc_CHCl3_WAXS_0000.edf
MA6434,PDMS_g_P3HT_10_perc_4_1_1_4m,PDMS|g|P3HT|10|perc|4|1|1|4m,\\Synology\Data\2024\MA6434\PDMS_g_P3HT_10_perc_4_1_1_4m\WAXS\PDMS_g_P3HT_10_perc_4_1_1_4m_WAXS_0000.edf
MA6434,PDMS_g_P3HT_10_perc_CHCl3_1_4m,PDMS|g|P3HT|10|perc|CHCl3|1|4m,\\Synology\Data\2024\MA6434\PDMS_g_P3HT_10_perc_CHCl3_1_4m\WAXS\PDMS_g_P3HT_10_perc_CHCl3_1_4m_WAXS_0000.edf
MA6434,PDMS_g_P3HT_15perc_anisole_CB_4_1,PDMS|g|P3HT|15perc|anisole|CB|4|1,\\Synology\Data\2024\MA6434\PDMS_g_P3HT_15perc_anisole_CB_4_1\WAXS\PDMS_g_P3HT_15perc_anisole_CB_4_1_WAXS_0000.edf
MA6434,PDMS_g_P3HT_15perc_CHCl3,PDMS|g|P3HT|15perc|CHCl3,\\Synology\Data\2024\MA6434\PDMS_g_P3HT_15perc_CHCl3\WAXS\PDMS_g_P3HT_15perc_CHCl3_WAXS_0000.edf
MA6434,PDMS_g_P3HT_15_perc_4_1_1_4m,PDMS|g|P3HT|15|perc|4|1|1|4m,\\Synology\Data\2024\MA6434\PDMS_g_P3HT_15_perc_4_1_1_4m\WAXS\PDMS_g_P3HT_15_perc_4_1_1_4m_WAXS_0000.edf
MA6434,PDMS_g_P3HT_15_perc_CHCl3_1_4m,PDMS|g|P3HT|15|perc|CHCl3|1|4m,\\Synology\Data\2024\MA6434\PDMS_g_P3HT_15_perc_CHCl3_1_4m\WAXS\PDMS_g_P3HT_15_perc_CHCl3_1_4m_WAXS_0000.edf
MA6434,PDMS_g_P3HT_5perc_anisole_CB_4_1,PDMS|g|P3HT|5perc|anisole|CB|4|1,\\Synology\Data\2024\MA6434\PDMS_g_P3HT_5perc_anisole_CB_4_1\WAXS\PDMS_g_P3HT_5perc_anisole_CB_4_1_WAXS_0000.edf
MA6434,PDMS_g_P3HT_5perc_CHCl3,PDMS|g|P3HT|5perc|CHCl3,\\Synology\Data\2024\MA6434\PDMS_g_P3HT_5perc_CHCl3\WAXS\PDMS_g_P3HT_5perc_CHCl3_WAXS_0000.edf
MA6434,PDMS_g_P3HT_5_perc_4_1_1_4m,PDMS|g|P3HT|5|perc|4|1|1|4m,\\Synology\Data\2024\MA6434\PDMS_g_P3HT_5_perc_4_1_1_4m\WAXS\PDMS_g_P3HT_5_perc_4_1_1_4m_WAXS_0000.edf
MA6434,PDMS_g_P3HT_5_perc_CHCl3,PDMS|g|P3HT|5|perc|CHCl3,\\Synology\Data\2024\MA6434\PDMS_g_P3HT_5_perc_CHCl3\WAXS\PDMS_g_P3HT_5_perc_CHCl3_WAXS_0000.edf
MA6434,PEG_like,PEG|like,\\Synology\Data\2024\MA6434\PEG_like\WAXS\PEG_like_WAXS_0000.edf
MA6434,PEG_like_heating_cooling,PEG|like|heating|cooling,
MA6434,PMG_PBTTT_bis_water_Camera_1_4,PMG|PBTTT|bis|water|Camera|1|4,\\Synology\Data\2024\MA6434\PMG_PBTTT_bis_water_Camera_1_4\WAXS\PMG_PBTTT_bis_water_Camera_1_4_WAXS_0000.edf
MA6434,PMG_pbTTT_heating_isotrope,PMG|pbTTT|heating|isotrope,\\Synology\Data\2024\MA6434\PMG_pbTTT_heating_isotrope\WAXS\PMG_pbTTT_heating_isotrope_WAXS_0000.edf
MA6434,Polyphosphate_100_1_4m,Polyphosphate|100|1|4m,\\Synology\Data\2024\MA6434\Polyphosphate_100_1_4m\WAXS\Polyphosphate_100_1_4m_WAXS_0000.edf
MA6434,Polyphosphate_2_1_4m,Polyphosphate|2|1|4m,\\Synology\Data\2024\MA6434\Polyphosphate_2_1_4m\WAXS\Polyphosphate_2_1_4m_WAXS_0000.edf
MA6434,PSPB12PDMS_3_chloroform_modif_TA_heating,PSPB12PDMS|3|chloroform|modif|TA|heating,\\Synology\Data\2024\MA6434\PSPB12PDMS_3_chloroform_modif_TA_heating\WAXS\PSPB12PDMS_3_chloroform_modif_TA_heating_WAXS_0000.edf
MA6434,PSPB12PDMS_3__chloro_TA_heating_cooling,PSPB12PDMS|3||chloro|TA|heating|cooling,\\Synology\Data\2024\MA6434\PSPB12PDMS_3__chloro_TA_heating_cooling\WAXS\PSPB12PDMS_3__chloro_TA_heating_cooling_WAXS_0000.edf
MA6434,PSPB12_PDMS_4_tol_unannealed,PSPB12|PDMS|4|tol|unannealed,\\Synology\Data\2024\MA6434\PSPB12_PDMS_4_tol_unannealed\WAXS\PSPB12_PDMS_4_tol_unannealed_WAXS_0000.edf
MA6434,PU_403_Stretcher_Camera_1_4,PU|403|Stretcher|Camera|1|4,
MA6434,PU_408_Stretcher_Camera_1_4,PU|408|Stretcher|Camera|1|4,\\Synology\Data\2024\MA6434\PU_408_Stretcher_Camera_1_4\WAXS\PU_408_Stretcher_Camera_1_4_WAXS_0000.edf
MA6434,SB12D_3_chloro_modif_TA_110,SB12D|3|chloro|modif|TA|110,\\Synology\Data\2024\MA6434\SB12D_3_chloro_modif_TA_110\WAXS\SB12D_3_chloro_modif_TA_110_WAXS_0000.edf
MA6434,SB12D_3_chloro_TA_110,SB12D|3|chloro|TA|110,\\Synology\Data\2024\MA6434\SB12D_3_chloro_TA_110\WAXS\SB12D_3_chloro_TA_110_WAXS_0000.edf
MA6434,SB14D_2_chloroform_scan,SB14D|2|chloroform|scan,\\Synology\Data\2024\MA6434\SB14D_2_chloroform_scan\WAXS\SB14D_2_chloroform_scan_WAXS_0000.edf
MA6434,SB14D_2_chlorof_TA_110,SB14D|2|chlorof|TA|110,\\Synology\Data\2024\MA6434\SB14D_2_chlorof_TA_110\WAXS\SB14D_2_chlorof_TA_110_WAXS_0000.edf
MA6434,SO2,SO2,\\Synology\Data\2024\MA6434\SO2\WAXS\SO2_WAXS_0000.edf
MA6434,SO3,SO3,\\Synology\Data\2024\MA6434\SO3\WAXS\SO3_WAXS_0000.edf
MA6434,SO4,SO4,\\Synology\Data\2024\MA6434\SO4\WAXS\SO4_WAXS_0000.edf
MA6434,SSD7054,SSD7054,\\Synology\Data\2024\MA6434\SSD7054\WAXS\SSD7054_WAXS_0000.edf
MA6434,xoris_onoma,xoris|onoma,\\Synology\Data\2024\MA6434\xoris_onoma\WAXS\xoris_onoma_WAXS_0000.edf
SC5544_BM26_March2024,15_11,15|11,\\Synology\Data\2024\SC5544_BM26_March2024\15_11\WAXS\15_11_WAXS_0000.edf
SC5544_BM26_March2024,15_11_6_arm,15|11|6|arm,\\Synology\Data\2024\SC5544_BM26_March2024\15_11_6_arm\WAXS\15_11_6_arm_WAXS_0000.edf
SC5544_BM26_March2024,51_35_new_1,51|35|new|1,\\Synology\Data\2024\SC5544_BM26_March2024\51_35_new_1\WAXS\51_35_new_1_WAXS_0000.edf
SC5544_BM26_March2024,AgBe_Swelling_cell_check,AgBe|Swelling|cell|check,\\Synology\Data\2024\SC5544_BM26_March2024\AgBe_Swelling_cell_check\WAXS\AgBe_Swelling_cell_check_WAXS_0000.edf
SC5544_BM26_March2024,AgBh_12keV_4m_linkam,AgBh|12keV|4m|linkam,\\Synology\Data\2024\SC5544_BM26_March2024\AgBh_12keV_4m_linkam\WAXS\AgBh_12keV_4m_linkam_WAXS_0000.edf
SC5544_BM26_March2024,AgBh_1p4m_12keV_array,AgBh|1p4m|12keV|array,\\Synology\Data\2024\SC5544_BM26_March2024\AgBh_1p4m_12keV_array\WAXS\AgBh_1p4m_12keV_array_WAXS_0000.edf
SC5544_BM26_March2024,AgBh_2DWAXS_12keV_0p4m,AgBh|2DWAXS|12keV|0p4m,
SC5544_BM26_March2024,AgBh_4m_12keV,AgBh|4m|12keV,\\Synology\Data\2024\SC5544_BM26_March2024\AgBh_4m_12keV\WAXS\AgBh_4m_12keV_WAXS_0000.edf
SC5544_BM26_March2024,Al2O3_0p3m_12keV_2DWAXS,Al2O3|0p3m|12keV|2DWAXS,
SC5544_BM26_March2024,Al2O3_12keV_4m_linkam,Al2O3|12keV|4m|linkam,\\Synology\Data\2024\SC5544_BM26_March2024\Al2O3_12keV_4m_linkam\WAXS\Al2O3_12keV_4m_linkam_WAXS_0000.edf
SC5544_BM26_March2024,Al2O3_1p4m_12keV_array,Al2O3|1p4m|12keV|array,\\Synology\Data\2024\SC5544_BM26_March2024\Al2O3_1p4m_12keV_array\WAXS\Al2O3_1p4m_12keV_array_WAXS_0000.edf
SC5544_BM26_March2024,Al2O3_4m_12keV,Al2O3|4m|12keV,\\Synology\Data\2024\SC5544_BM26_March2024\Al2O3_4m_12keV\WAXS\Al2O3_4m_12keV_WAXS_0000.edf
SC5544_BM26_March2024,Alg_Ce,Alg|Ce,\\Synology\Data\2024\SC5544_BM26_March2024\Alg_Ce\WAXS\Alg_Ce_WAXS_0000.edf
SC5544_BM26_March2024,Alg_Ce_solution_1mg_ml,Alg|Ce|solution|1mg|ml,\\Synology\Data\2024\SC5544_BM26_March2024\Alg_Ce_solution_1mg_ml\WAXS\Alg_Ce_solution_1mg_ml_WAXS_0000.edf
SC5544_BM26_March2024,Alg_Fe2O3,Alg|Fe2O3,\\Synology\Data\2024\SC5544_BM26_March2024\Alg_Fe2O3\WAXS\Alg_Fe2O3_WAXS_0000.edf
SC5544_BM26_March2024,Alg_Fe2O3_solution_1mg_ml,Alg|Fe2O3|solution|1mg|ml,\\Synology\Data\2024\SC5544_BM26_March2024\Alg_Fe2O3_solution_1mg_ml\WAXS\Alg_Fe2O3_solution_1mg_ml_WAXS_0000.edf
SC5544_BM26_March2024,Alina_Compound_Na_annealed,Alina|Compound|Na|annealed,
SC5544_BM26_March2024,Alina_Compound_Na_Nonannealed,Alina|Compound|Na|Nonannealed,
SC5544_BM26_March2024,Alina_PMAEMA_b_PNIPAM,Alina|PMAEMA|b|PNIPAM,\\Synology\Data\2024\SC5544_BM26_March2024\Alina_PMAEMA_b_PNIPAM\WAXS\Alina_PMAEMA_b_PNIPAM_WAXS_0000.edf
SC5544_BM26_March2024,Alina_SA10_TEA,Alina|SA10|TEA,
SC5544_BM26_March2024,Alina_SAO8_TEA,Alina|SAO8|TEA,
SC5544_BM26_March2024,BKGair_1p4m_12keV_array,BKGair|1p4m|12keV|array,\\Synology\Data\2024\SC5544_BM26_March2024\BKGair_1p4m_12keV_array\WAXS\BKGair_1p4m_12keV_array_WAXS_0000.edf
SC5544_BM26_March2024,BKG_1p4m_12keV_array,BKG|1p4m|12keV|array,
SC5544_BM26_March2024,BO1_Swelling_Water,BO1|Swelling|Water,\\Synology\Data\2024\SC5544_BM26_March2024\BO1_Swelling_Water\WAXS\BO1_Swelling_Water_WAXS_0000.edf
SC5544_BM26_March2024,BO2_Swelling_Water,BO2|Swelling|Water,\\Synology\Data\2024\SC5544_BM26_March2024\BO2_Swelling_Water\WAXS\BO2_Swelling_Water_WAXS_0000.edf
SC5544_BM26_March2024,BO2_Swelling_Water_bis,BO2|Swelling|Water|bis,\\Synology\Data\2024\SC5544_BM26_March2024\BO2_Swelling_Water_bis\WAXS\BO2_Swelling_Water_bis_WAXS_0000.edf
SC5544_BM26_March2024,E2_1,E2|1,
SC5544_BM26_March2024,E2_2,E2|2,
SC5544_BM26_March2024,E2_3,E2|3,
SC5544_BM26_March2024,E2_4,E2|4,
SC5544_BM26_March2024,E2_5,E2|5,
SC5544_BM26_March2024,E2_6,E2|6,
SC5544_BM26_March2024,EGOR,EGOR,
SC5544_BM26_March2024,EGOR_dry,EGOR|dry,\\Synology\Data\2024\SC5544_BM26_March2024\EGOR_dry\WAXS\EGOR_dry_WAXS_0000.edf
SC5544_BM26_March2024,EGOR_dry_bkg,EGOR|dry|bkg,\\Synology\Data\2024\SC5544_BM26_March2024\EGOR_dry_bkg\WAXS\EGOR_dry_bkg_WAXS_0000.edf
SC5544_BM26_March2024,EGOR_dry_semi,EGOR|dry|semi,\\Synology\Data\2024\SC5544_BM26_March2024\EGOR_dry_semi\WAXS\EGOR_dry_semi_WAXS_0000.edf
SC5544_BM26_March2024,empty_cell_60_secs,empty|cell|60|secs,\\Synology\Data\2024\SC5544_BM26_March2024\empty_cell_60_secs\WAXS\empty_cell_60_secs_WAXS_0000.edf
SC5544_BM26_March2024,Empty_Cell_Linkam_withoutCover,Empty|Cell|Linkam|withoutCover,\\Synology\Data\2024\SC5544_BM26_March2024\Empty_Cell_Linkam_withoutCover\WAXS\Empty_Cell_Linkam_withoutCover_WAXS_0000.edf
SC5544_BM26_March2024,Empty_Cell_Linkam_with_Cover,Empty|Cell|Linkam|with|Cover,\\Synology\Data\2024\SC5544_BM26_March2024\Empty_Cell_Linkam_with_Cover\WAXS\Empty_Cell_Linkam_with_Cover_WAXS_0000.edf
SC5544_BM26_March2024,empty_test,empty|test,\\Synology\Data\2024\SC5544_BM26_March2024\empty_test\WAXS\empty_test_WAXS_0000.edf
SC5544_BM26_March2024,FTAZ_N2200_rubb_ann300_Paral,FTAZ|N2200|rubb|ann300|Paral,
SC5544_BM26_March2024,JW_FR_12_18,JW|FR|12|18,\\Synology\Data\2024\SC5544_BM26_March2024\JW_FR_12_18\WAXS\JW_FR_12_18_WAXS_0000.edf
SC5544_BM26_March2024,JW_FR_12_2,JW|FR|12|2,\\Synology\Data\2024\SC5544_BM26_March2024\JW_FR_12_2\WAXS\JW_FR_12_2_WAXS_0000.edf
SC5544_BM26_March2024,JW_FR_12_6,JW|FR|12|6,\\Synology\Data\2024\SC5544_BM26_March2024\JW_FR_12_6\WAXS\JW_FR_12_6_WAXS_0000.edf
SC5544_BM26_March2024,JW_FR_26_18,JW|FR|26|18,\\Synology\Data\2024\SC5544_BM26_March2024\JW_FR_26_18\WAXS\JW_FR_26_18_WAXS_0000.edf
SC5544_BM26_March2024,JW_FR_26_6,JW|FR|26|6,\\Synology\Data\2024\SC5544_BM26_March2024\JW_FR_26_6\WAXS\JW_FR_26_6_WAXS_0000.edf
SC5544_BM26_March2024,JW_FR_AFM,JW|FR|AFM,\\Synology\Data\2024\SC5544_BM26_March2024\JW_FR_AFM\WAXS\JW_FR_AFM_WAXS_0000.edf
SC5544_BM26_March2024,JW_POXHEMA_10_300_12_2,JW|POXHEMA|10|300|12|2,\\Synology\Data\2024\SC5544_BM26_March2024\JW_POXHEMA_10_300_12_2\WAXS\JW_POXHEMA_10_300_12_2_WAXS_0000.edf
SC5544_BM26_March2024,JW_POXHEMA_10_after_drying,JW|POXHEMA|10|after|drying,\\Synology\Data\2024\SC5544_BM26_March2024\JW_POXHEMA_10_after_drying\WAXS\JW_POXHEMA_10_after_drying_WAXS_0000.edf
SC5544_BM26_March2024,JW_POXHEMA_10_SWELLING_WATER,JW|POXHEMA|10|SWELLING|WATER,\\Synology\Data\2024\SC5544_BM26_March2024\JW_POXHEMA_10_SWELLING_WATER\WAXS\JW_POXHEMA_10_SWELLING_WATER_WAXS_0000.edf
SC5544_BM26_March2024,JW_POXHEMA_1_300_12_18,JW|POXHEMA|1|300|12|18,\\Synology\Data\2024\SC5544_BM26_March2024\JW_POXHEMA_1_300_12_18\WAXS\JW_POXHEMA_1_300_12_18_WAXS_0000.edf
SC5544_BM26_March2024,JW_POXHEMA_1_SWELLING_WATER,JW|POXHEMA|1|SWELLING|WATER,\\Synology\Data\2024\SC5544_BM26_March2024\JW_POXHEMA_1_SWELLING_WATER\WAXS\JW_POXHEMA_1_SWELLING_WATER_WAXS_0000.edf
SC5544_BM26_March2024,JW_POXHEMA_4_300_26_18,JW|POXHEMA|4|300|26|18,\\Synology\Data\2024\SC5544_BM26_March2024\JW_POXHEMA_4_300_26_18\WAXS\JW_POXHEMA_4_300_26_18_WAXS_0000.edf
SC5544_BM26_March2024,JW_POXHEMA_4_swelling_water,JW|POXHEMA|4|swelling|water,\\Synology\Data\2024\SC5544_BM26_March2024\JW_POXHEMA_4_swelling_water\WAXS\JW_POXHEMA_4_swelling_water_WAXS_0000.edf
SC5544_BM26_March2024,JW_POXHEMA_5_300_12_6,JW|POXHEMA|5|300|12|6,\\Synology\Data\2024\SC5544_BM26_March2024\JW_POXHEMA_5_300_12_6\WAXS\JW_POXHEMA_5_300_12_6_WAXS_0000.edf
SC5544_BM26_March2024,JW_POXHEMA_5_drying,JW|POXHEMA|5|drying,\\Synology\Data\2024\SC5544_BM26_March2024\JW_POXHEMA_5_drying\WAXS\JW_POXHEMA_5_drying_WAXS_0000.edf
SC5544_BM26_March2024,JW_POXHEMA_5_swelling_water,JW|POXHEMA|5|swelling|water,\\Synology\Data\2024\SC5544_BM26_March2024\JW_POXHEMA_5_swelling_water\WAXS\JW_POXHEMA_5_swelling_water_WAXS_0000.edf
SC5544_BM26_March2024,JW_POXHEMA_8_300_26_6,JW|POXHEMA|8|300|26|6,\\Synology\Data\2024\SC5544_BM26_March2024\JW_POXHEMA_8_300_26_6\WAXS\JW_POXHEMA_8_300_26_6_WAXS_0000.edf
SC5544_BM26_March2024,JW_POXHEMA_8_drying,JW|POXHEMA|8|drying,\\Synology\Data\2024\SC5544_BM26_March2024\JW_POXHEMA_8_drying\WAXS\JW_POXHEMA_8_drying_WAXS_0000.edf
SC5544_BM26_March2024,JW_POXHEMA_8_swelling_water,JW|POXHEMA|8|swelling|water,\\Synology\Data\2024\SC5544_BM26_March2024\JW_POXHEMA_8_swelling_water\WAXS\JW_POXHEMA_8_swelling_water_WAXS_0000.edf
SC5544_BM26_March2024,LaB6_4m_12keV,LaB6|4m|12keV,\\Synology\Data\2024\SC5544_BM26_March2024\LaB6_4m_12keV\WAXS\LaB6_4m_12keV_WAXS_0000.edf
SC5544_BM26_March2024,Linkam_Stretcher_AgBh,Linkam|Stretcher|AgBh,\\Synology\Data\2024\SC5544_BM26_March2024\Linkam_Stretcher_AgBh\WAXS\Linkam_Stretcher_AgBh_WAXS_0000.edf
SC5544_BM26_March2024,Linkam_Stretcher_Al2O3,Linkam|Stretcher|Al2O3,\\Synology\Data\2024\SC5544_BM26_March2024\Linkam_Stretcher_Al2O3\WAXS\Linkam_Stretcher_Al2O3_WAXS_0000.edf
SC5544_BM26_March2024,Linkam_Stretcher_Empty_Cell_Without_Cover,Linkam|Stretcher|Empty|Cell|Without|Cover,\\Synology\Data\2024\SC5544_BM26_March2024\Linkam_Stretcher_Empty_Cell_Without_Cover\WAXS\Linkam_Stretcher_Empty_Cell_Without_Cover_WAXS_0000.edf
SC5544_BM26_March2024,Linkam_Stretcher_Empty_Cell_With_Cover,Linkam|Stretcher|Empty|Cell|With|Cover,\\Synology\Data\2024\SC5544_BM26_March2024\Linkam_Stretcher_Empty_Cell_With_Cover\WAXS\Linkam_Stretcher_Empty_Cell_With_Cover_WAXS_0000.edf
SC5544_BM26_March2024,mytest,mytest,\\Synology\Data\2024\SC5544_BM26_March2024\mytest\WAXS\mytest_WAXS_0000.edf
SC5544_BM26_March2024,NikHadj_Sample155_swelling_water,NikHadj|Sample155|swelling|water,\\Synology\Data\2024\SC5544_BM26_March2024\NikHadj_Sample155_swelling_water\WAXS\NikHadj_Sample155_swelling_water_WAXS_0000.edf
SC5544_BM26_March2024,NikHadj_Sample156_swelling_water,NikHadj|Sample156|swelling|water,\\Synology\Data\2024\SC5544_BM26_March2024\NikHadj_Sample156_swelling_water\WAXS\NikHadj_Sample156_swelling_water_WAXS_0000.edf
SC5544_BM26_March2024,NikHadj_Sample157_swelling_water,NikHadj|Sample157|swelling|water,\\Synology\Data\2024\SC5544_BM26_March2024\NikHadj_Sample157_swelling_water\WAXS\NikHadj_Sample157_swelling_water_WAXS_0000.edf
SC5544_BM26_March2024,NikHadj_Sample158_swelling_water,NikHadj|Sample158|swelling|water,\\Synology\Data\2024\SC5544_BM26_March2024\NikHadj_Sample158_swelling_water\WAXS\NikHadj_Sample158_swelling_water_WAXS_0000.edf
SC5544_BM26_March2024,Nikos_NB_155,Nikos|NB|155,\\Synology\Data\2024\SC5544_BM26_March2024\Nikos_NB_155\WAXS\Nikos_NB_155_WAXS_0000.edf
SC5544_BM26_March2024,Nikos_NB_156,Nikos|NB|156,\\Synology\Data\2024\SC5544_BM26_March2024\Nikos_NB_156\WAXS\Nikos_NB_156_WAXS_0000.edf
SC5544_BM26_March2024,Nikos_NB_156_StandingFilm,Nikos|NB|156|StandingFilm,
SC5544_BM26_March2024,Nikos_NB_157,Nikos|NB|157,\\Synology\Data\2024\SC5544_BM26_March2024\Nikos_NB_157\WAXS\Nikos_NB_157_WAXS_0000.edf
SC5544_BM26_March2024,Nikos_NB_157_StandingFilm,Nikos|NB|157|StandingFilm,
SC5544_BM26_March2024,Nikos_NB_158,Nikos|NB|158,\\Synology\Data\2024\SC5544_BM26_March2024\Nikos_NB_158\WAXS\Nikos_NB_158_WAXS_0000.edf
SC5544_BM26_March2024,Nikos_NB_158_StandingFilm,Nikos|NB|158|StandingFilm,
SC5544_BM26_March2024,Nikos_NB_158_StandingFilm_bis,Nikos|NB|158|StandingFilm|bis,
SC5544_BM26_March2024,OH_PDMS_100perc_crosslinked_fromlasttime,OH|PDMS|100perc|crosslinked|fromlasttime,\\Synology\Data\2024\SC5544_BM26_March2024\OH_PDMS_100perc_crosslinked_fromlasttime\WAXS\OH_PDMS_100perc_crosslinked_fromlasttime_WAXS_0000.edf
SC5544_BM26_March2024,OH_PDMS_100perc_in_toluene_10perc,OH|PDMS|100perc|in|toluene|10perc,\\Synology\Data\2024\SC5544_BM26_March2024\OH_PDMS_100perc_in_toluene_10perc\WAXS\OH_PDMS_100perc_in_toluene_10perc_WAXS_0000.edf
SC5544_BM26_March2024,OH_PDMS_100perc_in_toluene_30perc,OH|PDMS|100perc|in|toluene|30perc,\\Synology\Data\2024\SC5544_BM26_March2024\OH_PDMS_100perc_in_toluene_30perc\WAXS\OH_PDMS_100perc_in_toluene_30perc_WAXS_0000.edf
SC5544_BM26_March2024,OH_PDMS_100perc_in_toluene_5perc,OH|PDMS|100perc|in|toluene|5perc,\\Synology\Data\2024\SC5544_BM26_March2024\OH_PDMS_100perc_in_toluene_5perc\WAXS\OH_PDMS_100perc_in_toluene_5perc_WAXS_0000.edf
SC5544_BM26_March2024,OH_PDMS_100perc_uncrossl_sherared,OH|PDMS|100perc|uncrossl|sherared,\\Synology\Data\2024\SC5544_BM26_March2024\OH_PDMS_100perc_uncrossl_sherared\WAXS\OH_PDMS_100perc_uncrossl_sherared_WAXS_0000.edf
SC5544_BM26_March2024,OH_PDMS_10perc_Uncrossl_after_3_5hrs_RT,OH|PDMS|10perc|Uncrossl|after|3|5hrs|RT,\\Synology\Data\2024\SC5544_BM26_March2024\OH_PDMS_10perc_Uncrossl_after_3_5hrs_RT\WAXS\OH_PDMS_10perc_Uncrossl_after_3_5hrs_RT_WAXS_0000.edf
SC5544_BM26_March2024,OH_PDMS_10perc_Uncrossl_after_5hrs_RT,OH|PDMS|10perc|Uncrossl|after|5hrs|RT,\\Synology\Data\2024\SC5544_BM26_March2024\OH_PDMS_10perc_Uncrossl_after_5hrs_RT\WAXS\OH_PDMS_10perc_Uncrossl_after_5hrs_RT_WAXS_0000.edf
SC5544_BM26_March2024,OH_PDMS_50perc_as_received,OH|PDMS|50perc|as|received,\\Synology\Data\2024\SC5544_BM26_March2024\OH_PDMS_50perc_as_received\WAXS\OH_PDMS_50perc_as_received_WAXS_0000.edf
SC5544_BM26_March2024,OH_PDMS_50perc_uncrossl_afterheat_to_100C,OH|PDMS|50perc|uncrossl|afterheat|to|100C,\\Synology\Data\2024\SC5544_BM26_March2024\OH_PDMS_50perc_uncrossl_afterheat_to_100C\WAXS\OH_PDMS_50perc_uncrossl_afterheat_to_100C_WAXS_0000.edf
SC5544_BM26_March2024,OH_PDMS_50perc_Uncrossl_WithCover_Heat,OH|PDMS|50perc|Uncrossl|WithCover|Heat,\\Synology\Data\2024\SC5544_BM26_March2024\OH_PDMS_50perc_Uncrossl_WithCover_Heat\WAXS\OH_PDMS_50perc_Uncrossl_WithCover_Heat_WAXS_0000.edf
SC5544_BM26_March2024,OH_PDMS_80perc_as_received,OH|PDMS|80perc|as|received,\\Synology\Data\2024\SC5544_BM26_March2024\OH_PDMS_80perc_as_received\WAXS\OH_PDMS_80perc_as_received_WAXS_0000.edf
SC5544_BM26_March2024,OH_PDMS_80perc_uncrossl_afterheat_to_100C,OH|PDMS|80perc|uncrossl|afterheat|to|100C,\\Synology\Data\2024\SC5544_BM26_March2024\OH_PDMS_80perc_uncrossl_afterheat_to_100C\WAXS\OH_PDMS_80perc_uncrossl_afterheat_to_100C_WAXS_0000.edf
SC5544_BM26_March2024,OH_PDMS_90perc_crosslinked_fromlasttime,OH|PDMS|90perc|crosslinked|fromlasttime,\\Synology\Data\2024\SC5544_BM26_March2024\OH_PDMS_90perc_crosslinked_fromlasttime\WAXS\OH_PDMS_90perc_crosslinked_fromlasttime_WAXS_0000.edf
SC5544_BM26_March2024,OH_PDMS_as_received,OH|PDMS|as|received,\\Synology\Data\2024\SC5544_BM26_March2024\OH_PDMS_as_received\WAXS\OH_PDMS_as_received_WAXS_0000.edf
SC5544_BM26_March2024,OH_PDMS_crosslink_heating,OH|PDMS|crosslink|heating,\\Synology\Data\2024\SC5544_BM26_March2024\OH_PDMS_crosslink_heating\WAXS\OH_PDMS_crosslink_heating_WAXS_0000.edf
SC5544_BM26_March2024,OH_PDMS_ThinFilm_Rubbed_paral,OH|PDMS|ThinFilm|Rubbed|paral,
SC5544_BM26_March2024,OH_PDMS_ThinFilm_Rubbed_perpend,OH|PDMS|ThinFilm|Rubbed|perpend,
SC5544_BM26_March2024,PEG_PLA_R25_swelling_water,PEG|PLA|R25|swelling|water,\\Synology\Data\2024\SC5544_BM26_March2024\PEG_PLA_R25_swelling_water\WAXS\PEG_PLA_R25_swelling_water_WAXS_0000.edf
SC5544_BM26_March2024,PEG_PLA_R27_swelling_water,PEG|PLA|R27|swelling|water,\\Synology\Data\2024\SC5544_BM26_March2024\PEG_PLA_R27_swelling_water\WAXS\PEG_PLA_R27_swelling_water_WAXS_0000.edf
SC5544_BM26_March2024,PEG_PLLA_bb_r25,PEG|PLLA|bb|r25,\\Synology\Data\2024\SC5544_BM26_March2024\PEG_PLLA_bb_r25\WAXS\PEG_PLLA_bb_r25_WAXS_0000.edf
SC5544_BM26_March2024,PEG_PLLA_bb_r25_bis,PEG|PLLA|bb|r25|bis,\\Synology\Data\2024\SC5544_BM26_March2024\PEG_PLLA_bb_r25_bis\WAXS\PEG_PLLA_bb_r25_bis_WAXS_0000.edf
SC5544_BM26_March2024,PEG_PLLA_bb_r26,PEG|PLLA|bb|r26,\\Synology\Data\2024\SC5544_BM26_March2024\PEG_PLLA_bb_r26\WAXS\PEG_PLLA_bb_r26_WAXS_0000.edf
SC5544_BM26_March2024,PEG_PLLA_bb_r26_bis,PEG|PLLA|bb|r26|bis,\\Synology\Data\2024\SC5544_BM26_March2024\PEG_PLLA_bb_r26_bis\WAXS\PEG_PLLA_bb_r26_bis_WAXS_0000.edf
SC5544_BM26_March2024,PEG_PLLA_bb_r27,PEG|PLLA|bb|r27,\\Synology\Data\2024\SC5544_BM26_March2024\PEG_PLLA_bb_r27\WAXS\PEG_PLLA_bb_r27_WAXS_0000.edf
SC5544_BM26_March2024,PEG_PNIPAM_292_12_Cryst_at_10C,PEG|PNIPAM|292|12|Cryst|at|10C,\\Synology\Data\2024\SC5544_BM26_March2024\PEG_PNIPAM_292_12_Cryst_at_10C\WAXS\PEG_PNIPAM_292_12_Cryst_at_10C_WAXS_0000.edf
SC5544_BM26_March2024,PEG_PNIPAM_292_12_Cryst_at_15C,PEG|PNIPAM|292|12|Cryst|at|15C,\\Synology\Data\2024\SC5544_BM26_March2024\PEG_PNIPAM_292_12_Cryst_at_15C\WAXS\PEG_PNIPAM_292_12_Cryst_at_15C_WAXS_0000.edf
SC5544_BM26_March2024,PEG_PNIPAM_292_12_Cryst_at_17_5C,PEG|PNIPAM|292|12|Cryst|at|17|5C,\\Synology\Data\2024\SC5544_BM26_March2024\PEG_PNIPAM_292_12_Cryst_at_17_5C\WAXS\PEG_PNIPAM_292_12_Cryst_at_17_5C_WAXS_0000.edf
SC5544_BM26_March2024,PEG_PNIPAM_292_12_Cryst_at_17_5C_Heat,PEG|PNIPAM|292|12|Cryst|at|17|5C|Heat,\\Synology\Data\2024\SC5544_BM26_March2024\PEG_PNIPAM_292_12_Cryst_at_17_5C_Heat\WAXS\PEG_PNIPAM_292_12_Cryst_at_17_5C_Heat_WAXS_0000.edf
SC5544_BM26_March2024,PEG_PNIPAM_292_24_Cryst_at_10C,PEG|PNIPAM|292|24|Cryst|at|10C,\\Synology\Data\2024\SC5544_BM26_March2024\PEG_PNIPAM_292_24_Cryst_at_10C\WAXS\PEG_PNIPAM_292_24_Cryst_at_10C_WAXS_0000.edf
SC5544_BM26_March2024,PEG_PNIPAM_292_24_Cryst_at_15C,PEG|PNIPAM|292|24|Cryst|at|15C,\\Synology\Data\2024\SC5544_BM26_March2024\PEG_PNIPAM_292_24_Cryst_at_15C\WAXS\PEG_PNIPAM_292_24_Cryst_at_15C_WAXS_0000.edf
SC5544_BM26_March2024,PEG_PNIPAM_292_24_Cryst_at_20C,PEG|PNIPAM|292|24|Cryst|at|20C,\\Synology\Data\2024\SC5544_BM26_March2024\PEG_PNIPAM_292_24_Cryst_at_20C\WAXS\PEG_PNIPAM_292_24_Cryst_at_20C_WAXS_0000.edf
SC5544_BM26_March2024,PEG_PNIPAM_292_24_Cryst_at_20C_contd,PEG|PNIPAM|292|24|Cryst|at|20C|contd,\\Synology\Data\2024\SC5544_BM26_March2024\PEG_PNIPAM_292_24_Cryst_at_20C_contd\WAXS\PEG_PNIPAM_292_24_Cryst_at_20C_contd_WAXS_0000.edf
SC5544_BM26_March2024,PEG_PNIPAM_292_24_Cryst_at_20C_contd_Heat,PEG|PNIPAM|292|24|Cryst|at|20C|contd|Heat,\\Synology\Data\2024\SC5544_BM26_March2024\PEG_PNIPAM_292_24_Cryst_at_20C_contd_Heat\WAXS\PEG_PNIPAM_292_24_Cryst_at_20C_contd_Heat_WAXS_0000.edf
SC5544_BM26_March2024,PEG_PNIPAM_292_6_Cryst_at_0,PEG|PNIPAM|292|6|Cryst|at|0,\\Synology\Data\2024\SC5544_BM26_March2024\PEG_PNIPAM_292_6_Cryst_at_0\WAXS\PEG_PNIPAM_292_6_Cryst_at_0_WAXS_0000.edf
SC5544_BM26_March2024,PEG_PNIPAM_292_6_Cryst_at_10C,PEG|PNIPAM|292|6|Cryst|at|10C,\\Synology\Data\2024\SC5544_BM26_March2024\PEG_PNIPAM_292_6_Cryst_at_10C\WAXS\PEG_PNIPAM_292_6_Cryst_at_10C_WAXS_0000.edf
SC5544_BM26_March2024,PEG_PNIPAM_292_6_Cryst_at_5C,PEG|PNIPAM|292|6|Cryst|at|5C,\\Synology\Data\2024\SC5544_BM26_March2024\PEG_PNIPAM_292_6_Cryst_at_5C\WAXS\PEG_PNIPAM_292_6_Cryst_at_5C_WAXS_0000.edf
SC5544_BM26_March2024,PEG_PNIPAM_292_6_Heat_after_Cryst_at_10C,PEG|PNIPAM|292|6|Heat|after|Cryst|at|10C,\\Synology\Data\2024\SC5544_BM26_March2024\PEG_PNIPAM_292_6_Heat_after_Cryst_at_10C\WAXS\PEG_PNIPAM_292_6_Heat_after_Cryst_at_10C_WAXS_0000.edf
SC5544_BM26_March2024,PEG_PNIPAM_576_12_Cryst_at_15C,PEG|PNIPAM|576|12|Cryst|at|15C,\\Synology\Data\2024\SC5544_BM26_March2024\PEG_PNIPAM_576_12_Cryst_at_15C\WAXS\PEG_PNIPAM_576_12_Cryst_at_15C_WAXS_0000.edf
SC5544_BM26_March2024,PEG_PNIPAM_576_12_Cryst_at_15C_Heat,PEG|PNIPAM|576|12|Cryst|at|15C|Heat,\\Synology\Data\2024\SC5544_BM26_March2024\PEG_PNIPAM_576_12_Cryst_at_15C_Heat\WAXS\PEG_PNIPAM_576_12_Cryst_at_15C_Heat_WAXS_0000.edf
SC5544_BM26_March2024,PEG_PNIPAM_576_24_Cryst_at_15C,PEG|PNIPAM|576|24|Cryst|at|15C,\\Synology\Data\2024\SC5544_BM26_March2024\PEG_PNIPAM_576_24_Cryst_at_15C\WAXS\PEG_PNIPAM_576_24_Cryst_at_15C_WAXS_0000.edf
SC5544_BM26_March2024,PEG_PNIPAM_576_24_Cryst_at_15C_bis,PEG|PNIPAM|576|24|Cryst|at|15C|bis,\\Synology\Data\2024\SC5544_BM26_March2024\PEG_PNIPAM_576_24_Cryst_at_15C_bis\WAXS\PEG_PNIPAM_576_24_Cryst_at_15C_bis_WAXS_0000.edf
SC5544_BM26_March2024,PEG_PNIPAM_576_24_Cryst_at_15C_bis_Heat,PEG|PNIPAM|576|24|Cryst|at|15C|bis|Heat,\\Synology\Data\2024\SC5544_BM26_March2024\PEG_PNIPAM_576_24_Cryst_at_15C_bis_Heat\WAXS\PEG_PNIPAM_576_24_Cryst_at_15C_bis_Heat_WAXS_0000.edf
SC5544_BM26_March2024,PEG_PNIPAM_576_6_Cryst_at_15C,PEG|PNIPAM|576|6|Cryst|at|15C,\\Synology\Data\2024\SC5544_BM26_March2024\PEG_PNIPAM_576_6_Cryst_at_15C\WAXS\PEG_PNIPAM_576_6_Cryst_at_15C_WAXS_0000.edf
SC5544_BM26_March2024,PEG_PNIPAM_576_6_Cryst_at_15C_Heat,PEG|PNIPAM|576|6|Cryst|at|15C|Heat,\\Synology\Data\2024\SC5544_BM26_March2024\PEG_PNIPAM_576_6_Cryst_at_15C_Heat\WAXS\PEG_PNIPAM_576_6_Cryst_at_15C_Heat_WAXS_0000.edf
SC5544_BM26_March2024,PEG_PNIPAM_888_24_Cryst_at_15C,PEG|PNIPAM|888|24|Cryst|at|15C,\\Synology\Data\2024\SC5544_BM26_March2024\PEG_PNIPAM_888_24_Cryst_at_15C\WAXS\PEG_PNIPAM_888_24_Cryst_at_15C_WAXS_0000.edf
SC5544_BM26_March2024,PEG_PNIPAM_888_24_Cryst_at_15C_Heat,PEG|PNIPAM|888|24|Cryst|at|15C|Heat,\\Synology\Data\2024\SC5544_BM26_March2024\PEG_PNIPAM_888_24_Cryst_at_15C_Heat\WAXS\PEG_PNIPAM_888_24_Cryst_at_15C_Heat_WAXS_0000.edf
SC5544_BM26_March2024,PMMA_PDMS_090320_1_calib,PMMA|PDMS|090320|1|calib,\\Synology\Data\2024\SC5544_BM26_March2024\PMMA_PDMS_090320_1_calib\WAXS\PMMA_PDMS_090320_1_calib_WAXS_0000.edf
SC5544_BM26_March2024,PMMA_PDMS_090320_1_calib_kinetics,PMMA|PDMS|090320|1|calib|kinetics,\\Synology\Data\2024\SC5544_BM26_March2024\PMMA_PDMS_090320_1_calib_kinetics\WAXS\PMMA_PDMS_090320_1_calib_kinetics_WAXS_0000.edf
SC5544_BM26_March2024,PMMA_PDMS_090320_2_calib,PMMA|PDMS|090320|2|calib,\\Synology\Data\2024\SC5544_BM26_March2024\PMMA_PDMS_090320_2_calib\WAXS\PMMA_PDMS_090320_2_calib_WAXS_0000.edf
SC5544_BM26_March2024,PMMA_PDMS_090320_2_calib_kinetics,PMMA|PDMS|090320|2|calib|kinetics,\\Synology\Data\2024\SC5544_BM26_March2024\PMMA_PDMS_090320_2_calib_kinetics\WAXS\PMMA_PDMS_090320_2_calib_kinetics_WAXS_0000.edf
SC5544_BM26_March2024,PMMA_PDMS_090320_2_Heating,PMMA|PDMS|090320|2|Heating,\\Synology\Data\2024\SC5544_BM26_March2024\PMMA_PDMS_090320_2_Heating\WAXS\PMMA_PDMS_090320_2_Heating_WAXS_0000.edf
SC5544_BM26_March2024,PMMA_PDMS_090420_3_calib,PMMA|PDMS|090420|3|calib,\\Synology\Data\2024\SC5544_BM26_March2024\PMMA_PDMS_090420_3_calib\WAXS\PMMA_PDMS_090420_3_calib_WAXS_0000.edf
SC5544_BM26_March2024,PMMA_PDMS_090420_3_calib_kinetics,PMMA|PDMS|090420|3|calib|kinetics,\\Synology\Data\2024\SC5544_BM26_March2024\PMMA_PDMS_090420_3_calib_kinetics\WAXS\PMMA_PDMS_090420_3_calib_kinetics_WAXS_0000.edf
SC5544_BM26_March2024,PMMA_PDMS_090420_3_Heating,PMMA|PDMS|090420|3|Heating,\\Synology\Data\2024\SC5544_BM26_March2024\PMMA_PDMS_090420_3_Heating\WAXS\PMMA_PDMS_090420_3_Heating_WAXS_0000.edf
SC5544_BM26_March2024,POX_HEMA_100perc_Uncrossl_WithCover,POX|HEMA|100perc|Uncrossl|WithCover,\\Synology\Data\2024\SC5544_BM26_March2024\POX_HEMA_100perc_Uncrossl_WithCover\WAXS\POX_HEMA_100perc_Uncrossl_WithCover_WAXS_0000.edf
SC5544_BM26_March2024,POX_HEMA_100perc_Uncrossl_WithCover_Cool,POX|HEMA|100perc|Uncrossl|WithCover|Cool,\\Synology\Data\2024\SC5544_BM26_March2024\POX_HEMA_100perc_Uncrossl_WithCover_Cool\WAXS\POX_HEMA_100perc_Uncrossl_WithCover_Cool_WAXS_0000.edf
SC5544_BM26_March2024,POX_HEMA_100perc_Uncrossl_WithCover_Heatbis,POX|HEMA|100perc|Uncrossl|WithCover|Heatbis,\\Synology\Data\2024\SC5544_BM26_March2024\POX_HEMA_100perc_Uncrossl_WithCover_Heatbis\WAXS\POX_HEMA_100perc_Uncrossl_WithCover_Heatbis_WAXS_0000.edf
SC5544_BM26_March2024,POX_HEMA_80perc_Uncrossl_WithCover_Heat,POX|HEMA|80perc|Uncrossl|WithCover|Heat,\\Synology\Data\2024\SC5544_BM26_March2024\POX_HEMA_80perc_Uncrossl_WithCover_Heat\WAXS\POX_HEMA_80perc_Uncrossl_WithCover_Heat_WAXS_0000.edf
SC5544_BM26_March2024,SAP10_annealed,SAP10|annealed,
SC5544_BM26_March2024,SAP10_annealed_under_water,SAP10|annealed|under|water,
SC5544_BM26_March2024,SAP10_Na_annealed,SAP10|Na|annealed,
SC5544_BM26_March2024,SAP10_Na_annealed_under_water,SAP10|Na|annealed|under|water,
SC5544_BM26_March2024,SAP10_Na_annealed_under_water_bis,SAP10|Na|annealed|under|water|bis,
SC5544_BM26_March2024,SAP10_Na_nonannealed,SAP10|Na|nonannealed,
SC5544_BM26_March2024,SAP10_nonannealed,SAP10|nonannealed,
SC5544_BM26_March2024,SAP12_annealed,SAP12|annealed,
SC5544_BM26_March2024,SAP12_Na_annealed,SAP12|Na|annealed,
SC5544_BM26_March2024,SAP12_Na_Non_annealed,SAP12|Na|Non|annealed,
SC5544_BM26_March2024,SAP12_Nonannealed,SAP12|Nonannealed,
SC5544_BM26_March2024,SAP8_annealed,SAP8|annealed,
SC5544_BM26_March2024,SAP8_annealed_under_Water,SAP8|annealed|under|Water,
SC5544_BM26_March2024,SAP8_Na_annealed,SAP8|Na|annealed,
SC5544_BM26_March2024,SAP8_Na_annealed_under_water,SAP8|Na|annealed|under|water,
SC5544_BM26_March2024,SAP8_Na_Nonannealed,SAP8|Na|Nonannealed,
SC5544_BM26_March2024,SAP8_Nonannealed,SAP8|Nonannealed,
SC5544_BM26_March2024,Sofia_Film_A_folded_Liqcell,Sofia|Film|A|folded|Liqcell,\\Synology\Data\2024\SC5544_BM26_March2024\Sofia_Film_A_folded_Liqcell\WAXS\Sofia_Film_A_folded_Liqcell_WAXS_0000.edf
SC5544_BM26_March2024,Sofia_Film_A_twice_folded,Sofia|Film|A|twice|folded,\\Synology\Data\2024\SC5544_BM26_March2024\Sofia_Film_A_twice_folded\WAXS\Sofia_Film_A_twice_folded_WAXS_0000.edf
SC5544_BM26_March2024,Sofia_Film_B_8times_folded,Sofia|Film|B|8times|folded,\\Synology\Data\2024\SC5544_BM26_March2024\Sofia_Film_B_8times_folded\WAXS\Sofia_Film_B_8times_folded_WAXS_0000.edf
SC5544_BM26_March2024,Sofia_Film_C_folded_Liqcell,Sofia|Film|C|folded|Liqcell,\\Synology\Data\2024\SC5544_BM26_March2024\Sofia_Film_C_folded_Liqcell\WAXS\Sofia_Film_C_folded_Liqcell_WAXS_0000.edf
SC5544_BM26_March2024,Sofia_Film_c_not_folded,Sofia|Film|c|not|folded,\\Synology\Data\2024\SC5544_BM26_March2024\Sofia_Film_c_not_folded\WAXS\Sofia_Film_c_not_folded_WAXS_0000.edf
SC5544_BM26_March2024,Sofia_Film_D_not_folded,Sofia|Film|D|not|folded,\\Synology\Data\2024\SC5544_BM26_March2024\Sofia_Film_D_not_folded\WAXS\Sofia_Film_D_not_folded_WAXS_0000.edf
SC5544_BM26_March2024,Sofia_Film_F_not_folded,Sofia|Film|F|not|folded,\\Synology\Data\2024\SC5544_BM26_March2024\Sofia_Film_F_not_folded\WAXS\Sofia_Film_F_not_folded_WAXS_0000.edf
SC5544_BM26_March2024,Sofia_Sample_E_dispersion_capil,Sofia|Sample|E|dispersion|capil,\\Synology\Data\2024\SC5544_BM26_March2024\Sofia_Sample_E_dispersion_capil\WAXS\Sofia_Sample_E_dispersion_capil_WAXS_0000.edf
SC5544_BM26_March2024,TDOBABCNa_left,TDOBABCNa|left,
SC5544_BM26_March2024,TDOBABcNa_PVP_DMA_N9,TDOBABcNa|PVP|DMA|N9,
SC5544_BM26_March2024,TDOBABcNa_PVP_DMA_N9_Standing,TDOBABcNa|PVP|DMA|N9|Standing,
SC5544_BM26_March2024,TDOBABcNa_PVP_DMA_N9_Standing_Sample1,TDOBABcNa|PVP|DMA|N9|Standing|Sample1,
SC5544_BM26_March2024,TDOBABCNa_right,TDOBABCNa|right,
SC5544_BM26_March2024,test,test,\\Synology\Data\2024\SC5544_BM26_March2024\test\WAXS\test_WAXS_0000.edf
SC5544_BM26_March2024,toluene_capillary,toluene|capillary,\\Synology\Data\2024\SC5544_BM26_March2024\toluene_capillary\WAXS\toluene_capillary_WAXS_0000.edf
SC5544_BM26_March2024,TPU_381_STATICS,TPU|381|STATICS,\\Synology\Data\2024\SC5544_BM26_March2024\TPU_381_STATICS\WAXS\TPU_381_STATICS_WAXS_0000.edf
SC5544_BM26_March2024,TPU_382_STATICS,TPU|382|STATICS,\\Synology\Data\2024\SC5544_BM26_March2024\TPU_382_STATICS\WAXS\TPU_382_STATICS_WAXS_0000.edf
SC5544_BM26_March2024,TPU_383_STATICS,TPU|383|STATICS,\\Synology\Data\2024\SC5544_BM26_March2024\TPU_383_STATICS\WAXS\TPU_383_STATICS_WAXS_0000.edf
SC5544_BM26_March2024,TPU_402_MechExperiment_1,TPU|402|MechExperiment|1,\\Synology\Data\2024\SC5544_BM26_March2024\TPU_402_MechExperiment_1\WAXS\TPU_402_MechExperiment_1_WAXS_0000.edf
SC5544_BM26_March2024,TPU_403_MechExperiment_1,TPU|403|MechExperiment|1,\\Synology\Data\2024\SC5544_BM26_March2024\TPU_403_MechExperiment_1\WAXS\TPU_403_MechExperiment_1_WAXS_0000.edf
SC5544_BM26_March2024,TPU_403_MechExperiment_2,TPU|403|MechExperiment|2,\\Synology\Data\2024\SC5544_BM26_March2024\TPU_403_MechExperiment_2\WAXS\TPU_403_MechExperiment_2_WAXS_0000.edf
SC5544_BM26_March2024,TPU_405_MechExperiment,TPU|405|MechExperiment,\\Synology\Data\2024\SC5544_BM26_March2024\TPU_405_MechExperiment\WAXS\TPU_405_MechExperiment_WAXS_0000.edf
SC5544_BM26_March2024,TPU_405_MechExperiment_2,TPU|405|MechExperiment|2,\\Synology\Data\2024\SC5544_BM26_March2024\TPU_405_MechExperiment_2\WAXS\TPU_405_MechExperiment_2_WAXS_0000.edf
SC5544_BM26_March2024,TPU_405_MechExperiment_3,TPU|405|MechExperiment|3,\\Synology\Data\2024\SC5544_BM26_March2024\TPU_405_MechExperiment_3\WAXS\TPU_405_MechExperiment_3_WAXS_0000.edf
SC5544_BM26_March2024,TPU_406_MechExperiment_1,TPU|406|MechExperiment|1,\\Synology\Data\2024\SC5544_BM26_March2024\TPU_406_MechExperiment_1\WAXS\TPU_406_MechExperiment_1_WAXS_0000.edf
SC5544_BM26_March2024,TPU_406_MechExperiment_2,TPU|406|MechExperiment|2,\\Synology\Data\2024\SC5544_BM26_March2024\TPU_406_MechExperiment_2\WAXS\TPU_406_MechExperiment_2_WAXS_0000.edf
SC5544_BM26_March2024,TPU_407_MechExperiment_1,TPU|407|MechExperiment|1,\\Synology\Data\2024\SC5544_BM26_March2024\TPU_407_MechExperiment_1\WAXS\TPU_407_MechExperiment_1_WAXS_0000.edf
SC5544_BM26_March2024,TPU_407_MechExperiment_2,TPU|407|MechExperiment|2,\\Synology\Data\2024\SC5544_BM26_March2024\TPU_407_MechExperiment_2\WAXS\TPU_407_MechExperiment_2_WAXS_0000.edf
SC5544_BM26_March2024,TPU_408_MechExperiment_1,TPU|408|MechExperiment|1,\\Synology\Data\2024\SC5544_BM26_March2024\TPU_408_MechExperiment_1\WAXS\TPU_408_MechExperiment_1_WAXS_0000.edf
SC5544_BM26_March2024,Water_in_Capillary,Water|in|Capillary,\\Synology\Data\2024\SC5544_BM26_March2024\Water_in_Capillary\WAXS\Water_in_Capillary_WAXS_0000.edf
sc5600,Brush_090320_2_Radtest_003,Brush|090320|2|Radtest|003,\\Synology\Data\2024\sc5600\id02\20240906\PROCESSED_DATA\Ivanov\Ivanov_20240906-115451\Ivanov_eiger2_00001_00_ave.h5
sc5600,Brush_090320_2_Radtest_010,Brush|090320|2|Radtest|010,\\Synology\Data\2024\sc5600\id02\20240906\PROCESSED_DATA\Ivanov\Ivanov_20240906-115451\Ivanov_eiger2_00002_00_ave.h5
sc5600,Brush_090320_2_Radtest_030,Brush|090320|2|Radtest|030,\\Synology\Data\2024\sc5600\id02\20240906\PROCESSED_DATA\Ivanov\Ivanov_20240906-115451\Ivanov_eiger2_00003_00_ave.h5
sc5600,Brush_090320_2_Radtest_100,Brush|090320|2|Radtest|100,\\Synology\Data\2024\sc5600\id02\20240906\PROCESSED_DATA\Ivanov\Ivanov_20240906-115451\Ivanov_eiger2_00004_00_ave.h5
sc5600,Brush_090320_2_Radtest_300,Brush|090320|2|Radtest|300,\\Synology\Data\2024\sc5600\id02\20240906\PROCESSED_DATA\Ivanov\Ivanov_20240906-115451\Ivanov_eiger2_00005_00_ave.h5
sc5600,Brush_090320_2_Radtest_1000,Brush|090320|2|Radtest|1000,\\Synology\Data\2024\sc5600\id02\20240906\PROCESSED_DATA\Ivanov\Ivanov_20240906-115451\Ivanov_eiger2_00006_00_ave.h5
sc5600,RadTest,RadTest,\\Synology\Data\2024\sc5600\id02\20240906\PROCESSED_DATA\Ivanov\Ivanov_20240906-115451\Ivanov_eiger2_00007_00_ave.h5
sc5600,Brush_090320_2_heat1,Brush|090320|2|heat1,\\Synology\Data\2024\sc5600\id02\20240906\PROCESSED_DATA\Ivanov\Ivanov_20240906-115451\Ivanov_eiger2_00008_00_ave.h5
sc5600,Brush_090320_2_cool1,Brush|090320|2|cool1,\\Synology\Data\2024\sc5600\id02\20240906\PROCESSED_DATA\Ivanov\Ivanov_20240906-115451\Ivanov_eiger2_00009_00_ave.h5
sc5600,P3HT_20perc_g_PDMS_010,P3HT|20perc|g|PDMS|010,\\Synology\Data\2024\sc5600\id02\20240906\PROCESSED_DATA\Ivanov\Ivanov_20240906-115451\Ivanov_eiger2_00010_00_ave.h5
sc5600,P3HT_20perc_g_PDMS_03,P3HT|20perc|g|PDMS|03,\\Synology\Data\2024\sc5600\id02\20240906\PROCESSED_DATA\Ivanov\Ivanov_20240906-115451\Ivanov_eiger2_00011_00_ave.h5
sc5600,P3HT_20perc_g_PDMS_05_1_7m,P3HT|20perc|g|PDMS|05|1|7m,\\Synology\Data\2024\sc5600\id02\20240906\PROCESSED_DATA\Ivanov\Ivanov_20240906-115451\Ivanov_eiger2_00012_00_ave.h5
sc5600,P3HT_20perc_g_PDMS_05_13m,P3HT|20perc|g|PDMS|05|13m,\\Synology\Data\2024\sc5600\id02\20240906\PROCESSED_DATA\Ivanov\Ivanov_20240906-115451\Ivanov_eiger2_00013_00_ave.h5
sc5600,P3HT_20perc_g_PDMS_05_13m_bis,P3HT|20perc|g|PDMS|05|13m|bis,\\Synology\Data\2024\sc5600\id02\20240906\PROCESSED_DATA\Ivanov\Ivanov_20240906-115451\Ivanov_eiger2_00014_00_ave.h5
sc5600,P3HT_20perc_g_PDMS_05_1m,P3HT|20perc|g|PDMS|05|1m,\\Synology\Data\2024\sc5600\id02\20240906\PROCESSED_DATA\Ivanov\Ivanov_20240906-115451\Ivanov_eiger2_00016_00_ave.h5
sc5600,P3HT_20perc_g_PDMS_05_1m_bis,P3HT|20perc|g|PDMS|05|1m|bis,\\Synology\Data\2024\sc5600\id02\20240906\PROCESSED_DATA\Ivanov\Ivanov_20240906-115451\Ivanov_eiger2_00017_00_ave.h5
sc5600,P3HT_20perc_g_PDMS_05_1_7m_RT,P3HT|20perc|g|PDMS|05|1|7m|RT,\\Synology\Data\2024\sc5600\id02\20240906\PROCESSED_DATA\Ivanov\Ivanov_20240906-115451\Ivanov_eiger2_00018_00_ave.h5
sc5600,P3HT_20perc_g_PDMS_heat,P3HT|20perc|g|PDMS|heat,\\Synology\Data\2024\sc5600\id02\20240906\PROCESSED_DATA\Ivanov\Ivanov_20240906-115451\Ivanov_eiger2_00019_00_ave.h5
sc5600,P3HT_20perc_g_PDMS_cool,P3HT|20perc|g|PDMS|cool,\\Synology\Data\2024\sc5600\id02\20240906\PROCESSED_DATA\Ivanov\Ivanov_20240906-115451\Ivanov_eiger2_00020_00_ave.h5
sc5600,Linkam_empty_1_7m_0_3s,Linkam|empty|1|7m|0|3s,\\Synology\Data\2024\sc5600\id02\20240906\PROCESSED_DATA\Ivanov\Ivanov_20240906-115451\Ivanov_eiger2_00021_00_ave.h5
sc5600,Linkam_empty_1_7m_0_3s_bis,Linkam|empty|1|7m|0|3s|bis,\\Synology\Data\2024\sc5600\id02\20240906\PROCESSED_DATA\Ivanov\Ivanov_20240906-115451\Ivanov_eiger2_00022_00_ave.h5
sc5600,Linkam_empty_1_7m_0_5s_bis,Linkam|empty|1|7m|0|5s|bis,\\Synology\Data\2024\sc5600\id02\20240906\PROCESSED_DATA\Ivanov\Ivanov_20240906-115451\Ivanov_eiger2_00023_00_ave.h5
sc5600,Linkam_empty_1_7m_1s_bis,Linkam|empty|1|7m|1s|bis,\\Synology\Data\2024\sc5600\id02\20240906\PROCESSED_DATA\Ivanov\Ivanov_20240906-115451\Ivanov_eiger2_00024_00_ave.h5
sc5600,P3HT_20perc_4_1_g_PDMS,P3HT|20perc|4|1|g|PDMS,\\Synology\Data\2024\sc5600\id02\20240906\PROCESSED_DATA\Ivanov\Ivanov_20240906-115451\Ivanov_eiger2_00025_00_ave.h5
sc5600,P3HT_20perc_4_1_g_PDMS_bis,P3HT|20perc|4|1|g|PDMS|bis,\\Synology\Data\2024\sc5600\id02\20240906\PROCESSED_DATA\Ivanov\Ivanov_20240906-115451\Ivanov_eiger2_00026_00_ave.h5
sc5600,P3HT_20perc_4_1_g_PDMS_tris,P3HT|20perc|4|1|g|PDMS|tris,\\Synology\Data\2024\sc5600\id02\20240906\PROCESSED_DATA\Ivanov\Ivanov_20240906-115451\Ivanov_eiger2_00027_00_ave.h5
sc5600,P3HT_20perc_4_1_g_PDMS_13m,P3HT|20perc|4|1|g|PDMS|13m,\\Synology\Data\2024\sc5600\id02\20240906\PROCESSED_DATA\Ivanov\Ivanov_20240906-115451\Ivanov_eiger2_00028_00_ave.h5
sc5600,P3HT_20perc_4_1_g_PDMS_13m_bis,P3HT|20perc|4|1|g|PDMS|13m|bis,\\Synology\Data\2024\sc5600\id02\20240906\PROCESSED_DATA\Ivanov\Ivanov_20240906-115451\Ivanov_eiger2_00029_00_ave.h5
sc5600,P3HT_20perc_4_1_g_PDMS_13m_tris,P3HT|20perc|4|1|g|PDMS|13m|tris,\\Synology\Data\2024\sc5600\id02\20240906\PROCESSED_DATA\Ivanov\Ivanov_20240906-115451\Ivanov_eiger2_00030_00_ave.h5
sc5600,Linkam_empty_13m_1s_bis,Linkam|empty|13m|1s|bis,\\Synology\Data\2024\sc5600\id02\20240906\PROCESSED_DATA\Ivanov\Ivanov_20240906-115451\Ivanov_eiger2_00031_00_ave.h5
sc5600,Linkam_empty_13m_0_5s_bis,Linkam|empty|13m|0|5s|bis,\\Synology\Data\2024\sc5600\id02\20240906\PROCESSED_DATA\Ivanov\Ivanov_20240906-115451\Ivanov_eiger2_00032_00_ave.h5
sc5600,Linkam_empty_13m_0_3s,Linkam|empty|13m|0|3s,\\Synology\Data\2024\sc5600\id02\20240906\PROCESSED_DATA\Ivanov\Ivanov_20240906-115451\Ivanov_eiger2_00033_00_ave.h5
sc5600,Linkam_empty_13m_0_1s,Linkam|empty|13m|0|1s,\\Synology\Data\2024\sc5600\id02\20240906\PROCESSED_DATA\Ivanov\Ivanov_20240906-115451\Ivanov_eiger2_00034_00_ave.h5
sc5600,P3HT_20perc_4_1_g_PDMS_13m_quadris,P3HT|20perc|4|1|g|PDMS|13m|quadris,\\Synology\Data\2024\sc5600\id02\20240906\PROCESSED_DATA\Ivanov\Ivanov_20240906-115451\Ivanov_eiger2_00035_00_ave.h5
sc5600,P3HT_20perc_4_1_g_PDMS_1_7m_quadris,P3HT|20perc|4|1|g|PDMS|1|7m|quadris,\\Synology\Data\2024\sc5600\id02\20240906\PROCESSED_DATA\Ivanov\Ivanov_20240906-115451\Ivanov_eiger2_00036_00_ave.h5
sc5600,P3HT_20perc_4_1_g_PDMS_heat,P3HT|20perc|4|1|g|PDMS|heat,\\Synology\Data\2024\sc5600\id02\20240906\PROCESSED_DATA\Ivanov\Ivanov_20240906-115451\Ivanov_eiger2_00037_00_ave.h5
sc5600,P3HT_20perc_4_1_g_PDMS_cool,P3HT|20perc|4|1|g|PDMS|cool,\\Synology\Data\2024\sc5600\id02\20240906\PROCESSED_DATA\Ivanov\Ivanov_20240906-115451\Ivanov_eiger2_00038_00_ave.h5
sc5600,Linkam_empty_1_7m_0_1s_micawindow,Linkam|empty|1|7m|0|1s|micawindow,\\Synology\Data\2024\sc5600\id02\20240906\PROCESSED_DATA\Ivanov\Ivanov_20240906-115451\Ivanov_eiger2_00039_00_ave.h5
sc5600,Linkam_empty_1_7m_0_3s_micawindow,Linkam|empty|1|7m|0|3s|micawindow,\\Synology\Data\2024\sc5600\id02\20240906\PROCESSED_DATA\Ivanov\Ivanov_20240906-115451\Ivanov_eiger2_00040_00_ave.h5
sc5600,Linkam_empty_1_7m_0_5s_micawindow,Linkam|empty|1|7m|0|5s|micawindow,\\Synology\Data\2024\sc5600\id02\20240906\PROCESSED_DATA\Ivanov\Ivanov_20240906-115451\Ivanov_eiger2_00041_00_ave.h5
sc5600,Linkam_empty_1_7m_1s_micawindow,Linkam|empty|1|7m|1s|micawindow,\\Synology\Data\2024\sc5600\id02\20240906\PROCESSED_DATA\Ivanov\Ivanov_20240906-115451\Ivanov_eiger2_00042_00_ave.h5
sc5600,P3HT_20perc_4_1_g_PDMS_1_7m_afterheat210_stretched,P3HT|20perc|4|1|g|PDMS|1|7m|afterheat210|stretched,\\Synology\Data\2024\sc5600\id02\20240906\PROCESSED_DATA\Ivanov\Ivanov_20240906-115451\Ivanov_eiger2_00043_00_ave.h5
sc5600,P3HT_20perc_4_1_g_PDMS_1_7m_afterheat210_stretched_bis,P3HT|20perc|4|1|g|PDMS|1|7m|afterheat210|stretched|bis,\\Synology\Data\2024\sc5600\id02\20240906\PROCESSED_DATA\Ivanov\Ivanov_20240906-115451\Ivanov_eiger2_00044_00_ave.h5
sc5600,P3HT_20perc_4_1_g_PDMS_1_7m_afterheat210_stretched_more,P3HT|20perc|4|1|g|PDMS|1|7m|afterheat210|stretched|more,\\Synology\Data\2024\sc5600\id02\20240906\PROCESSED_DATA\Ivanov\Ivanov_20240906-115451\Ivanov_eiger2_00045_00_ave.h5
sc5600,P3HT_20perc_4_1_g_PDMS_1m_afterheat210_stretched_more,P3HT|20perc|4|1|g|PDMS|1m|afterheat210|stretched|more,\\Synology\Data\2024\sc5600\id02\20240906\PROCESSED_DATA\Ivanov\Ivanov_20240906-115451\Ivanov_eiger2_00046_00_ave.h5
sc5600,Linkam_empty_1m_1s_micawindow,Linkam|empty|1m|1s|micawindow,\\Synology\Data\2024\sc5600\id02\20240906\PROCESSED_DATA\Ivanov\Ivanov_20240906-115451\Ivanov_eiger2_00047_00_ave.h5
sc5600,Linkam_empty_1m_0_3s,Linkam|empty|1m|0|3s,\\Synology\Data\2024\sc5600\id02\20240906\PROCESSED_DATA\Ivanov\Ivanov_20240906-115451\Ivanov_eiger2_00048_00_ave.h5
sc5600,Linkam_empty_1m_0_5s,Linkam|empty|1m|0|5s,\\Synology\Data\2024\sc5600\id02\20240906\PROCESSED_DATA\Ivanov\Ivanov_20240906-115451\Ivanov_eiger2_00049_00_ave.h5
sc5600,Linkam_empty_1m_0_1s,Linkam|empty|1m|0|1s,\\Synology\Data\2024\sc5600\id02\20240906\PROCESSED_DATA\Ivanov\Ivanov_20240906-115451\Ivanov_eiger2_00050_00_ave.h5
sc5600,P3HT_20perc_4_1_g_PDMS_heat_1m,P3HT|20perc|4|1|g|PDMS|heat|1m,\\Synology\Data\2024\sc5600\id02\20240906\PROCESSED_DATA\Ivanov\Ivanov_20240906-115451\Ivanov_eiger2_00051_00_ave.h5
sc5600,P3HT_20perc_4_1_g_PDMS_cool_1m,P3HT|20perc|4|1|g|PDMS|cool|1m,\\Synology\Data\2024\sc5600\id02\20240906\PROCESSED_DATA\Ivanov\Ivanov_20240906-115451\Ivanov_eiger2_00052_00_ave.h5
sc5600,P3HT_25perc_g_PDMS_1m,P3HT|25perc|g|PDMS|1m,\\Synology\Data\2024\sc5600\id02\20240906\PROCESSED_DATA\Ivanov\Ivanov_20240906-115451\Ivanov_eiger2_00053_00_ave.h5
sc5600,P3HT_25perc_g_PDMS_heat_1m,P3HT|25perc|g|PDMS|heat|1m,\\Synology\Data\2024\sc5600\id02\20240906\PROCESSED_DATA\Ivanov\Ivanov_20240906-115451\Ivanov_eiger2_00054_00_ave.h5
sc5600,P3HT_25perc_g_PDMS_cool_1m,P3HT|25perc|g|PDMS|cool|1m,\\Synology\Data\2024\sc5600\id02\20240906\PROCESSED_DATA\Ivanov\Ivanov_20240906-115451\Ivanov_eiger2_00055_00_ave.h5
sc5600,P3HT_10perc_g_PDMS_1m,P3HT|10perc|g|PDMS|1m,\\Synology\Data\2024\sc5600\id02\20240906\PROCESSED_DATA\Ivanov\Ivanov_20240906-115451\Ivanov_eiger2_00056_00_ave.h5
sc5600,P3HT_10perc_g_PDMS_1m_bis,P3HT|10perc|g|PDMS|1m|bis,\\Synology\Data\2024\sc5600\id02\20240906\PROCESSED_DATA\Ivanov\Ivanov_20240906-115451\Ivanov_eiger2_00057_00_ave.h5
sc5600,P3HT_10perc_g_PDMS_1m_tris,P3HT|10perc|g|PDMS|1m|tris,\\Synology\Data\2024\sc5600\id02\20240906\PROCESSED_DATA\Ivanov\Ivanov_20240906-115451\Ivanov_eiger2_00058_00_ave.h5
sc5600,P3HT_10perc_g_PDMS_heat_1m,P3HT|10perc|g|PDMS|heat|1m,\\Synology\Data\2024\sc5600\id02\20240906\PROCESSED_DATA\Ivanov\Ivanov_20240906-115451\Ivanov_eiger2_00059_00_ave.h5
sc5600,P3HT_10perc_g_PDMS_cool_1m,P3HT|10perc|g|PDMS|cool|1m,\\Synology\Data\2024\sc5600\id02\20240906\PROCESSED_DATA\Ivanov\Ivanov_20240906-115451\Ivanov_eiger2_00060_00_ave.h5
sc5600,P3HT_20perc_g_PDMS_1m_repeat,P3HT|20perc|g|PDMS|1m|repeat,\\Synology\Data\2024\sc5600\id02\20240906\PROCESSED_DATA\Ivanov\Ivanov_20240906-115451\Ivanov_eiger2_00061_00_ave.h5
sc5600,P3HT_20perc_g_PDMS_heat_1m_repeat,P3HT|20perc|g|PDMS|heat|1m|repeat,\\Synology\Data\2024\sc5600\id02\20240906\PROCESSED_DATA\Ivanov\Ivanov_20240906-115451\Ivanov_eiger2_00062_00_ave.h5
sc5600,P3HT_20perc_g_PDMS_cool_1m_repeat,P3HT|20perc|g|PDMS|cool|1m|repeat,\\Synology\Data\2024\sc5600\id02\20240906\PROCESSED_DATA\Ivanov\Ivanov_20240906-115451\Ivanov_eiger2_00063_00_ave.h5
sc5600,P3HT_15perc_g_PDMS_1m_repeat,P3HT|15perc|g|PDMS|1m|repeat,\\Synology\Data\2024\sc5600\id02\20240906\PROCESSED_DATA\Ivanov\Ivanov_20240906-115451\Ivanov_eiger2_00064_00_ave.h5
sc5600,P3HT_15perc_g_PDMS_1m_repeat_bis,P3HT|15perc|g|PDMS|1m|repeat|bis,\\Synology\Data\2024\sc5600\id02\20240906\PROCESSED_DATA\Ivanov\Ivanov_20240906-115451\Ivanov_eiger2_00065_00_ave.h5
sc5600,P3HT_15perc_g_PDMS_heat_1m_repeat,P3HT|15perc|g|PDMS|heat|1m|repeat,\\Synology\Data\2024\sc5600\id02\20240906\PROCESSED_DATA\Ivanov\Ivanov_20240906-115451\Ivanov_eiger2_00066_00_ave.h5
sc5600,P3HT_15perc_g_PDMS_cool_1m_repeat,P3HT|15perc|g|PDMS|cool|1m|repeat,\\Synology\Data\2024\sc5600\id02\20240906\PROCESSED_DATA\Ivanov\Ivanov_20240906-115451\Ivanov_eiger2_00067_00_ave.h5
sc5600,EM_HDI,EM|HDI,\\Synology\Data\2024\sc5600\id02\20240906\PROCESSED_DATA\Ivanov\Ivanov_20240906-115451\Ivanov_eiger2_00068_00_ave.h5
sc5600,EM_HDI_13m,EM|HDI|13m,\\Synology\Data\2024\sc5600\id02\20240906\PROCESSED_DATA\Ivanov\Ivanov_20240906-115451\Ivanov_eiger2_00069_00_ave.h5
sc5600,EM_1N_13m,EM|1N|13m,\\Synology\Data\2024\sc5600\id02\20240906\PROCESSED_DATA\Ivanov\Ivanov_20240906-115451\Ivanov_eiger2_00071_00_ave.h5
sc5600,EM_2N_13m_1s,EM|2N|13m|1s,\\Synology\Data\2024\sc5600\id02\20240906\PROCESSED_DATA\Ivanov\Ivanov_20240906-115451\Ivanov_eiger2_00072_00_ave.h5
sc5600,Linkam_empty_13m_0_5s_micawindow,Linkam|empty|13m|0|5s|micawindow,\\Synology\Data\2024\sc5600\id02\20240906\PROCESSED_DATA\Ivanov\Ivanov_20240906-115451\Ivanov_eiger2_00073_00_ave.h5
sc5600,Linkam_empty_13m_1s_micawindow,Linkam|empty|13m|1s|micawindow,\\Synology\Data\2024\sc5600\id02\20240906\PROCESSED_DATA\Ivanov\Ivanov_20240906-115451\Ivanov_eiger2_00074_00_ave.h5
sc5600,EM_2N_1m_1s,EM|2N|1m|1s,\\Synology\Data\2024\sc5600\id02\20240906\PROCESSED_DATA\Ivanov\Ivanov_20240906-115451\Ivanov_eiger2_00083_00_ave.h5
sc5600,EM_1N_1m_1s,EM|1N|1m|1s,\\Synology\Data\2024\sc5600\id02\20240906\PROCESSED_DATA\Ivanov\Ivanov_20240906-115451\Ivanov_eiger2_00084_00_ave.h5
sc5600,EM_NOH_ng_2_elastomer_1m_1s,EM|NOH|ng|2|elastomer|1m|1s,\\Synology\Data\2024\sc5600\id02\20240906\PROCESSED_DATA\Ivanov\Ivanov_20240906-115451\Ivanov_eiger2_00085_00_ave.h5
sc5600,EM_NOH_ng_2_elastomer_13m_1s,EM|NOH|ng|2|elastomer|13m|1s,\\Synology\Data\2024\sc5600\id02\20240906\PROCESSED_DATA\Ivanov\Ivanov_20240906-115451\Ivanov_eiger2_00086_00_ave.h5
sc5600,EM_NOH_ng_2_elastomer_13m_1s_30C,EM|NOH|ng|2|elastomer|13m|1s|30C,\\Synology\Data\2024\sc5600\id02\20240906\PROCESSED_DATA\Ivanov\Ivanov_20240906-115451\Ivanov_eiger2_00087_00_ave.h5
sc5600,EM_NOH_ng_2_elastomer_13m_1s_40C,EM|NOH|ng|2|elastomer|13m|1s|40C,\\Synology\Data\2024\sc5600\id02\20240906\PROCESSED_DATA\Ivanov\Ivanov_20240906-115451\Ivanov_eiger2_00088_00_ave.h5
sc5600,EM_NOH_ng_2_elastomer_13m_1s_50C,EM|NOH|ng|2|elastomer|13m|1s|50C,\\Synology\Data\2024\sc5600\id02\20240906\PROCESSED_DATA\Ivanov\Ivanov_20240906-115451\Ivanov_eiger2_00089_00_ave.h5
sc5600,EM_NOH_ng_2_elastomer_13m_1s_75C,EM|NOH|ng|2|elastomer|13m|1s|75C,\\Synology\Data\2024\sc5600\id02\20240906\PROCESSED_DATA\Ivanov\Ivanov_20240906-115451\Ivanov_eiger2_00090_00_ave.h5
sc5600,EM_NOH_ng_2_elastomer_13m_1s_75C_bis,EM|NOH|ng|2|elastomer|13m|1s|75C|bis,\\Synology\Data\2024\sc5600\id02\20240906\PROCESSED_DATA\Ivanov\Ivanov_20240906-115451\Ivanov_eiger2_00091_00_ave.h5
sc5600,EM_NOH_ng_2_elastomer_1m_1s_75C,EM|NOH|ng|2|elastomer|1m|1s|75C,\\Synology\Data\2024\sc5600\id02\20240906\PROCESSED_DATA\Ivanov\Ivanov_20240906-115451\Ivanov_eiger2_00092_00_ave.h5
sc5600,RadTest_PEG_PNIPAM_576_74_7.5%_003,RadTest|PEG|PNIPAM|576|74|7.5%|003,\\Synology\Data\2024\sc5600\id02\20240906\PROCESSED_DATA\Ivanov\Ivanov_20240906-115451\Ivanov_eiger2_00099_00_ave.h5
sc5600,RadTest_PEG_PNIPAM_576_74_7.5%_01,RadTest|PEG|PNIPAM|576|74|7.5%|01,\\Synology\Data\2024\sc5600\id02\20240906\PROCESSED_DATA\Ivanov\Ivanov_20240906-115451\Ivanov_eiger2_00100_00_ave.h5
sc5600,RadTest_PEG_PNIPAM_576_74_7.5%_03,RadTest|PEG|PNIPAM|576|74|7.5%|03,\\Synology\Data\2024\sc5600\id02\20240906\PROCESSED_DATA\Ivanov\Ivanov_20240906-115451\Ivanov_eiger2_00101_00_ave.h5
sc5600,RadTest_PEG_PNIPAM_576_74_7.5%_1,RadTest|PEG|PNIPAM|576|74|7.5%|1,\\Synology\Data\2024\sc5600\id02\20240906\PROCESSED_DATA\Ivanov\Ivanov_20240906-115451\Ivanov_eiger2_00102_00_ave.h5
sc5600,RadTest_PEG_PNIPAM_576_74_7.5%_3,RadTest|PEG|PNIPAM|576|74|7.5%|3,\\Synology\Data\2024\sc5600\id02\20240906\PROCESSED_DATA\Ivanov\Ivanov_20240906-115451\Ivanov_eiger2_00103_00_ave.h5
sc5600,RadTest_PEG_PNIPAM_576_74_7.5%_10,RadTest|PEG|PNIPAM|576|74|7.5%|10,\\Synology\Data\2024\sc5600\id02\20240906\PROCESSED_DATA\Ivanov\Ivanov_20240906-115451\Ivanov_eiger2_00105_00_ave.h5
sc5600,RadTest_PEG_PNIPAM_576_74_7.5%,RadTest|PEG|PNIPAM|576|74|7.5%,\\Synology\Data\2024\sc5600\id02\20240906\PROCESSED_DATA\Ivanov\Ivanov_20240906-115451\Ivanov_eiger2_00113_00_ave.h5
sc5600,PEG_PNIPAM_576_74_7.5%_1C/min_15_55C,PEG|PNIPAM|576|74|7.5%|1C/min|15|55C,\\Synology\Data\2024\sc5600\id02\20240906\PROCESSED_DATA\Ivanov\Ivanov_20240906-115451\Ivanov_eiger2_00114_00_ave.h5
sc5600,PEG_PNIPAM_576_74_7.5%_1C/min_55_15C,PEG|PNIPAM|576|74|7.5%|1C/min|55|15C,\\Synology\Data\2024\sc5600\id02\20240906\PROCESSED_DATA\Ivanov\Ivanov_20240906-115451\Ivanov_eiger2_00115_00_ave.h5
sc5600,PEG_PNIPAM_576_24_10perc_statics_15C,PEG|PNIPAM|576|24|10perc|statics|15C,\\Synology\Data\2024\sc5600\id02\20240906\PROCESSED_DATA\Ivanov\Ivanov_20240906-115451\Ivanov_eiger2_00118_00_ave.h5
sc5600,PEG_PNIPAM_576_24_10%_1C/min_15_55C,PEG|PNIPAM|576|24|10%|1C/min|15|55C,\\Synology\Data\2024\sc5600\id02\20240906\PROCESSED_DATA\Ivanov\Ivanov_20240906-115451\Ivanov_eiger2_00119_00_ave.h5
sc5600,PEG_PNIPAM_576_24_10%_1C/min_55_15C,PEG|PNIPAM|576|24|10%|1C/min|55|15C,\\Synology\Data\2024\sc5600\id02\20240906\PROCESSED_DATA\Ivanov\Ivanov_20240906-115451\Ivanov_eiger2_00121_00_ave.h5
sc5600,PEG_PNIPAM_576_24_15%_1C/min_15_55C_repeat,PEG|PNIPAM|576|24|15%|1C/min|15|55C|repeat,\\Synology\Data\2024\sc5600\id02\20240906\PROCESSED_DATA\Ivanov\Ivanov_20240906-115451\Ivanov_eiger2_00124_00_ave.h5
sc5600,PEG_PNIPAM_576_24_15%_1C/min_55_15C_repeat,PEG|PNIPAM|576|24|15%|1C/min|55|15C|repeat,\\Synology\Data\2024\sc5600\id02\20240906\PROCESSED_DATA\Ivanov\Ivanov_20240906-115451\Ivanov_eiger2_00127_00_ave.h5
sc5600,PEG_PNIPAM_576_12_10%_1C/min_15_55C,PEG|PNIPAM|576|12|10%|1C/min|15|55C,\\Synology\Data\2024\sc5600\id02\20240906\PROCESSED_DATA\Ivanov\Ivanov_20240906-115451\Ivanov_eiger2_00129_00_ave.h5
sc5600,PEG_PNIPAM_576_12_10%_1C/min_15_55C_bis,PEG|PNIPAM|576|12|10%|1C/min|15|55C|bis,\\Synology\Data\2024\sc5600\id02\20240906\PROCESSED_DATA\Ivanov\Ivanov_20240906-115451\Ivanov_eiger2_00130_00_ave.h5
sc5600,PEG_PNIPAM_576_12_10%_1C/min_55_15C,PEG|PNIPAM|576|12|10%|1C/min|55|15C,\\Synology\Data\2024\sc5600\id02\20240906\PROCESSED_DATA\Ivanov\Ivanov_20240906-115451\Ivanov_eiger2_00134_00_ave.h5
sc5600,Water_capillary_2mm_0_1s,Water|capillary|2mm|0|1s,\\Synology\Data\2024\sc5600\id02\20240906\PROCESSED_DATA\Ivanov\Ivanov_20240906-115451\Ivanov_eiger2_00136_00_ave.h5
sc5600,Water_capillary_2mm_0_2s,Water|capillary|2mm|0|2s,\\Synology\Data\2024\sc5600\id02\20240906\PROCESSED_DATA\Ivanov\Ivanov_20240906-115451\Ivanov_eiger2_00137_00_ave.h5
sc5600,Water_capillary_2mm_0_1s_bis,Water|capillary|2mm|0|1s|bis,\\Synology\Data\2024\sc5600\id02\20240906\PROCESSED_DATA\Ivanov\Ivanov_20240906-115451\Ivanov_eiger2_00138_00_ave.h5
sc5600,Water_capillary_2mm_0_2s_bis,Water|capillary|2mm|0|2s|bis,\\Synology\Data\2024\sc5600\id02\20240906\PROCESSED_DATA\Ivanov\Ivanov_20240906-115451\Ivanov_eiger2_00142_00_ave.h5
sc5600,PEG_PNIPAM_576_6_10%_1C/min_15_55C,PEG|PNIPAM|576|6|10%|1C/min|15|55C,\\Synology\Data\2024\sc5600\id02\20240906\PROCESSED_DATA\Ivanov\Ivanov_20240906-115451\Ivanov_eiger2_00144_00_ave.h5
sc5600,PEG_PNIPAM_576_6_10%_1C/min_55_15C,PEG|PNIPAM|576|6|10%|1C/min|55|15C,\\Synology\Data\2024\sc5600\id02\20240906\PROCESSED_DATA\Ivanov\Ivanov_20240906-115451\Ivanov_eiger2_00146_00_ave.h5
sc5600,PEG_PNIPAM_576_24_5%_1C/min_15_55C,PEG|PNIPAM|576|24|5%|1C/min|15|55C,\\Synology\Data\2024\sc5600\id02\20240906\PROCESSED_DATA\Ivanov\Ivanov_20240906-115451\Ivanov_eiger2_00148_00_ave.h5
sc5600,PEG_PNIPAM_576_24_5%_1C/min_55_15C,PEG|PNIPAM|576|24|5%|1C/min|55|15C,\\Synology\Data\2024\sc5600\id02\20240906\PROCESSED_DATA\Ivanov\Ivanov_20240906-115451\Ivanov_eiger2_00150_00_ave.h5
sc5600,EM_ng_2_NOH_elastomer_1_7m_20C,EM|ng|2|NOH|elastomer|1|7m|20C,\\Synology\Data\2024\sc5600\id02\20240906\PROCESSED_DATA\Ivanov\Ivanov_20240906-115451\Ivanov_eiger2_00151_00_ave.h5
sc5600,EM_ng_2_NOH_elastomer_1m_30C,EM|ng|2|NOH|elastomer|1m|30C,\\Synology\Data\2024\sc5600\id02\20240906\PROCESSED_DATA\Ivanov\Ivanov_20240906-115451\Ivanov_eiger2_00152_00_ave.h5
sc5600,EM_ng_2_NOH_elastomer_1m_20C,EM|ng|2|NOH|elastomer|1m|20C,\\Synology\Data\2024\sc5600\id02\20240906\PROCESSED_DATA\Ivanov\Ivanov_20240906-115451\Ivanov_eiger2_00153_00_ave.h5
sc5600,EM_ng_2_NOH_elastomer_1m_40C,EM|ng|2|NOH|elastomer|1m|40C,\\Synology\Data\2024\sc5600\id02\20240906\PROCESSED_DATA\Ivanov\Ivanov_20240906-115451\Ivanov_eiger2_00154_00_ave.h5
sc5600,EM_ng_2_NOH_elastomer_1m_50C,EM|ng|2|NOH|elastomer|1m|50C,\\Synology\Data\2024\sc5600\id02\20240906\PROCESSED_DATA\Ivanov\Ivanov_20240906-115451\Ivanov_eiger2_00155_00_ave.h5
sc5600,EM_ng_2_NOH_elastomer_1m_75C,EM|ng|2|NOH|elastomer|1m|75C,\\Synology\Data\2024\sc5600\id02\20240906\PROCESSED_DATA\Ivanov\Ivanov_20240906-115451\Ivanov_eiger2_00156_00_ave.h5
sc5600,EM_ng_4_NOH_elastomer_1m_20C,EM|ng|4|NOH|elastomer|1m|20C,\\Synology\Data\2024\sc5600\id02\20240906\PROCESSED_DATA\Ivanov\Ivanov_20240906-115451\Ivanov_eiger2_00157_00_ave.h5
sc5600,EM_ng_4_NOH_elastomer_1m_30C,EM|ng|4|NOH|elastomer|1m|30C,\\Synology\Data\2024\sc5600\id02\20240906\PROCESSED_DATA\Ivanov\Ivanov_20240906-115451\Ivanov_eiger2_00158_00_ave.h5
sc5600,EM_ng_4_NOH_elastomer_1m_40C,EM|ng|4|NOH|elastomer|1m|40C,\\Synology\Data\2024\sc5600\id02\20240906\PROCESSED_DATA\Ivanov\Ivanov_20240906-115451\Ivanov_eiger2_00159_00_ave.h5
sc5600,EM_ng_4_NOH_elastomer_1m_50C,EM|ng|4|NOH|elastomer|1m|50C,\\Synology\Data\2024\sc5600\id02\20240906\PROCESSED_DATA\Ivanov\Ivanov_20240906-115451\Ivanov_eiger2_00160_00_ave.h5
sc5600,EM_ng_4_NOH_elastomer_1m_75C,EM|ng|4|NOH|elastomer|1m|75C,\\Synology\Data\2024\sc5600\id02\20240906\PROCESSED_DATA\Ivanov\Ivanov_20240906-115451\Ivanov_eiger2_00161_00_ave.h5
sc5600,EM_NPDMS_1m_20C,EM|NPDMS|1m|20C,\\Synology\Data\2024\sc5600\id02\20240906\PROCESSED_DATA\Ivanov\Ivanov_20240906-115451\Ivanov_eiger2_00162_00_ave.h5
sc5600,EM_NPDMS_1m_30C,EM|NPDMS|1m|30C,\\Synology\Data\2024\sc5600\id02\20240906\PROCESSED_DATA\Ivanov\Ivanov_20240906-115451\Ivanov_eiger2_00163_00_ave.h5
sc5600,EM_NPDMS_1m_40C,EM|NPDMS|1m|40C,\\Synology\Data\2024\sc5600\id02\20240906\PROCESSED_DATA\Ivanov\Ivanov_20240906-115451\Ivanov_eiger2_00164_00_ave.h5
sc5600,EM_NPDMS_1m_50C,EM|NPDMS|1m|50C,\\Synology\Data\2024\sc5600\id02\20240906\PROCESSED_DATA\Ivanov\Ivanov_20240906-115451\Ivanov_eiger2_00165_00_ave.h5
sc5600,EM_NPDMS_1m_75C,EM|NPDMS|1m|75C,\\Synology\Data\2024\sc5600\id02\20240906\PROCESSED_DATA\Ivanov\Ivanov_20240906-115451\Ivanov_eiger2_00166_00_ave.h5
sc5600,EM_NDH_ng_2_melt_1m_20C,EM|NDH|ng|2|melt|1m|20C,\\Synology\Data\2024\sc5600\id02\20240906\PROCESSED_DATA\Ivanov\Ivanov_20240906-115451\Ivanov_eiger2_00167_00_ave.h5
sc5600,EM_NDH_ng_2_melt_1m_30C,EM|NDH|ng|2|melt|1m|30C,\\Synology\Data\2024\sc5600\id02\20240906\PROCESSED_DATA\Ivanov\Ivanov_20240906-115451\Ivanov_eiger2_00168_00_ave.h5
sc5600,EM_NDH_ng_2_melt_1m_40C,EM|NDH|ng|2|melt|1m|40C,\\Synology\Data\2024\sc5600\id02\20240906\PROCESSED_DATA\Ivanov\Ivanov_20240906-115451\Ivanov_eiger2_00169_00_ave.h5
sc5600,EM_NDH_ng_2_melt_1m_50C,EM|NDH|ng|2|melt|1m|50C,\\Synology\Data\2024\sc5600\id02\20240906\PROCESSED_DATA\Ivanov\Ivanov_20240906-115451\Ivanov_eiger2_00170_00_ave.h5
sc5600,EM_NDH_ng_2_melt_1m_75C,EM|NDH|ng|2|melt|1m|75C,\\Synology\Data\2024\sc5600\id02\20240906\PROCESSED_DATA\Ivanov\Ivanov_20240906-115451\Ivanov_eiger2_00171_00_ave.h5
sc5600,EM_NDH_ng_2_melt_1m_20C_sheared,EM|NDH|ng|2|melt|1m|20C|sheared,\\Synology\Data\2024\sc5600\id02\20240906\PROCESSED_DATA\Ivanov\Ivanov_20240906-115451\Ivanov_eiger2_00172_00_ave.h5
sc5600,EM_NDH_ng_2_melt_1m_20C_sheared_bis,EM|NDH|ng|2|melt|1m|20C|sheared|bis,\\Synology\Data\2024\sc5600\id02\20240906\PROCESSED_DATA\Ivanov\Ivanov_20240906-115451\Ivanov_eiger2_00173_00_ave.h5
sc5600,Kapton_scotch,Kapton|scotch,\\Synology\Data\2024\sc5600\id02\20240906\PROCESSED_DATA\Ivanov\Ivanov_20240906-115451\Ivanov_eiger2_00174_00_ave.h5
sc5600,EM_NDH_ng_2_melt_1m_20C_stretched,EM|NDH|ng|2|melt|1m|20C|stretched,\\Synology\Data\2024\sc5600\id02\20240906\PROCESSED_DATA\Ivanov\Ivanov_20240906-115451\Ivanov_eiger2_00175_00_ave.h5
sc5600,EM_NDH_ng_2_melt_1m_20C_stretched_bis,EM|NDH|ng|2|melt|1m|20C|stretched|bis,\\Synology\Data\2024\sc5600\id02\20240906\PROCESSED_DATA\Ivanov\Ivanov_20240906-115451\Ivanov_eiger2_00176_00_ave.h5
sc5600,EM_NDH_ng_2_melt_1m_20C_stretched_tris,EM|NDH|ng|2|melt|1m|20C|stretched|tris,\\Synology\Data\2024\sc5600\id02\20240906\PROCESSED_DATA\Ivanov\Ivanov_20240906-115451\Ivanov_eiger2_00177_00_ave.h5
sc5600,EM_NDH_ng_2_melt_1m_20C_stretched_quadris,EM|NDH|ng|2|melt|1m|20C|stretched|quadris,\\Synology\Data\2024\sc5600\id02\20240906\PROCESSED_DATA\Ivanov\Ivanov_20240906-115451\Ivanov_eiger2_00178_00_ave.h5
sc5600,EM_NDH_ng_2_melt_1m_20C_stretched_5th,EM|NDH|ng|2|melt|1m|20C|stretched|5th,\\Synology\Data\2024\sc5600\id02\20240906\PROCESSED_DATA\Ivanov\Ivanov_20240906-115451\Ivanov_eiger2_00179_00_ave.h5
sc5600,EM_NDH_ng_2_melt_1m_20C_stretched_6th,EM|NDH|ng|2|melt|1m|20C|stretched|6th,\\Synology\Data\2024\sc5600\id02\20240906\PROCESSED_DATA\Ivanov\Ivanov_20240906-115451\Ivanov_eiger2_00180_00_ave.h5
sc5600,EM_NDH_ng_4_melt_1m_20C,EM|NDH|ng|4|melt|1m|20C,\\Synology\Data\2024\sc5600\id02\20240906\PROCESSED_DATA\Ivanov\Ivanov_20240906-115451\Ivanov_eiger2_00181_00_ave.h5
sc5600,EM_NDH_ng_4_melt_1m_30C,EM|NDH|ng|4|melt|1m|30C,\\Synology\Data\2024\sc5600\id02\20240906\PROCESSED_DATA\Ivanov\Ivanov_20240906-115451\Ivanov_eiger2_00182_00_ave.h5
sc5600,EM_NDH_ng_4_melt_1m_40C,EM|NDH|ng|4|melt|1m|40C,\\Synology\Data\2024\sc5600\id02\20240906\PROCESSED_DATA\Ivanov\Ivanov_20240906-115451\Ivanov_eiger2_00183_00_ave.h5
sc5600,EM_NDH_ng_4_melt_1m_50C,EM|NDH|ng|4|melt|1m|50C,\\Synology\Data\2024\sc5600\id02\20240906\PROCESSED_DATA\Ivanov\Ivanov_20240906-115451\Ivanov_eiger2_00184_00_ave.h5
sc5600,EM_NDH_ng_4_melt_1m_75C,EM|NDH|ng|4|melt|1m|75C,\\Synology\Data\2024\sc5600\id02\20240906\PROCESSED_DATA\Ivanov\Ivanov_20240906-115451\Ivanov_eiger2_00185_00_ave.h5
sc5600,EM_NDH_ng_4_melt_1m_20C_stretched,EM|NDH|ng|4|melt|1m|20C|stretched,\\Synology\Data\2024\sc5600\id02\20240906\PROCESSED_DATA\Ivanov\Ivanov_20240906-115451\Ivanov_eiger2_00186_00_ave.h5
sc5600,EM_NDH_ng_4_melt_1m_20C_stretched_bis,EM|NDH|ng|4|melt|1m|20C|stretched|bis,\\Synology\Data\2024\sc5600\id02\20240906\PROCESSED_DATA\Ivanov\Ivanov_20240906-115451\Ivanov_eiger2_00187_00_ave.h5
sc5600,EM_NDH_ng_4_melt_1m_20C_stretched_tris,EM|NDH|ng|4|melt|1m|20C|stretched|tris,\\Synology\Data\2024\sc5600\id02\20240906\PROCESSED_DATA\Ivanov\Ivanov_20240906-115451\Ivanov_eiger2_00188_00_ave.h5
sc5600,EM_NOHPDMS_90perc_melt_1m_20C,EM|NOHPDMS|90perc|melt|1m|20C,\\Synology\Data\2024\sc5600\id02\20240906\PROCESSED_DATA\Ivanov\Ivanov_20240906-115451\Ivanov_eiger2_00189_00_ave.h5
sc5600,EM_NOHPDMS_90perc_melt_1m_30C,EM|NOHPDMS|90perc|melt|1m|30C,\\Synology\Data\2024\sc5600\id02\20240906\PROCESSED_DATA\Ivanov\Ivanov_20240906-115451\Ivanov_eiger2_00190_00_ave.h5
sc5600,EM_NOHPDMS_90perc_melt_1m_40C,EM|NOHPDMS|90perc|melt|1m|40C,\\Synology\Data\2024\sc5600\id02\20240906\PROCESSED_DATA\Ivanov\Ivanov_20240906-115451\Ivanov_eiger2_00191_00_ave.h5
sc5600,EM_NOHPDMS_90perc_melt_1m_40C_bis,EM|NOHPDMS|90perc|melt|1m|40C|bis,\\Synology\Data\2024\sc5600\id02\20240906\PROCESSED_DATA\Ivanov\Ivanov_20240906-115451\Ivanov_eiger2_00192_00_ave.h5
sc5600,EM_NOHPDMS_90perc_melt_1m_50,EM|NOHPDMS|90perc|melt|1m|50,\\Synology\Data\2024\sc5600\id02\20240906\PROCESSED_DATA\Ivanov\Ivanov_20240906-115451\Ivanov_eiger2_00193_00_ave.h5
sc5600,EM_NOHPDMS_90perc_melt_1m_75,EM|NOHPDMS|90perc|melt|1m|75,\\Synology\Data\2024\sc5600\id02\20240906\PROCESSED_DATA\Ivanov\Ivanov_20240906-115451\Ivanov_eiger2_00194_00_ave.h5
sc5600,EM_NOHPDMS_90perc_melt_1m_sheared,EM|NOHPDMS|90perc|melt|1m|sheared,\\Synology\Data\2024\sc5600\id02\20240906\PROCESSED_DATA\Ivanov\Ivanov_20240906-115451\Ivanov_eiger2_00195_00_ave.h5
sc5600,EM_NOHPDMS_90perc_melt_1m_sheared_bis,EM|NOHPDMS|90perc|melt|1m|sheared|bis,\\Synology\Data\2024\sc5600\id02\20240906\PROCESSED_DATA\Ivanov\Ivanov_20240906-115451\Ivanov_eiger2_00196_00_ave.h5
sc5600,EM_NOHPDMS_90perc_melt_1m_sheared_tris,EM|NOHPDMS|90perc|melt|1m|sheared|tris,\\Synology\Data\2024\sc5600\id02\20240906\PROCESSED_DATA\Ivanov\Ivanov_20240906-115451\Ivanov_eiger2_00197_00_ave.h5
sc5600,EM_NOHPDMS_90perc_melt_1m_sheared_4th,EM|NOHPDMS|90perc|melt|1m|sheared|4th,\\Synology\Data\2024\sc5600\id02\20240906\PROCESSED_DATA\Ivanov\Ivanov_20240906-115451\Ivanov_eiger2_00198_00_ave.h5
sc5600,EM_NOHPDMS_90perc_melt_1m_sheared_5th,EM|NOHPDMS|90perc|melt|1m|sheared|5th,\\Synology\Data\2024\sc5600\id02\20240906\PROCESSED_DATA\Ivanov\Ivanov_20240906-115451\Ivanov_eiger2_00199_00_ave.h5
sc5600,EM_NOHPDMS_90perc_melt_1m_sheared_6th,EM|NOHPDMS|90perc|melt|1m|sheared|6th,\\Synology\Data\2024\sc5600\id02\20240906\PROCESSED_DATA\Ivanov\Ivanov_20240906-115451\Ivanov_eiger2_00200_00_ave.h5
sc5600,N100_small_vial_melt_1m,N100|small|vial|melt|1m,\\Synology\Data\2024\sc5600\id02\20240906\PROCESSED_DATA\Ivanov\Ivanov_20240906-115451\Ivanov_eiger2_00201_00_ave.h5
sc5600,N100_small_vial_melt_1m_bis,N100|small|vial|melt|1m|bis,\\Synology\Data\2024\sc5600\id02\20240906\PROCESSED_DATA\Ivanov\Ivanov_20240906-115451\Ivanov_eiger2_00202_00_ave.h5
sc5600,N100_small_vial_melt_1m_30C,N100|small|vial|melt|1m|30C,\\Synology\Data\2024\sc5600\id02\20240906\PROCESSED_DATA\Ivanov\Ivanov_20240906-115451\Ivanov_eiger2_00203_00_ave.h5
sc5600,N100_small_vial_melt_1m_40C,N100|small|vial|melt|1m|40C,\\Synology\Data\2024\sc5600\id02\20240906\PROCESSED_DATA\Ivanov\Ivanov_20240906-115451\Ivanov_eiger2_00204_00_ave.h5
sc5600,N100_small_vial_melt_1m_50C,N100|small|vial|melt|1m|50C,\\Synology\Data\2024\sc5600\id02\20240906\PROCESSED_DATA\Ivanov\Ivanov_20240906-115451\Ivanov_eiger2_00205_00_ave.h5
sc5600,N100_small_vial_melt_1m_75C,N100|small|vial|melt|1m|75C,\\Synology\Data\2024\sc5600\id02\20240906\PROCESSED_DATA\Ivanov\Ivanov_20240906-115451\Ivanov_eiger2_00206_00_ave.h5
sc5600,N_0perc_small_vial_melt_1m_20C,N|0perc|small|vial|melt|1m|20C,\\Synology\Data\2024\sc5600\id02\20240906\PROCESSED_DATA\Ivanov\Ivanov_20240906-115451\Ivanov_eiger2_00207_00_ave.h5
sc5600,N_0perc_small_vial_melt_1m_20C_bis,N|0perc|small|vial|melt|1m|20C|bis,\\Synology\Data\2024\sc5600\id02\20240906\PROCESSED_DATA\Ivanov\Ivanov_20240906-115451\Ivanov_eiger2_00208_00_ave.h5
sc5600,N_0perc_small_vial_melt_1m_20C_tris,N|0perc|small|vial|melt|1m|20C|tris,\\Synology\Data\2024\sc5600\id02\20240906\PROCESSED_DATA\Ivanov\Ivanov_20240906-115451\Ivanov_eiger2_00209_00_ave.h5
sc5600,N_0perc_small_vial_melt_1m_20C_quadris,N|0perc|small|vial|melt|1m|20C|quadris,\\Synology\Data\2024\sc5600\id02\20240906\PROCESSED_DATA\Ivanov\Ivanov_20240906-115451\Ivanov_eiger2_00210_00_ave.h5
sc5600,N_0perc_small_vial_melt_1m_30C,N|0perc|small|vial|melt|1m|30C,\\Synology\Data\2024\sc5600\id02\20240906\PROCESSED_DATA\Ivanov\Ivanov_20240906-115451\Ivanov_eiger2_00211_00_ave.h5
sc5600,N_0perc_small_vial_melt_1m_40C,N|0perc|small|vial|melt|1m|40C,\\Synology\Data\2024\sc5600\id02\20240906\PROCESSED_DATA\Ivanov\Ivanov_20240906-115451\Ivanov_eiger2_00212_00_ave.h5
sc5600,N_0perc_small_vial_melt_1m_50C,N|0perc|small|vial|melt|1m|50C,\\Synology\Data\2024\sc5600\id02\20240906\PROCESSED_DATA\Ivanov\Ivanov_20240906-115451\Ivanov_eiger2_00213_00_ave.h5
sc5600,N_0perc_small_vial_melt_1m_75C,N|0perc|small|vial|melt|1m|75C,\\Synology\Data\2024\sc5600\id02\20240906\PROCESSED_DATA\Ivanov\Ivanov_20240906-115451\Ivanov_eiger2_00214_00_ave.h5
sc5600,N_90perc_small_vial_melt_1m_20C,N|90perc|small|vial|melt|1m|20C,\\Synology\Data\2024\sc5600\id02\20240906\PROCESSED_DATA\Ivanov\Ivanov_20240906-115451\Ivanov_eiger2_00215_00_ave.h5
sc5600,N_90perc_small_vial_melt_1m_30C,N|90perc|small|vial|melt|1m|30C,\\Synology\Data\2024\sc5600\id02\20240906\PROCESSED_DATA\Ivanov\Ivanov_20240906-115451\Ivanov_eiger2_00216_00_ave.h5
sc5600,N_90perc_small_vial_melt_1m_40C,N|90perc|small|vial|melt|1m|40C,\\Synology\Data\2024\sc5600\id02\20240906\PROCESSED_DATA\Ivanov\Ivanov_20240906-115451\Ivanov_eiger2_00217_00_ave.h5
sc5600,N_90perc_small_vial_melt_1m_50C,N|90perc|small|vial|melt|1m|50C,\\Synology\Data\2024\sc5600\id02\20240906\PROCESSED_DATA\Ivanov\Ivanov_20240906-115451\Ivanov_eiger2_00218_00_ave.h5
sc5600,N_90perc_small_vial_melt_1m_75C,N|90perc|small|vial|melt|1m|75C,\\Synology\Data\2024\sc5600\id02\20240906\PROCESSED_DATA\Ivanov\Ivanov_20240906-115451\Ivanov_eiger2_00219_00_ave.h5
sc5600,N_80perc_small_vial_melt_1m_20C,N|80perc|small|vial|melt|1m|20C,\\Synology\Data\2024\sc5600\id02\20240906\PROCESSED_DATA\Ivanov\Ivanov_20240906-115451\Ivanov_eiger2_00220_00_ave.h5
sc5600,N_80perc_small_vial_melt_1m_30C,N|80perc|small|vial|melt|1m|30C,\\Synology\Data\2024\sc5600\id02\20240906\PROCESSED_DATA\Ivanov\Ivanov_20240906-115451\Ivanov_eiger2_00221_00_ave.h5
sc5600,N_80perc_small_vial_melt_1m_40C,N|80perc|small|vial|melt|1m|40C,\\Synology\Data\2024\sc5600\id02\20240906\PROCESSED_DATA\Ivanov\Ivanov_20240906-115451\Ivanov_eiger2_00222_00_ave.h5
sc5600,N_80perc_small_vial_melt_1m_50C,N|80perc|small|vial|melt|1m|50C,\\Synology\Data\2024\sc5600\id02\20240906\PROCESSED_DATA\Ivanov\Ivanov_20240906-115451\Ivanov_eiger2_00223_00_ave.h5
sc5600,N_80perc_small_vial_melt_1m_75C,N|80perc|small|vial|melt|1m|75C,\\Synology\Data\2024\sc5600\id02\20240906\PROCESSED_DATA\Ivanov\Ivanov_20240906-115451\Ivanov_eiger2_00224_00_ave.h5
sc5600,N_50perc_small_vial_melt_1m_20C,N|50perc|small|vial|melt|1m|20C,\\Synology\Data\2024\sc5600\id02\20240906\PROCESSED_DATA\Ivanov\Ivanov_20240906-115451\Ivanov_eiger2_00225_00_ave.h5
sc5600,N_50perc_small_vial_melt_1m_20C_bis,N|50perc|small|vial|melt|1m|20C|bis,\\Synology\Data\2024\sc5600\id02\20240906\PROCESSED_DATA\Ivanov\Ivanov_20240906-115451\Ivanov_eiger2_00226_00_ave.h5
sc5600,N_50perc_small_vial_melt_1m_30C,N|50perc|small|vial|melt|1m|30C,\\Synology\Data\2024\sc5600\id02\20240906\PROCESSED_DATA\Ivanov\Ivanov_20240906-115451\Ivanov_eiger2_00227_00_ave.h5
sc5600,N_50perc_small_vial_melt_1m_30C_bis,N|50perc|small|vial|melt|1m|30C|bis,\\Synology\Data\2024\sc5600\id02\20240906\PROCESSED_DATA\Ivanov\Ivanov_20240906-115451\Ivanov_eiger2_00228_00_ave.h5
sc5600,N_50perc_small_vial_melt_1m_40C,N|50perc|small|vial|melt|1m|40C,\\Synology\Data\2024\sc5600\id02\20240906\PROCESSED_DATA\Ivanov\Ivanov_20240906-115451\Ivanov_eiger2_00229_00_ave.h5
sc5600,N_50perc_small_vial_melt_1m_40C_bis,N|50perc|small|vial|melt|1m|40C|bis,\\Synology\Data\2024\sc5600\id02\20240906\PROCESSED_DATA\Ivanov\Ivanov_20240906-115451\Ivanov_eiger2_00230_00_ave.h5
sc5600,N_50perc_small_vial_melt_1m_50C,N|50perc|small|vial|melt|1m|50C,\\Synology\Data\2024\sc5600\id02\20240906\PROCESSED_DATA\Ivanov\Ivanov_20240906-115451\Ivanov_eiger2_00231_00_ave.h5
sc5600,N_50perc_small_vial_melt_1m_50C_bis,N|50perc|small|vial|melt|1m|50C|bis,\\Synology\Data\2024\sc5600\id02\20240906\PROCESSED_DATA\Ivanov\Ivanov_20240906-115451\Ivanov_eiger2_00232_00_ave.h5
sc5600,N_50perc_small_vial_melt_1m_75C,N|50perc|small|vial|melt|1m|75C,\\Synology\Data\2024\sc5600\id02\20240906\PROCESSED_DATA\Ivanov\Ivanov_20240906-115451\Ivanov_eiger2_00233_00_ave.h5
sc5600,N_50perc_small_vial_melt_1m_75C_bis,N|50perc|small|vial|melt|1m|75C|bis,\\Synology\Data\2024\sc5600\id02\20240906\PROCESSED_DATA\Ivanov\Ivanov_20240906-115451\Ivanov_eiger2_00234_00_ave.h5
sc5600,N_20perc_small_vial_melt_1m_20C,N|20perc|small|vial|melt|1m|20C,\\Synology\Data\2024\sc5600\id02\20240906\PROCESSED_DATA\Ivanov\Ivanov_20240906-115451\Ivanov_eiger2_00235_00_ave.h5
sc5600,N_20perc_small_vial_melt_1m_20C_bis,N|20perc|small|vial|melt|1m|20C|bis,\\Synology\Data\2024\sc5600\id02\20240906\PROCESSED_DATA\Ivanov\Ivanov_20240906-115451\Ivanov_eiger2_00236_00_ave.h5
sc5600,N_20perc_small_vial_melt_1m_30C,N|20perc|small|vial|melt|1m|30C,\\Synology\Data\2024\sc5600\id02\20240906\PROCESSED_DATA\Ivanov\Ivanov_20240906-115451\Ivanov_eiger2_00237_00_ave.h5
sc5600,N_20perc_small_vial_melt_1m_30C_bis,N|20perc|small|vial|melt|1m|30C|bis,\\Synology\Data\2024\sc5600\id02\20240906\PROCESSED_DATA\Ivanov\Ivanov_20240906-115451\Ivanov_eiger2_00238_00_ave.h5
sc5600,N_20perc_small_vial_melt_1m_40C,N|20perc|small|vial|melt|1m|40C,\\Synology\Data\2024\sc5600\id02\20240906\PROCESSED_DATA\Ivanov\Ivanov_20240906-115451\Ivanov_eiger2_00239_00_ave.h5
sc5600,N_20perc_small_vial_melt_1m_40C_bis,N|20perc|small|vial|melt|1m|40C|bis,\\Synology\Data\2024\sc5600\id02\20240906\PROCESSED_DATA\Ivanov\Ivanov_20240906-115451\Ivanov_eiger2_00240_00_ave.h5
sc5600,N_20perc_small_vial_melt_1m_50C,N|20perc|small|vial|melt|1m|50C,\\Synology\Data\2024\sc5600\id02\20240906\PROCESSED_DATA\Ivanov\Ivanov_20240906-115451\Ivanov_eiger2_00241_00_ave.h5
sc5600,N_20perc_small_vial_melt_1m_50C_bis,N|20perc|small|vial|melt|1m|50C|bis,\\Synology\Data\2024\sc5600\id02\20240906\PROCESSED_DATA\Ivanov\Ivanov_20240906-115451\Ivanov_eiger2_00242_00_ave.h5
sc5600,N_20perc_small_vial_melt_1m_75C,N|20perc|small|vial|melt|1m|75C,\\Synology\Data\2024\sc5600\id02\20240906\PROCESSED_DATA\Ivanov\Ivanov_20240906-115451\Ivanov_eiger2_00243_00_ave.h5
sc5600,N_20perc_small_vial_melt_1m_75C_bis,N|20perc|small|vial|melt|1m|75C|bis,\\Synology\Data\2024\sc5600\id02\20240906\PROCESSED_DATA\Ivanov\Ivanov_20240906-115451\Ivanov_eiger2_00244_00_ave.h5
sc5600,NOH_20perc_small_vial_melt_1m_30C,NOH|20perc|small|vial|melt|1m|30C,\\Synology\Data\2024\sc5600\id02\20240906\PROCESSED_DATA\Ivanov\Ivanov_20240906-115451\Ivanov_eiger2_00245_00_ave.h5
sc5600,NOH_20perc_small_vial_melt_1m_30C_bis,NOH|20perc|small|vial|melt|1m|30C|bis,\\Synology\Data\2024\sc5600\id02\20240906\PROCESSED_DATA\Ivanov\Ivanov_20240906-115451\Ivanov_eiger2_00246_00_ave.h5
sc5600,NOH_20perc_small_vial_melt_1m_40C,NOH|20perc|small|vial|melt|1m|40C,\\Synology\Data\2024\sc5600\id02\20240906\PROCESSED_DATA\Ivanov\Ivanov_20240906-115451\Ivanov_eiger2_00247_00_ave.h5
sc5600,NOH_20perc_small_vial_melt_1m_40C_bis,NOH|20perc|small|vial|melt|1m|40C|bis,\\Synology\Data\2024\sc5600\id02\20240906\PROCESSED_DATA\Ivanov\Ivanov_20240906-115451\Ivanov_eiger2_00248_00_ave.h5
sc5600,NOH_20perc_small_vial_melt_1m_50C,NOH|20perc|small|vial|melt|1m|50C,\\Synology\Data\2024\sc5600\id02\20240906\PROCESSED_DATA\Ivanov\Ivanov_20240906-115451\Ivanov_eiger2_00249_00_ave.h5
sc5600,NOH_20perc_small_vial_melt_1m_50C_bis,NOH|20perc|small|vial|melt|1m|50C|bis,\\Synology\Data\2024\sc5600\id02\20240906\PROCESSED_DATA\Ivanov\Ivanov_20240906-115451\Ivanov_eiger2_00250_00_ave.h5
sc5600,NOH_20perc_small_vial_melt_1m_75C,NOH|20perc|small|vial|melt|1m|75C,\\Synology\Data\2024\sc5600\id02\20240906\PROCESSED_DATA\Ivanov\Ivanov_20240906-115451\Ivanov_eiger2_00251_00_ave.h5
sc5600,NOH_20perc_small_vial_melt_1m_75C_bis,NOH|20perc|small|vial|melt|1m|75C|bis,\\Synology\Data\2024\sc5600\id02\20240906\PROCESSED_DATA\Ivanov\Ivanov_20240906-115451\Ivanov_eiger2_00252_00_ave.h5
sc5600,P50_2_1_to_1_blemd_20C,P50|2|1|to|1|blemd|20C,\\Synology\Data\2024\sc5600\id02\20240906\PROCESSED_DATA\Ivanov\Ivanov_20240906-115451\Ivanov_eiger2_00253_00_ave.h5
sc5600,P50_2_1_to_1_blend_20C,P50|2|1|to|1|blend|20C,\\Synology\Data\2024\sc5600\id02\20240906\PROCESSED_DATA\Ivanov\Ivanov_20240906-115451\Ivanov_eiger2_00254_00_ave.h5
sc5600,P50_2_1_to_1_Heat_10deg_min,P50|2|1|to|1|Heat|10deg|min,\\Synology\Data\2024\sc5600\id02\20240906\PROCESSED_DATA\Ivanov\Ivanov_20240906-115451\Ivanov_eiger2_00255_00_ave.h5
sc5600,P50_2_1_to_1_Heat_10deg_min_bis,P50|2|1|to|1|Heat|10deg|min|bis,\\Synology\Data\2024\sc5600\id02\20240906\PROCESSED_DATA\Ivanov\Ivanov_20240906-115451\Ivanov_eiger2_00256_00_ave.h5
sc5600,P50_2_1_to_1_Cooling_10deg_min,P50|2|1|to|1|Cooling|10deg|min,\\Synology\Data\2024\sc5600\id02\20240906\PROCESSED_DATA\Ivanov\Ivanov_20240906-115451\Ivanov_eiger2_00257_00_ave.h5
sc5600,P50_2_blend_1_to_9_20C,P50|2|blend|1|to|9|20C,\\Synology\Data\2024\sc5600\id02\20240906\PROCESSED_DATA\Ivanov\Ivanov_20240906-115451\Ivanov_eiger2_00258_00_ave.h5
sc5600,PEG_PNIPAM_576_24_3_5%_1C/min_15_55C,PEG|PNIPAM|576|24|3|5%|1C/min|15|55C,\\Synology\Data\2024\sc5600\id02\20240906\PROCESSED_DATA\Ivanov\Ivanov_20240906-115451\Ivanov_eiger2_00261_00_ave.h5
sc5600,PEG_PNIPAM_576_24_3_5%_1C/min_55_15C,PEG|PNIPAM|576|24|3|5%|1C/min|55|15C,\\Synology\Data\2024\sc5600\id02\20240906\PROCESSED_DATA\Ivanov\Ivanov_20240906-115451\Ivanov_eiger2_00263_00_ave.h5
sc5600,PEG_PNIPAM_576_24_3_5%_1_7m_15C,PEG|PNIPAM|576|24|3|5%|1|7m|15C,\\Synology\Data\2024\sc5600\id02\20240906\PROCESSED_DATA\Ivanov\Ivanov_20240906-115451\Ivanov_eiger2_00265_00_ave.h5
sc5600,Water_capill_2mm_1_7m_15C,Water|capill|2mm|1|7m|15C,\\Synology\Data\2024\sc5600\id02\20240906\PROCESSED_DATA\Ivanov\Ivanov_20240906-115451\Ivanov_eiger2_00267_00_ave.h5
sc5600,PEG_PNIPAM_576_24_1_75perc_1_7m_15C,PEG|PNIPAM|576|24|1|75perc|1|7m|15C,\\Synology\Data\2024\sc5600\id02\20240906\PROCESSED_DATA\Ivanov\Ivanov_20240906-115451\Ivanov_eiger2_00269_00_ave.h5
sc5600,PEG_PNIPAM_576_24_1_75%_1C/min_15_55C,PEG|PNIPAM|576|24|1|75%|1C/min|15|55C,\\Synology\Data\2024\sc5600\id02\20240906\PROCESSED_DATA\Ivanov\Ivanov_20240906-115451\Ivanov_eiger2_00271_00_ave.h5
sc5600,PEG_PNIPAM_576_24_1_75%_1C/min_15_55C_bis,PEG|PNIPAM|576|24|1|75%|1C/min|15|55C|bis,\\Synology\Data\2024\sc5600\id02\20240906\PROCESSED_DATA\Ivanov\Ivanov_20240906-115451\Ivanov_eiger2_00272_00_ave.h5
sc5600,PEG_PNIPAM_576_24_1_75perc_13m_55C,PEG|PNIPAM|576|24|1|75perc|13m|55C,\\Synology\Data\2024\sc5600\id02\20240906\PROCESSED_DATA\Ivanov\Ivanov_20240906-115451\Ivanov_eiger2_00273_00_ave.h5
sc5600,PEG_PNIPAM_576_24_1_75perc_13m_55C_bis,PEG|PNIPAM|576|24|1|75perc|13m|55C|bis,\\Synology\Data\2024\sc5600\id02\20240906\PROCESSED_DATA\Ivanov\Ivanov_20240906-115451\Ivanov_eiger2_00274_00_ave.h5
sc5600,PEG_PNIPAM_576_24_1_75perc_13m_55C_tris,PEG|PNIPAM|576|24|1|75perc|13m|55C|tris,\\Synology\Data\2024\sc5600\id02\20240906\PROCESSED_DATA\Ivanov\Ivanov_20240906-115451\Ivanov_eiger2_00276_00_ave.h5
sc5600,PEG_PNIPAM_576_24_1_75%_1C/min_55_15C,PEG|PNIPAM|576|24|1|75%|1C/min|55|15C,\\Synology\Data\2024\sc5600\id02\20240906\PROCESSED_DATA\Ivanov\Ivanov_20240906-115451\Ivanov_eiger2_00278_00_ave.h5
sc5600,PEG_PNIPAM_576_24_0_58%_1C/min_15_55C,PEG|PNIPAM|576|24|0|58%|1C/min|15|55C,\\Synology\Data\2024\sc5600\id02\20240906\PROCESSED_DATA\Ivanov\Ivanov_20240906-115451\Ivanov_eiger2_00280_00_ave.h5
sc5600,PEG_PNIPAM_576_24_0_58%_1C/min_55_15C,PEG|PNIPAM|576|24|0|58%|1C/min|55|15C,\\Synology\Data\2024\sc5600\id02\20240906\PROCESSED_DATA\Ivanov\Ivanov_20240906-115451\Ivanov_eiger2_00282_00_ave.h5
sc5600,PS,PS,\\Synology\Data\2024\sc5600\id02\20240906\PROCESSED_DATA\align\align_20240906-081439\align_eiger2_00005_00_ave.h5
sc5600,EmptyBeam,EmptyBeam,\\Synology\Data\2024\sc5600\id02\20240906\PROCESSED_DATA\align\align_20240906-081439\align_eiger2_00007_00_ave.h5
sc5600,PMMA,PMMA,\\Synology\Data\2024\sc5600\id02\20240906\PROCESSED_DATA\align\align_20240906-081439\align_eiger2_00008_00_ave.h5
sc5600,PBBA,PBBA,\\Synology\Data\2024\sc5600\id02\20240906\PROCESSED_DATA\align\align_20240906-081439\align_eiger2_00015_00_ave.h5
sc5600,AgB,AgB,\\Synology\Data\2024\sc5600\id02\20240906\PROCESSED_DATA\align\align_20240906-081439\align_eiger2_00019_00_ave.h5
SC-5624,4232sulf,4232sulf,\\Synology\Data\2024\SC-5624\4232sulf\WAXS\4232sulf_WAXS_0000.edf
SC-5624,AgBh_3p5m_12keV,AgBh|3p5m|12keV,\\Synology\Data\2024\SC-5624\AgBh_3p5m_12keV\WAXS\AgBh_3p5m_12keV_WAXS_0000.edf
SC-5624,AgBh_3p5m_12keV_LinkamDSC_afterfiber,AgBh|3p5m|12keV|LinkamDSC|afterfiber,\\Synology\Data\2024\SC-5624\AgBh_3p5m_12keV_LinkamDSC_afterfiber\WAXS\AgBh_3p5m_12keV_LinkamDSC_afterfiber_WAXS_0000.edf
SC-5624,AgBh_3p5m_12keV_LinkamDSC_PI_powder,AgBh|3p5m|12keV|LinkamDSC|PI|powder,\\Synology\Data\2024\SC-5624\AgBh_3p5m_12keV_LinkamDSC_PI_powder\WAXS\AgBh_3p5m_12keV_LinkamDSC_PI_powder_WAXS_0000.edf
SC-5624,AgBh_3p5m_12keV_LinkamDSC_PI_powder_bis,AgBh|3p5m|12keV|LinkamDSC|PI|powder|bis,\\Synology\Data\2024\SC-5624\AgBh_3p5m_12keV_LinkamDSC_PI_powder_bis\WAXS\AgBh_3p5m_12keV_LinkamDSC_PI_powder_bis_WAXS_0000.edf
SC-5624,AgBh_4m_12keV_70mm,AgBh|4m|12keV|70mm,\\Synology\Data\2024\SC-5624\AgBh_4m_12keV_70mm\WAXS\AgBh_4m_12keV_70mm_WAXS_0000.edf
SC-5624,AgBh_9m_12keV_LinkamCapil,AgBh|9m|12keV|LinkamCapil,\\Synology\Data\2024\SC-5624\AgBh_9m_12keV_LinkamCapil\WAXS\AgBh_9m_12keV_LinkamCapil_WAXS_0000.edf
SC-5624,AgBh_9m_12keV_swelling,AgBh|9m|12keV|swelling,\\Synology\Data\2024\SC-5624\AgBh_9m_12keV_swelling\WAXS\AgBh_9m_12keV_swelling_WAXS_0000.edf
SC-5624,AgBh_LinkamDSC_12keV_fiber,AgBh|LinkamDSC|12keV|fiber,\\Synology\Data\2024\SC-5624\AgBh_LinkamDSC_12keV_fiber\WAXS\AgBh_LinkamDSC_12keV_fiber_WAXS_0000.edf
SC-5624,Al2O3_0p3m_12keV,Al2O3|0p3m|12keV,\\Synology\Data\2024\SC-5624\Al2O3_0p3m_12keV\WAXS\Al2O3_0p3m_12keV_WAXS_0000.edf
SC-5624,Al2O3_3p5m_12keV_LinkamDSC_afterfiber,Al2O3|3p5m|12keV|LinkamDSC|afterfiber,\\Synology\Data\2024\SC-5624\Al2O3_3p5m_12keV_LinkamDSC_afterfiber\WAXS\Al2O3_3p5m_12keV_LinkamDSC_afterfiber_WAXS_0000.edf
SC-5624,Al2O3_3p5m_12keV_LinkamDSC_PI_powder,Al2O3|3p5m|12keV|LinkamDSC|PI|powder,\\Synology\Data\2024\SC-5624\Al2O3_3p5m_12keV_LinkamDSC_PI_powder\WAXS\Al2O3_3p5m_12keV_LinkamDSC_PI_powder_WAXS_0000.edf
SC-5624,Al2O3_4m_12keV_70mm,Al2O3|4m|12keV|70mm,\\Synology\Data\2024\SC-5624\Al2O3_4m_12keV_70mm\WAXS\Al2O3_4m_12keV_70mm_WAXS_0000.edf
SC-5624,Al2O3_9m_12keV_LinkamCapil,Al2O3|9m|12keV|LinkamCapil,\\Synology\Data\2024\SC-5624\Al2O3_9m_12keV_LinkamCapil\WAXS\Al2O3_9m_12keV_LinkamCapil_WAXS_0000.edf
SC-5624,Al2O3_9m_12keV_swelling,Al2O3|9m|12keV|swelling,\\Synology\Data\2024\SC-5624\Al2O3_9m_12keV_swelling\WAXS\Al2O3_9m_12keV_swelling_WAXS_0000.edf
SC-5624,Al2O3_LinkamDSC_12keV_fiber,Al2O3|LinkamDSC|12keV|fiber,\\Synology\Data\2024\SC-5624\Al2O3_LinkamDSC_12keV_fiber\WAXS\Al2O3_LinkamDSC_12keV_fiber_WAXS_0000.edf
SC-5624,Al_foil_2layers,Al|foil|2layers,\\Synology\Data\2024\SC-5624\Al_foil_2layers\WAXS\Al_foil_2layers_WAXS_0000.edf
SC-5624,Al_foil_2layers_2,Al|foil|2layers|2,
SC-5624,Al_foil_2layers_3,Al|foil|2layers|3,\\Synology\Data\2024\SC-5624\Al_foil_2layers_3\WAXS\Al_foil_2layers_3_WAXS_0000.edf
SC-5624,Aquivion_1_propanol_capillary,Aquivion|1|propanol|capillary,\\Synology\Data\2024\SC-5624\Aquivion_1_propanol_capillary\WAXS\Aquivion_1_propanol_capillary_WAXS_0000.edf
SC-5624,"B1,2SD4Hyrdroxyl","B1,2SD4Hyrdroxyl","\\Synology\Data\2024\SC-5624\B1,2SD4Hyrdroxyl\WAXS\B1,2SD4Hyrdroxyl_WAXS_0000.edf"
SC-5624,"B1,2SD_2_Hydroxyl_CHCl3_TA_110","B1,2SD|2|Hydroxyl|CHCl3|TA|110","\\Synology\Data\2024\SC-5624\B1,2SD_2_Hydroxyl_CHCl3_TA_110\WAXS\B1,2SD_2_Hydroxyl_CHCl3_TA_110_WAXS_0000.edf"
SC-5624,"B1,4SD4","B1,4SD4","\\Synology\Data\2024\SC-5624\B1,4SD4\WAXS\B1,4SD4_WAXS_0000.edf"
SC-5624,BD_80_20,BD|80|20,\\Synology\Data\2024\SC-5624\BD_80_20\WAXS\BD_80_20_WAXS_0000.edf
SC-5624,BD_90_10,BD|90|10,\\Synology\Data\2024\SC-5624\BD_90_10\WAXS\BD_90_10_WAXS_0000.edf
SC-5624,Brush_060122_2_acteone_swollen,Brush|060122|2|acteone|swollen,\\Synology\Data\2024\SC-5624\Brush_060122_2_acteone_swollen\WAXS\Brush_060122_2_acteone_swollen_WAXS_0000.edf
SC-5624,Brush_062022_1_acteone_swollen,Brush|062022|1|acteone|swollen,\\Synology\Data\2024\SC-5624\Brush_062022_1_acteone_swollen\WAXS\Brush_062022_1_acteone_swollen_WAXS_0000.edf
SC-5624,Capillary_water_Background,Capillary|water|Background,\\Synology\Data\2024\SC-5624\Capillary_water_Background\WAXS\Capillary_water_Background_WAXS_0000.edf
SC-5624,Denis_Sandwich_150C_heat,Denis|Sandwich|150C|heat,\\Synology\Data\2024\SC-5624\Denis_Sandwich_150C_heat\WAXS\Denis_Sandwich_150C_heat_WAXS_0000.edf
SC-5624,Denis_Sandwich_150C_heat_bis,Denis|Sandwich|150C|heat|bis,\\Synology\Data\2024\SC-5624\Denis_Sandwich_150C_heat_bis\WAXS\Denis_Sandwich_150C_heat_bis_WAXS_0541.edf
SC-5624,Denis_TPU_3,Denis|TPU|3,\\Synology\Data\2024\SC-5624\Denis_TPU_3\WAXS\Denis_TPU_3_WAXS_0000.edf
SC-5624,Denis_TPU_4,Denis|TPU|4,\\Synology\Data\2024\SC-5624\Denis_TPU_4\WAXS\Denis_TPU_4_WAXS_0000.edf
SC-5624,D_C_E_C_D,D|C|E|C|D,\\Synology\Data\2024\SC-5624\D_C_E_C_D\WAXS\D_C_E_C_D_WAXS_0000.edf
SC-5624,D_C_E_C_D+_Br-,D|C|E|C|D+|Br-,\\Synology\Data\2024\SC-5624\D_C_E_C_D+_Br-\WAXS\D_C_E_C_D+_Br-_WAXS_0000.edf
SC-5624,Empty_Cell_Linkam_DSC_PI_powder,Empty|Cell|Linkam|DSC|PI|powder,\\Synology\Data\2024\SC-5624\Empty_Cell_Linkam_DSC_PI_powder\WAXS\Empty_Cell_Linkam_DSC_PI_powder_WAXS_0000.edf
SC-5624,Empty_LinkamDSC_cover,Empty|LinkamDSC|cover,\\Synology\Data\2024\SC-5624\Empty_LinkamDSC_cover\WAXS\Empty_LinkamDSC_cover_WAXS_0000.edf
SC-5624,Empty_LinkamDSC_cover_final,Empty|LinkamDSC|cover|final,\\Synology\Data\2024\SC-5624\Empty_LinkamDSC_cover_final\WAXS\Empty_LinkamDSC_cover_final_WAXS_0000.edf
SC-5624,Empty_LinkamDSC_nocover,Empty|LinkamDSC|nocover,\\Synology\Data\2024\SC-5624\Empty_LinkamDSC_nocover\WAXS\Empty_LinkamDSC_nocover_WAXS_0000.edf
SC-5624,Jeet_Membrane_N2_Fenton,Jeet|Membrane|N2|Fenton,
SC-5624,JJ_178,JJ|178,\\Synology\Data\2024\SC-5624\JJ_178\WAXS\JJ_178_WAXS_0000.edf
SC-5624,JJ_179,JJ|179,\\Synology\Data\2024\SC-5624\JJ_179\WAXS\JJ_179_WAXS_0000.edf
SC-5624,JJ_182,JJ|182,\\Synology\Data\2024\SC-5624\JJ_182\WAXS\JJ_182_WAXS_0000.edf
SC-5624,JJ_183,JJ|183,\\Synology\Data\2024\SC-5624\JJ_183\WAXS\JJ_183_WAXS_0000.edf
SC-5624,JJ_183_bis,JJ|183|bis,\\Synology\Data\2024\SC-5624\JJ_183_bis\WAXS\JJ_183_bis_WAXS_0000.edf
SC-5624,JJ_187,JJ|187,\\Synology\Data\2024\SC-5624\JJ_187\WAXS\JJ_187_WAXS_0000.edf
SC-5624,JJ_187_bis,JJ|187|bis,\\Synology\Data\2024\SC-5624\JJ_187_bis\WAXS\JJ_187_bis_WAXS_0000.edf
SC-5624,Kris_LT_02_158,Kris|LT|02|158,\\Synology\Data\2024\SC-5624\Kris_LT_02_158\WAXS\Kris_LT_02_158_WAXS_0000.edf
SC-5624,Kris_LT_02_158_stretched,Kris|LT|02|158|stretched,\\Synology\Data\2024\SC-5624\Kris_LT_02_158_stretched\WAXS\Kris_LT_02_158_stretched_WAXS_0000.edf
SC-5624,Kris_sample_equilibr_in_water,Kris|sample|equilibr|in|water,\\Synology\Data\2024\SC-5624\Kris_sample_equilibr_in_water\WAXS\Kris_sample_equilibr_in_water_WAXS_0000.edf
SC-5624,Kris_sample_swollen_water,Kris|sample|swollen|water,\\Synology\Data\2024\SC-5624\Kris_sample_swollen_water\WAXS\Kris_sample_swollen_water_WAXS_0000.edf
SC-5624,Linkam_emptyCell_withCover_4m,Linkam|emptyCell|withCover|4m,\\Synology\Data\2024\SC-5624\Linkam_emptyCell_withCover_4m\WAXS\Linkam_emptyCell_withCover_4m_WAXS_0000.edf
SC-5624,Linkam_empty_cell_WithoutCover_3_5m,Linkam|empty|cell|WithoutCover|3|5m,\\Synology\Data\2024\SC-5624\Linkam_empty_cell_WithoutCover_3_5m\WAXS\Linkam_empty_cell_WithoutCover_3_5m_WAXS_0000.edf
SC-5624,Membrane_Jeet1_after_18hrs_Fenton,Membrane|Jeet1|after|18hrs|Fenton,\\Synology\Data\2024\SC-5624\Membrane_Jeet1_after_18hrs_Fenton\WAXS\Membrane_Jeet1_after_18hrs_Fenton_WAXS_0000.edf
SC-5624,Membrane_Jeet2_after_18hrs_Fenton,Membrane|Jeet2|after|18hrs|Fenton,\\Synology\Data\2024\SC-5624\Membrane_Jeet2_after_18hrs_Fenton\WAXS\Membrane_Jeet2_after_18hrs_Fenton_WAXS_0000.edf
SC-5624,Mica_liquid_cell_above_empty,Mica|liquid|cell|above|empty,\\Synology\Data\2024\SC-5624\Mica_liquid_cell_above_empty\WAXS\Mica_liquid_cell_above_empty_WAXS_0000.edf
SC-5624,Mica_Liquid_cell_with_Water_empty,Mica|Liquid|cell|with|Water|empty,\\Synology\Data\2024\SC-5624\Mica_Liquid_cell_with_Water_empty\WAXS\Mica_Liquid_cell_with_Water_empty_WAXS_0000.edf
SC-5624,Naf_20perc_water_unc,Naf|20perc|water|unc,\\Synology\Data\2024\SC-5624\Naf_20perc_water_unc\WAXS\Naf_20perc_water_unc_WAXS_0000.edf
SC-5624,Naf_ethyleneglycol,Naf|ethyleneglycol,\\Synology\Data\2024\SC-5624\Naf_ethyleneglycol\WAXS\Naf_ethyleneglycol_WAXS_0000.edf
SC-5624,Nikos_PA_175_equilibr_in_water,Nikos|PA|175|equilibr|in|water,\\Synology\Data\2024\SC-5624\Nikos_PA_175_equilibr_in_water\WAXS\Nikos_PA_175_equilibr_in_water_WAXS_0000.edf
SC-5624,Nikos_PA_188_with_drop_water,Nikos|PA|188|with|drop|water,\\Synology\Data\2024\SC-5624\Nikos_PA_188_with_drop_water\WAXS\Nikos_PA_188_with_drop_water_WAXS_0000.edf
SC-5624,OHPDMS_linear_100perc_statics,OHPDMS|linear|100perc|statics,\\Synology\Data\2024\SC-5624\OHPDMS_linear_100perc_statics\WAXS\OHPDMS_linear_100perc_statics_WAXS_0000.edf
SC-5624,OHPDMS_linear_100perc_statics_realone,OHPDMS|linear|100perc|statics|realone,\\Synology\Data\2024\SC-5624\OHPDMS_linear_100perc_statics_realone\WAXS\OHPDMS_linear_100perc_statics_realone_WAXS_0000.edf
SC-5624,OHPDMS_linear_50perc_statics,OHPDMS|linear|50perc|statics,\\Synology\Data\2024\SC-5624\OHPDMS_linear_50perc_statics\WAXS\OHPDMS_linear_50perc_statics_WAXS_0000.edf
SC-5624,OHPDMS_linear_80perc_statics,OHPDMS|linear|80perc|statics,\\Synology\Data\2024\SC-5624\OHPDMS_linear_80perc_statics\WAXS\OHPDMS_linear_80perc_statics_WAXS_0000.edf
SC-5624,PA_173_static,PA|173|static,\\Synology\Data\2024\SC-5624\PA_173_static\WAXS\PA_173_static_WAXS_0000.edf
SC-5624,PA_174_static,PA|174|static,\\Synology\Data\2024\SC-5624\PA_174_static\WAXS\PA_174_static_WAXS_0000.edf
SC-5624,PA_175_static,PA|175|static,\\Synology\Data\2024\SC-5624\PA_175_static\WAXS\PA_175_static_WAXS_0000.edf
SC-5624,PA_178_cooling_heating,PA|178|cooling|heating,
SC-5624,PA_178_cooling_heating_bis,PA|178|cooling|heating|bis,\\Synology\Data\2024\SC-5624\PA_178_cooling_heating_bis\WAXS\PA_178_cooling_heating_bis_WAXS_0000.edf
SC-5624,PA_178_cooling_heating_four,PA|178|cooling|heating|four,\\Synology\Data\2024\SC-5624\PA_178_cooling_heating_four\WAXS\PA_178_cooling_heating_four_WAXS_0000.edf
SC-5624,PA_178_cooling_heating_fuenf,PA|178|cooling|heating|fuenf,\\Synology\Data\2024\SC-5624\PA_178_cooling_heating_fuenf\WAXS\PA_178_cooling_heating_fuenf_WAXS_0000.edf
SC-5624,PA_178_cooling_heating_tres,PA|178|cooling|heating|tres,\\Synology\Data\2024\SC-5624\PA_178_cooling_heating_tres\WAXS\PA_178_cooling_heating_tres_WAXS_0000.edf
SC-5624,PA_178_RT_Linkam_nocover,PA|178|RT|Linkam|nocover,\\Synology\Data\2024\SC-5624\PA_178_RT_Linkam_nocover\WAXS\PA_178_RT_Linkam_nocover_WAXS_0000.edf
SC-5624,PA_180_static,PA|180|static,\\Synology\Data\2024\SC-5624\PA_180_static\WAXS\PA_180_static_WAXS_0000.edf
SC-5624,PA_181_static,PA|181|static,\\Synology\Data\2024\SC-5624\PA_181_static\WAXS\PA_181_static_WAXS_0000.edf
SC-5624,PA_183_static,PA|183|static,\\Synology\Data\2024\SC-5624\PA_183_static\WAXS\PA_183_static_WAXS_0000.edf
SC-5624,PA_188_static,PA|188|static,\\Synology\Data\2024\SC-5624\PA_188_static\WAXS\PA_188_static_WAXS_0000.edf
SC-5624,"PB1,2_PDMS_3_CHCL3","PB1,2|PDMS|3|CHCL3","\\Synology\Data\2024\SC-5624\PB1,2_PDMS_3_CHCL3\WAXS\PB1,2_PDMS_3_CHCL3_WAXS_0000.edf"
SC-5624,"PB1,2_PDMS_3_modified_CHCL3","PB1,2|PDMS|3|modified|CHCL3","\\Synology\Data\2024\SC-5624\PB1,2_PDMS_3_modified_CHCL3\WAXS\PB1,2_PDMS_3_modified_CHCL3_WAXS_0000.edf"
SC-5624,"PB1,2_PDMS_4_CHCL3","PB1,2|PDMS|4|CHCL3",
SC-5624,"PB1,2_PDMS_4_Toluene","PB1,2|PDMS|4|Toluene","\\Synology\Data\2024\SC-5624\PB1,2_PDMS_4_Toluene\WAXS\PB1,2_PDMS_4_Toluene_WAXS_0000.edf"
SC-5624,"PB1,2_PS_PDMS_2_modified_CHCL3","PB1,2|PS|PDMS|2|modified|CHCL3","\\Synology\Data\2024\SC-5624\PB1,2_PS_PDMS_2_modified_CHCL3\WAXS\PB1,2_PS_PDMS_2_modified_CHCL3_WAXS_0000.edf"
SC-5624,"PB1,2_PS_PDMS_4_modified_CHCL3_bis","PB1,2|PS|PDMS|4|modified|CHCL3|bis",
SC-5624,"PB1,2_PS_PDMS_4_modified_CHCL3_second","PB1,2|PS|PDMS|4|modified|CHCL3|second","\\Synology\Data\2024\SC-5624\PB1,2_PS_PDMS_4_modified_CHCL3_second\WAXS\PB1,2_PS_PDMS_4_modified_CHCL3_second_WAXS_0000.edf"
SC-5624,PB1_4_PS_PDMS_4_CHCL3,PB1|4|PS|PDMS|4|CHCL3,\\Synology\Data\2024\SC-5624\PB1_4_PS_PDMS_4_CHCL3\WAXS\PB1_4_PS_PDMS_4_CHCL3_WAXS_0000.edf
SC-5624,PB1_4_PS_PDMS_4_Toluene_ThermAnn,PB1|4|PS|PDMS|4|Toluene|ThermAnn,\\Synology\Data\2024\SC-5624\PB1_4_PS_PDMS_4_Toluene_ThermAnn\WAXS\PB1_4_PS_PDMS_4_Toluene_ThermAnn_WAXS_0000.edf
SC-5624,PEG_PNIPAM_576_12_10perc_capillary_2_5deg_heating,PEG|PNIPAM|576|12|10perc|capillary|2|5deg|heating,\\Synology\Data\2024\SC-5624\PEG_PNIPAM_576_12_10perc_capillary_2_5deg_heating\WAXS\PEG_PNIPAM_576_12_10perc_capillary_2_5deg_heating_WAXS_0000.edf
SC-5624,PEG_PNIPAM_576_12_20perc_capillary_1deg_heating_30C_40C,PEG|PNIPAM|576|12|20perc|capillary|1deg|heating|30C|40C,\\Synology\Data\2024\SC-5624\PEG_PNIPAM_576_12_20perc_capillary_1deg_heating_30C_40C\WAXS\PEG_PNIPAM_576_12_20perc_capillary_1deg_heating_30C_40C_WAXS_0000.edf
SC-5624,PEG_PNIPAM_576_12_20perc_capillary_2_5deg_heating,PEG|PNIPAM|576|12|20perc|capillary|2|5deg|heating,\\Synology\Data\2024\SC-5624\PEG_PNIPAM_576_12_20perc_capillary_2_5deg_heating\WAXS\PEG_PNIPAM_576_12_20perc_capillary_2_5deg_heating_WAXS_0000.edf
SC-5624,PEG_PNIPAM_576_12_20perc_capillary_statics,PEG|PNIPAM|576|12|20perc|capillary|statics,\\Synology\Data\2024\SC-5624\PEG_PNIPAM_576_12_20perc_capillary_statics\WAXS\PEG_PNIPAM_576_12_20perc_capillary_statics_WAXS_0000.edf
SC-5624,PEG_PNIPAM_576_12_5perc_capillary_2_5deg_heating,PEG|PNIPAM|576|12|5perc|capillary|2|5deg|heating,\\Synology\Data\2024\SC-5624\PEG_PNIPAM_576_12_5perc_capillary_2_5deg_heating\WAXS\PEG_PNIPAM_576_12_5perc_capillary_2_5deg_heating_WAXS_0000.edf
SC-5624,PEG_PNIPAM_576_12_Cryst_10C,PEG|PNIPAM|576|12|Cryst|10C,\\Synology\Data\2024\SC-5624\PEG_PNIPAM_576_12_Cryst_10C\WAXS\PEG_PNIPAM_576_12_Cryst_10C_WAXS_0000.edf
SC-5624,PEG_PNIPAM_576_12_Cryst_15C,PEG|PNIPAM|576|12|Cryst|15C,\\Synology\Data\2024\SC-5624\PEG_PNIPAM_576_12_Cryst_15C\WAXS\PEG_PNIPAM_576_12_Cryst_15C_WAXS_0000.edf
SC-5624,PEG_PNIPAM_576_12_Cryst_20C,PEG|PNIPAM|576|12|Cryst|20C,\\Synology\Data\2024\SC-5624\PEG_PNIPAM_576_12_Cryst_20C\WAXS\PEG_PNIPAM_576_12_Cryst_20C_WAXS_0000.edf
SC-5624,PEG_PNIPAM_576_12_Cryst_5C,PEG|PNIPAM|576|12|Cryst|5C,\\Synology\Data\2024\SC-5624\PEG_PNIPAM_576_12_Cryst_5C\WAXS\PEG_PNIPAM_576_12_Cryst_5C_WAXS_0000.edf
SC-5624,PEG_PNIPAM_576_24_10perc_capillary,PEG|PNIPAM|576|24|10perc|capillary,\\Synology\Data\2024\SC-5624\PEG_PNIPAM_576_24_10perc_capillary\WAXS\PEG_PNIPAM_576_24_10perc_capillary_WAXS_0000.edf
SC-5624,PEG_PNIPAM_576_24_10perc_capillary_1deg_heating_33C_43C,PEG|PNIPAM|576|24|10perc|capillary|1deg|heating|33C|43C,\\Synology\Data\2024\SC-5624\PEG_PNIPAM_576_24_10perc_capillary_1deg_heating_33C_43C\WAXS\PEG_PNIPAM_576_24_10perc_capillary_1deg_heating_33C_43C_WAXS_0000.edf
SC-5624,PEG_PNIPAM_576_24_10perc_capillary_2_5deg_heating,PEG|PNIPAM|576|24|10perc|capillary|2|5deg|heating,\\Synology\Data\2024\SC-5624\PEG_PNIPAM_576_24_10perc_capillary_2_5deg_heating\WAXS\PEG_PNIPAM_576_24_10perc_capillary_2_5deg_heating_WAXS_0000.edf
SC-5624,PEG_PNIPAM_576_24_10perc_capillary_33_to_43_1_deg,PEG|PNIPAM|576|24|10perc|capillary|33|to|43|1|deg,\\Synology\Data\2024\SC-5624\PEG_PNIPAM_576_24_10perc_capillary_33_to_43_1_deg\WAXS\PEG_PNIPAM_576_24_10perc_capillary_33_to_43_1_deg_WAXS_0000.edf
SC-5624,PEG_PNIPAM_576_24_20perc_capillary_1deg_30_45C,PEG|PNIPAM|576|24|20perc|capillary|1deg|30|45C,\\Synology\Data\2024\SC-5624\PEG_PNIPAM_576_24_20perc_capillary_1deg_30_45C\WAXS\PEG_PNIPAM_576_24_20perc_capillary_1deg_30_45C_WAXS_0000.edf
SC-5624,PEG_PNIPAM_576_24_20perc_capillary_1deg_35_45C,PEG|PNIPAM|576|24|20perc|capillary|1deg|35|45C,\\Synology\Data\2024\SC-5624\PEG_PNIPAM_576_24_20perc_capillary_1deg_35_45C\WAXS\PEG_PNIPAM_576_24_20perc_capillary_1deg_35_45C_WAXS_0000.edf
SC-5624,PEG_PNIPAM_576_24_20perc_capillary_2_5deg,PEG|PNIPAM|576|24|20perc|capillary|2|5deg,\\Synology\Data\2024\SC-5624\PEG_PNIPAM_576_24_20perc_capillary_2_5deg\WAXS\PEG_PNIPAM_576_24_20perc_capillary_2_5deg_WAXS_0000.edf
SC-5624,PEG_PNIPAM_576_24_20perc_capillary_2_5deg_bis,PEG|PNIPAM|576|24|20perc|capillary|2|5deg|bis,\\Synology\Data\2024\SC-5624\PEG_PNIPAM_576_24_20perc_capillary_2_5deg_bis\WAXS\PEG_PNIPAM_576_24_20perc_capillary_2_5deg_bis_WAXS_0000.edf
SC-5624,PEG_PNIPAM_576_24_4m_15C,PEG|PNIPAM|576|24|4m|15C,\\Synology\Data\2024\SC-5624\PEG_PNIPAM_576_24_4m_15C\WAXS\PEG_PNIPAM_576_24_4m_15C_WAXS_0000.edf
SC-5624,PEG_PNIPAM_576_24_5perc_capillary,PEG|PNIPAM|576|24|5perc|capillary,\\Synology\Data\2024\SC-5624\PEG_PNIPAM_576_24_5perc_capillary\WAXS\PEG_PNIPAM_576_24_5perc_capillary_WAXS_0000.edf
SC-5624,PEG_PNIPAM_576_24_5perc_capillary_2_5deg_30C_40C,PEG|PNIPAM|576|24|5perc|capillary|2|5deg|30C|40C,\\Synology\Data\2024\SC-5624\PEG_PNIPAM_576_24_5perc_capillary_2_5deg_30C_40C\WAXS\PEG_PNIPAM_576_24_5perc_capillary_2_5deg_30C_40C_WAXS_0000.edf
SC-5624,PEG_PNIPAM_576_24_5perc_capillary_2_5deg_30C_40C_bis,PEG|PNIPAM|576|24|5perc|capillary|2|5deg|30C|40C|bis,\\Synology\Data\2024\SC-5624\PEG_PNIPAM_576_24_5perc_capillary_2_5deg_30C_40C_bis\WAXS\PEG_PNIPAM_576_24_5perc_capillary_2_5deg_30C_40C_bis_WAXS_0000.edf
SC-5624,PEG_PNIPAM_576_24_5perc_capillary_2_5deg_bis,PEG|PNIPAM|576|24|5perc|capillary|2|5deg|bis,\\Synology\Data\2024\SC-5624\PEG_PNIPAM_576_24_5perc_capillary_2_5deg_bis\WAXS\PEG_PNIPAM_576_24_5perc_capillary_2_5deg_bis_WAXS_0000.edf
SC-5624,PEG_PNIPAM_576_24_Cryst_10C,PEG|PNIPAM|576|24|Cryst|10C,\\Synology\Data\2024\SC-5624\PEG_PNIPAM_576_24_Cryst_10C\WAXS\PEG_PNIPAM_576_24_Cryst_10C_WAXS_0000.edf
SC-5624,PEG_PNIPAM_576_24_Cryst_15C,PEG|PNIPAM|576|24|Cryst|15C,\\Synology\Data\2024\SC-5624\PEG_PNIPAM_576_24_Cryst_15C\WAXS\PEG_PNIPAM_576_24_Cryst_15C_WAXS_0000.edf
SC-5624,PEG_PNIPAM_576_24_Cryst_15C_bis,PEG|PNIPAM|576|24|Cryst|15C|bis,\\Synology\Data\2024\SC-5624\PEG_PNIPAM_576_24_Cryst_15C_bis\WAXS\PEG_PNIPAM_576_24_Cryst_15C_bis_WAXS_0000.edf
SC-5624,PEG_PNIPAM_576_24_Cryst_15C_second_sample,PEG|PNIPAM|576|24|Cryst|15C|second|sample,\\Synology\Data\2024\SC-5624\PEG_PNIPAM_576_24_Cryst_15C_second_sample\WAXS\PEG_PNIPAM_576_24_Cryst_15C_second_sample_WAXS_0000.edf
SC-5624,PEG_PNIPAM_576_24_Cryst_20C,PEG|PNIPAM|576|24|Cryst|20C,\\Synology\Data\2024\SC-5624\PEG_PNIPAM_576_24_Cryst_20C\WAXS\PEG_PNIPAM_576_24_Cryst_20C_WAXS_0000.edf
SC-5624,PEG_PNIPAM_576_24_Cryst_5C,PEG|PNIPAM|576|24|Cryst|5C,\\Synology\Data\2024\SC-5624\PEG_PNIPAM_576_24_Cryst_5C\WAXS\PEG_PNIPAM_576_24_Cryst_5C_WAXS_0000.edf
SC-5624,PEG_PNIPAM_576_6_10perc_capillary_1deg_heating_30C_43C,PEG|PNIPAM|576|6|10perc|capillary|1deg|heating|30C|43C,\\Synology\Data\2024\SC-5624\PEG_PNIPAM_576_6_10perc_capillary_1deg_heating_30C_43C\WAXS\PEG_PNIPAM_576_6_10perc_capillary_1deg_heating_30C_43C_WAXS_0000.edf
SC-5624,PEG_PNIPAM_576_6_10perc_capillary_1deg_heating_33C_43C,PEG|PNIPAM|576|6|10perc|capillary|1deg|heating|33C|43C,\\Synology\Data\2024\SC-5624\PEG_PNIPAM_576_6_10perc_capillary_1deg_heating_33C_43C\WAXS\PEG_PNIPAM_576_6_10perc_capillary_1deg_heating_33C_43C_WAXS_0000.edf
SC-5624,PEG_PNIPAM_576_6_10perc_capillary_2_5deg_heating,PEG|PNIPAM|576|6|10perc|capillary|2|5deg|heating,\\Synology\Data\2024\SC-5624\PEG_PNIPAM_576_6_10perc_capillary_2_5deg_heating\WAXS\PEG_PNIPAM_576_6_10perc_capillary_2_5deg_heating_WAXS_0000.edf
SC-5624,PEG_PNIPAM_576_6_20perc_capillary_2_5deg,PEG|PNIPAM|576|6|20perc|capillary|2|5deg,\\Synology\Data\2024\SC-5624\PEG_PNIPAM_576_6_20perc_capillary_2_5deg\WAXS\PEG_PNIPAM_576_6_20perc_capillary_2_5deg_WAXS_0000.edf
SC-5624,PEG_PNIPAM_576_6_20perc_capillary_2_5deg_27C_43C,PEG|PNIPAM|576|6|20perc|capillary|2|5deg|27C|43C,\\Synology\Data\2024\SC-5624\PEG_PNIPAM_576_6_20perc_capillary_2_5deg_27C_43C\WAXS\PEG_PNIPAM_576_6_20perc_capillary_2_5deg_27C_43C_WAXS_0000.edf
SC-5624,PEG_PNIPAM_576_6_5perc_capillary,PEG|PNIPAM|576|6|5perc|capillary,\\Synology\Data\2024\SC-5624\PEG_PNIPAM_576_6_5perc_capillary\WAXS\PEG_PNIPAM_576_6_5perc_capillary_WAXS_0000.edf
SC-5624,PEG_PNIPAM_576_6_5perc_capillary_bis,PEG|PNIPAM|576|6|5perc|capillary|bis,\\Synology\Data\2024\SC-5624\PEG_PNIPAM_576_6_5perc_capillary_bis\WAXS\PEG_PNIPAM_576_6_5perc_capillary_bis_WAXS_0000.edf
SC-5624,PEG_PNIPAM_576_6_Cryst_0C,PEG|PNIPAM|576|6|Cryst|0C,\\Synology\Data\2024\SC-5624\PEG_PNIPAM_576_6_Cryst_0C\WAXS\PEG_PNIPAM_576_6_Cryst_0C_WAXS_0000.edf
SC-5624,PEG_PNIPAM_576_6_Cryst_10C,PEG|PNIPAM|576|6|Cryst|10C,\\Synology\Data\2024\SC-5624\PEG_PNIPAM_576_6_Cryst_10C\WAXS\PEG_PNIPAM_576_6_Cryst_10C_WAXS_0000.edf
SC-5624,PEG_PNIPAM_576_6_Cryst_15C,PEG|PNIPAM|576|6|Cryst|15C,\\Synology\Data\2024\SC-5624\PEG_PNIPAM_576_6_Cryst_15C\WAXS\PEG_PNIPAM_576_6_Cryst_15C_WAXS_0000.edf
SC-5624,PEG_PNIPAM_576_6_Cryst_5C,PEG|PNIPAM|576|6|Cryst|5C,\\Synology\Data\2024\SC-5624\PEG_PNIPAM_576_6_Cryst_5C\WAXS\PEG_PNIPAM_576_6_Cryst_5C_WAXS_0000.edf
SC-5624,PE_HP_heat_10_deg,PE|HP|heat|10|deg,\\Synology\Data\2024\SC-5624\PE_HP_heat_10_deg\WAXS\PE_HP_heat_10_deg_WAXS_0345.edf
SC-5624,PE_HP_heat_10_deg_cooling,PE|HP|heat|10|deg|cooling,\\Synology\Data\2024\SC-5624\PE_HP_heat_10_deg_cooling\WAXS\PE_HP_heat_10_deg_cooling_WAXS_0000.edf
SC-5624,PE_SC_1_3_heat_10_deg,PE|SC|1|3|heat|10|deg,\\Synology\Data\2024\SC-5624\PE_SC_1_3_heat_10_deg\WAXS\PE_SC_1_3_heat_10_deg_WAXS_0716.edf
SC-5624,PE_SC_1_3_heat_1_deg,PE|SC|1|3|heat|1|deg,\\Synology\Data\2024\SC-5624\PE_SC_1_3_heat_1_deg\WAXS\PE_SC_1_3_heat_1_deg_WAXS_0000.edf
SC-5624,PE_SC_1_3_heat_1_deg_bis,PE|SC|1|3|heat|1|deg|bis,\\Synology\Data\2024\SC-5624\PE_SC_1_3_heat_1_deg_bis\WAXS\PE_SC_1_3_heat_1_deg_bis_WAXS_0260.edf
SC-5624,PIB_PS_030722_3_after_acetone,PIB|PS|030722|3|after|acetone,\\Synology\Data\2024\SC-5624\PIB_PS_030722_3_after_acetone\WAXS\PIB_PS_030722_3_after_acetone_WAXS_0000.edf
SC-5624,PIB_PS_060122_2_after_acetone,PIB|PS|060122|2|after|acetone,\\Synology\Data\2024\SC-5624\PIB_PS_060122_2_after_acetone\WAXS\PIB_PS_060122_2_after_acetone_WAXS_0000.edf
SC-5624,PIB_PS_060122_2_initial,PIB|PS|060122|2|initial,\\Synology\Data\2024\SC-5624\PIB_PS_060122_2_initial\WAXS\PIB_PS_060122_2_initial_WAXS_0000.edf
SC-5624,PIB_PS_060122_2_in_hexane,PIB|PS|060122|2|in|hexane,\\Synology\Data\2024\SC-5624\PIB_PS_060122_2_in_hexane\WAXS\PIB_PS_060122_2_in_hexane_WAXS_0000.edf
SC-5624,PIB_PS_062022_1_after_acetone,PIB|PS|062022|1|after|acetone,\\Synology\Data\2024\SC-5624\PIB_PS_062022_1_after_acetone\WAXS\PIB_PS_062022_1_after_acetone_WAXS_0000.edf
SC-5624,PIB_PS_062022_1_initial,PIB|PS|062022|1|initial,\\Synology\Data\2024\SC-5624\PIB_PS_062022_1_initial\WAXS\PIB_PS_062022_1_initial_WAXS_0000.edf
SC-5624,PIB_PS_062022_1_in_hexane,PIB|PS|062022|1|in|hexane,\\Synology\Data\2024\SC-5624\PIB_PS_062022_1_in_hexane\WAXS\PIB_PS_062022_1_in_hexane_WAXS_0000.edf
SC-5624,PIB_PS_070622_1_after_acetone,PIB|PS|070622|1|after|acetone,\\Synology\Data\2024\SC-5624\PIB_PS_070622_1_after_acetone\WAXS\PIB_PS_070622_1_after_acetone_WAXS_0000.edf
SC-5624,PIB_PS_070622_1_initial,PIB|PS|070622|1|initial,\\Synology\Data\2024\SC-5624\PIB_PS_070622_1_initial\WAXS\PIB_PS_070622_1_initial_WAXS_0000.edf
SC-5624,PIB_PS_070622_1_in_hexane,PIB|PS|070622|1|in|hexane,\\Synology\Data\2024\SC-5624\PIB_PS_070622_1_in_hexane\WAXS\PIB_PS_070622_1_in_hexane_WAXS_0000.edf
SC-5624,PIB_PS_070622_7_after_acetone,PIB|PS|070622|7|after|acetone,\\Synology\Data\2024\SC-5624\PIB_PS_070622_7_after_acetone\WAXS\PIB_PS_070622_7_after_acetone_WAXS_0000.edf
SC-5624,PIB_PS_070622_7_initial,PIB|PS|070622|7|initial,\\Synology\Data\2024\SC-5624\PIB_PS_070622_7_initial\WAXS\PIB_PS_070622_7_initial_WAXS_0000.edf
SC-5624,PIB_PS_070622_7_in_hexane,PIB|PS|070622|7|in|hexane,\\Synology\Data\2024\SC-5624\PIB_PS_070622_7_in_hexane\WAXS\PIB_PS_070622_7_in_hexane_WAXS_0000.edf
SC-5624,PIB_PS_070622_9_after_acetone,PIB|PS|070622|9|after|acetone,\\Synology\Data\2024\SC-5624\PIB_PS_070622_9_after_acetone\WAXS\PIB_PS_070622_9_after_acetone_WAXS_0000.edf
SC-5624,PODFO_fiber_Lambda4_heating,PODFO|fiber|Lambda4|heating,\\Synology\Data\2024\SC-5624\PODFO_fiber_Lambda4_heating\WAXS\PODFO_fiber_Lambda4_heating_WAXS_0000.edf
SC-5624,PODFO_fiber_Lambda4_static,PODFO|fiber|Lambda4|static,\\Synology\Data\2024\SC-5624\PODFO_fiber_Lambda4_static\WAXS\PODFO_fiber_Lambda4_static_WAXS_0000.edf
SC-5624,PODFO_powder_heating,PODFO|powder|heating,\\Synology\Data\2024\SC-5624\PODFO_powder_heating\WAXS\PODFO_powder_heating_WAXS_0132.edf
SC-5624,PS_PB1_2_PDMS_3_CHCl3_mod_110,PS|PB1|2|PDMS|3|CHCl3|mod|110,\\Synology\Data\2024\SC-5624\PS_PB1_2_PDMS_3_CHCl3_mod_110\WAXS\PS_PB1_2_PDMS_3_CHCl3_mod_110_WAXS_0000.edf
SC-5624,PTFE_Initial_150micron,PTFE|Initial|150micron,\\Synology\Data\2024\SC-5624\PTFE_Initial_150micron\WAXS\PTFE_Initial_150micron_WAXS_0000.edf
SC-5624,PTFE_initial_50micron,PTFE|initial|50micron,\\Synology\Data\2024\SC-5624\PTFE_initial_50micron\WAXS\PTFE_initial_50micron_WAXS_0000.edf
SC-5624,PTFE_initial_heating,PTFE|initial|heating,\\Synology\Data\2024\SC-5624\PTFE_initial_heating\WAXS\PTFE_initial_heating_WAXS_0000.edf
SC-5624,PTFE_irradiated_150_heating,PTFE|irradiated|150|heating,\\Synology\Data\2024\SC-5624\PTFE_irradiated_150_heating\WAXS\PTFE_irradiated_150_heating_WAXS_0000.edf
SC-5624,PTFE_pristine_cylinder_20_35,PTFE|pristine|cylinder|20|35,\\Synology\Data\2024\SC-5624\PTFE_pristine_cylinder_20_35\WAXS\PTFE_pristine_cylinder_20_35_WAXS_0000.edf
SC-5624,PTFE_treated_80micron_AR100,PTFE|treated|80micron|AR100,\\Synology\Data\2024\SC-5624\PTFE_treated_80micron_AR100\WAXS\PTFE_treated_80micron_AR100_WAXS_0000.edf
SC-5624,PTFE_treated_AR100_150micron,PTFE|treated|AR100|150micron,\\Synology\Data\2024\SC-5624\PTFE_treated_AR100_150micron\WAXS\PTFE_treated_AR100_150micron_WAXS_0000.edf
SC-5624,PTFE_treated_AR100_parallelepided,PTFE|treated|AR100|parallelepided,\\Synology\Data\2024\SC-5624\PTFE_treated_AR100_parallelepided\WAXS\PTFE_treated_AR100_parallelepided_WAXS_0000.edf
SC-5624,PTFE_treated_AR200_150micron,PTFE|treated|AR200|150micron,\\Synology\Data\2024\SC-5624\PTFE_treated_AR200_150micron\WAXS\PTFE_treated_AR200_150micron_WAXS_0000.edf
SC-5624,PTFE_treated_AR200_80micron,PTFE|treated|AR200|80micron,\\Synology\Data\2024\SC-5624\PTFE_treated_AR200_80micron\WAXS\PTFE_treated_AR200_80micron_WAXS_0000.edf
SC-5624,PTFE_treated_AR200_cylinder,PTFE|treated|AR200|cylinder,\\Synology\Data\2024\SC-5624\PTFE_treated_AR200_cylinder\WAXS\PTFE_treated_AR200_cylinder_WAXS_0000.edf
SC-5624,P_50_1_heat,P|50|1|heat,\\Synology\Data\2024\SC-5624\P_50_1_heat\WAXS\P_50_1_heat_WAXS_0000.edf
SC-5624,P_50_1_second_heat,P|50|1|second|heat,\\Synology\Data\2024\SC-5624\P_50_1_second_heat\WAXS\P_50_1_second_heat_WAXS_0000.edf
SC-5624,P_50_2_8BTBT_1_5_cool,P|50|2|8BTBT|1|5|cool,\\Synology\Data\2024\SC-5624\P_50_2_8BTBT_1_5_cool\WAXS\P_50_2_8BTBT_1_5_cool_WAXS_0000.edf
SC-5624,P_50_2_8BTBT_1_5_fourth_heat,P|50|2|8BTBT|1|5|fourth|heat,\\Synology\Data\2024\SC-5624\P_50_2_8BTBT_1_5_fourth_heat\WAXS\P_50_2_8BTBT_1_5_fourth_heat_WAXS_0000.edf
SC-5624,P_50_2_8BTBT_1_5_heat,P|50|2|8BTBT|1|5|heat,\\Synology\Data\2024\SC-5624\P_50_2_8BTBT_1_5_heat\WAXS\P_50_2_8BTBT_1_5_heat_WAXS_0000.edf
SC-5624,P_50_2_8BTBT_1_5_sec_heat,P|50|2|8BTBT|1|5|sec|heat,\\Synology\Data\2024\SC-5624\P_50_2_8BTBT_1_5_sec_heat\WAXS\P_50_2_8BTBT_1_5_sec_heat_WAXS_0000.edf
SC-5624,P_50_2_8BTBT_1_5_third_heat,P|50|2|8BTBT|1|5|third|heat,\\Synology\Data\2024\SC-5624\P_50_2_8BTBT_1_5_third_heat\WAXS\P_50_2_8BTBT_1_5_third_heat_WAXS_0000.edf
SC-5624,P_50_2_heat,P|50|2|heat,\\Synology\Data\2024\SC-5624\P_50_2_heat\WAXS\P_50_2_heat_WAXS_0000.edf
SC-5624,P_50_2_second_heat,P|50|2|second|heat,\\Synology\Data\2024\SC-5624\P_50_2_second_heat\WAXS\P_50_2_second_heat_WAXS_0000.edf
SC-5624,"SB1,2D3","SB1,2D3","\\Synology\Data\2024\SC-5624\SB1,2D3\WAXS\SB1,2D3_WAXS_0000.edf"
SC-5624,SB1_2D_4_CHCl3_TA_110,SB1|2D|4|CHCl3|TA|110,\\Synology\Data\2024\SC-5624\SB1_2D_4_CHCl3_TA_110\WAXS\SB1_2D_4_CHCl3_TA_110_WAXS_0000.edf
SC-5624,Sergei_AL_MA_1,Sergei|AL|MA|1,\\Synology\Data\2024\SC-5624\Sergei_AL_MA_1\WAXS\Sergei_AL_MA_1_WAXS_0000.edf
SC-5624,Sergei_AL_MA_2,Sergei|AL|MA|2,\\Synology\Data\2024\SC-5624\Sergei_AL_MA_2\WAXS\Sergei_AL_MA_2_WAXS_0000.edf
SC-5624,Sergei_AL_MA_3,Sergei|AL|MA|3,\\Synology\Data\2024\SC-5624\Sergei_AL_MA_3\WAXS\Sergei_AL_MA_3_WAXS_0000.edf
SC-5624,Sergei_AL_MA_4,Sergei|AL|MA|4,\\Synology\Data\2024\SC-5624\Sergei_AL_MA_4\WAXS\Sergei_AL_MA_4_WAXS_0000.edf
SC-5624,SO2,SO2,\\Synology\Data\2024\SC-5624\SO2\WAXS\SO2_WAXS_0000.edf
SC-5624,SO2_swollen,SO2|swollen,\\Synology\Data\2024\SC-5624\SO2_swollen\WAXS\SO2_swollen_WAXS_0000.edf
SC-5624,SO3_swollen,SO3|swollen,\\Synology\Data\2024\SC-5624\SO3_swollen\WAXS\SO3_swollen_WAXS_0000.edf
SC-5624,SO4_swollen,SO4|swollen,\\Synology\Data\2024\SC-5624\SO4_swollen\WAXS\SO4_swollen_WAXS_0000.edf
SC-5624,Sofia_membrane_1_afterH2O2,Sofia|membrane|1|afterH2O2,\\Synology\Data\2024\SC-5624\Sofia_membrane_1_afterH2O2\WAXS\Sofia_membrane_1_afterH2O2_WAXS_0000.edf
SC-5624,Sofia_membrane_2_afterH2O2,Sofia|membrane|2|afterH2O2,\\Synology\Data\2024\SC-5624\Sofia_membrane_2_afterH2O2\WAXS\Sofia_membrane_2_afterH2O2_WAXS_0000.edf
SC-5624,Sofia_membrane_3_afterH2O2,Sofia|membrane|3|afterH2O2,\\Synology\Data\2024\SC-5624\Sofia_membrane_3_afterH2O2\WAXS\Sofia_membrane_3_afterH2O2_WAXS_0000.edf
SC-5624,Sofia_membrane_4_afterH2O2,Sofia|membrane|4|afterH2O2,\\Synology\Data\2024\SC-5624\Sofia_membrane_4_afterH2O2\WAXS\Sofia_membrane_4_afterH2O2_WAXS_0000.edf
SC-5624,Sofia_membrane_5_afterH2O2,Sofia|membrane|5|afterH2O2,\\Synology\Data\2024\SC-5624\Sofia_membrane_5_afterH2O2\WAXS\Sofia_membrane_5_afterH2O2_WAXS_0000.edf
SC-5624,Sofia_membrane_6_afterH2O2,Sofia|membrane|6|afterH2O2,\\Synology\Data\2024\SC-5624\Sofia_membrane_6_afterH2O2\WAXS\Sofia_membrane_6_afterH2O2_WAXS_0000.edf
SC-5624,Sofia_Membrane_6_dry,Sofia|Membrane|6|dry,\\Synology\Data\2024\SC-5624\Sofia_Membrane_6_dry\WAXS\Sofia_Membrane_6_dry_WAXS_0000.edf
SC-5624,Sofia_Membrane_6_Fenton,Sofia|Membrane|6|Fenton,\\Synology\Data\2024\SC-5624\Sofia_Membrane_6_Fenton\WAXS\Sofia_Membrane_6_Fenton_WAXS_0000.edf
SC-5624,Sofia_membrane_7_afterH2O2,Sofia|membrane|7|afterH2O2,\\Synology\Data\2024\SC-5624\Sofia_membrane_7_afterH2O2\WAXS\Sofia_membrane_7_afterH2O2_WAXS_0000.edf
SC-5624,Sofia_membrane_8_afterH2O2,Sofia|membrane|8|afterH2O2,\\Synology\Data\2024\SC-5624\Sofia_membrane_8_afterH2O2\WAXS\Sofia_membrane_8_afterH2O2_WAXS_0000.edf
SC-5624,Sof_1_Capillary,Sof|1|Capillary,\\Synology\Data\2024\SC-5624\Sof_1_Capillary\WAXS\Sof_1_Capillary_WAXS_0000.edf
SC-5624,Sof_3_Capillary,Sof|3|Capillary,\\Synology\Data\2024\SC-5624\Sof_3_Capillary\WAXS\Sof_3_Capillary_WAXS_0000.edf
SC-5624,Sof_4_Capillary,Sof|4|Capillary,\\Synology\Data\2024\SC-5624\Sof_4_Capillary\WAXS\Sof_4_Capillary_WAXS_0000.edf
SC-5624,Sof_5_II_Capillary,Sof|5|II|Capillary,\\Synology\Data\2024\SC-5624\Sof_5_II_Capillary\WAXS\Sof_5_II_Capillary_WAXS_0000.edf
SC-5624,Sof_5_I_Capillary,Sof|5|I|Capillary,\\Synology\Data\2024\SC-5624\Sof_5_I_Capillary\WAXS\Sof_5_I_Capillary_WAXS_0000.edf
SC-5624,Sof_5_t_Capillary,Sof|5|t|Capillary,\\Synology\Data\2024\SC-5624\Sof_5_t_Capillary\WAXS\Sof_5_t_Capillary_WAXS_0000.edf
SC-5624,Sof_6_Capillary,Sof|6|Capillary,\\Synology\Data\2024\SC-5624\Sof_6_Capillary\WAXS\Sof_6_Capillary_WAXS_0000.edf
SC-5624,Sof_7_Capillary,Sof|7|Capillary,\\Synology\Data\2024\SC-5624\Sof_7_Capillary\WAXS\Sof_7_Capillary_WAXS_0000.edf
SC-5624,ssd3,ssd3,\\Synology\Data\2024\SC-5624\ssd3\WAXS\ssd3_WAXS_0000.edf
SC-5624,NOH_PDMS_20perc_3mm_initial,NOH|PDMS|20perc|3mm|initial,\\Synology\Data\2024\SC-5624\NOH_PDMS Alina\NOH_PDMS_20perc_3mm_initial\WAXS\NOH_PDMS_20perc_3mm_initial_WAXS_0000.edf
SC-5624,NOH_PDMS_20perc_3mm_initial_bis,NOH|PDMS|20perc|3mm|initial|bis,\\Synology\Data\2024\SC-5624\NOH_PDMS Alina\NOH_PDMS_20perc_3mm_initial_bis\WAXS\NOH_PDMS_20perc_3mm_initial_bis_WAXS_0000.edf
SC-5624,NOH_PDMS_20perc_3_5mm_initial,NOH|PDMS|20perc|3|5mm|initial,\\Synology\Data\2024\SC-5624\NOH_PDMS Alina\NOH_PDMS_20perc_3_5mm_initial\WAXS\NOH_PDMS_20perc_3_5mm_initial_WAXS_0000.edf
SC-5624,NOH_PDMS_20perc_4_5mm_bis,NOH|PDMS|20perc|4|5mm|bis,\\Synology\Data\2024\SC-5624\NOH_PDMS Alina\NOH_PDMS_20perc_4_5mm_bis\WAXS\NOH_PDMS_20perc_4_5mm_bis_WAXS_0000.edf
SC-5624,NOH_PDMS_20perc_5mm_bis,NOH|PDMS|20perc|5mm|bis,\\Synology\Data\2024\SC-5624\NOH_PDMS Alina\NOH_PDMS_20perc_5mm_bis\WAXS\NOH_PDMS_20perc_5mm_bis_WAXS_0000.edf
SC-5624,NOH_PDMS_20perc_5_5mm_bis,NOH|PDMS|20perc|5|5mm|bis,\\Synology\Data\2024\SC-5624\NOH_PDMS Alina\NOH_PDMS_20perc_5_5mm_bis\WAXS\NOH_PDMS_20perc_5_5mm_bis_WAXS_0000.edf
SC-5624,NOH_PDMS_50perc_3mm_initial,NOH|PDMS|50perc|3mm|initial,\\Synology\Data\2024\SC-5624\NOH_PDMS Alina\NOH_PDMS_50perc_3mm_initial\WAXS\NOH_PDMS_50perc_3mm_initial_WAXS_0000.edf
SC-5624,NOH_PDMS_50perc_3_5mm,NOH|PDMS|50perc|3|5mm,\\Synology\Data\2024\SC-5624\NOH_PDMS Alina\NOH_PDMS_50perc_3_5mm\WAXS\NOH_PDMS_50perc_3_5mm_WAXS_0000.edf
SC-5624,NOH_PDMS_50perc_4mm,NOH|PDMS|50perc|4mm,\\Synology\Data\2024\SC-5624\NOH_PDMS Alina\NOH_PDMS_50perc_4mm\WAXS\NOH_PDMS_50perc_4mm_WAXS_0000.edf
SC-5624,NOH_PDMS_50perc_4_5mm,NOH|PDMS|50perc|4|5mm,\\Synology\Data\2024\SC-5624\NOH_PDMS Alina\NOH_PDMS_50perc_4_5mm\WAXS\NOH_PDMS_50perc_4_5mm_WAXS_0000.edf
SC-5624,NOH_PDMS_50perc_5mm,NOH|PDMS|50perc|5mm,\\Synology\Data\2024\SC-5624\NOH_PDMS Alina\NOH_PDMS_50perc_5mm\WAXS\NOH_PDMS_50perc_5mm_WAXS_0000.edf
SC-5624,NOH_PDMS_50perc_5_5mm,NOH|PDMS|50perc|5|5mm,\\Synology\Data\2024\SC-5624\NOH_PDMS Alina\NOH_PDMS_50perc_5_5mm\WAXS\NOH_PDMS_50perc_5_5mm_WAXS_0000.edf
SC-5624,NOH_PDMS_50perc_6mm,NOH|PDMS|50perc|6mm,\\Synology\Data\2024\SC-5624\NOH_PDMS Alina\NOH_PDMS_50perc_6mm\WAXS\NOH_PDMS_50perc_6mm_WAXS_0000.edf
SC-5624,NOH_PDMS_50perc_6_5mm,NOH|PDMS|50perc|6|5mm,\\Synology\Data\2024\SC-5624\NOH_PDMS Alina\NOH_PDMS_50perc_6_5mm\WAXS\NOH_PDMS_50perc_6_5mm_WAXS_0000.edf
SC-5624,NOH_PDMS_50perc_7mm,NOH|PDMS|50perc|7mm,\\Synology\Data\2024\SC-5624\NOH_PDMS Alina\NOH_PDMS_50perc_7mm\WAXS\NOH_PDMS_50perc_7mm_WAXS_0000.edf
SC-5624,NOH_PDMS_50perc_7_5mm,NOH|PDMS|50perc|7|5mm,\\Synology\Data\2024\SC-5624\NOH_PDMS Alina\NOH_PDMS_50perc_7_5mm\WAXS\NOH_PDMS_50perc_7_5mm_WAXS_0000.edf
SC-5624,NOH_PDMS_50perc_8mm,NOH|PDMS|50perc|8mm,\\Synology\Data\2024\SC-5624\NOH_PDMS Alina\NOH_PDMS_50perc_8mm\WAXS\NOH_PDMS_50perc_8mm_WAXS_0000.edf
SC-5624,NOH_PDMS_50perc_8_25mm,NOH|PDMS|50perc|8|25mm,\\Synology\Data\2024\SC-5624\NOH_PDMS Alina\NOH_PDMS_50perc_8_25mm\WAXS\NOH_PDMS_50perc_8_25mm_WAXS_0000.edf
SC-5624,NOH_PDMS_80perc_2mm_initial,NOH|PDMS|80perc|2mm|initial,\\Synology\Data\2024\SC-5624\NOH_PDMS Alina\NOH_PDMS_80perc_2mm_initial\WAXS\NOH_PDMS_80perc_2mm_initial_WAXS_0000.edf
SC-5624,NOH_PDMS_80perc_2_25mm,NOH|PDMS|80perc|2|25mm,\\Synology\Data\2024\SC-5624\NOH_PDMS Alina\NOH_PDMS_80perc_2_25mm\WAXS\NOH_PDMS_80perc_2_25mm_WAXS_0000.edf
SC-5624,NOH_PDMS_80perc_2_5mm,NOH|PDMS|80perc|2|5mm,\\Synology\Data\2024\SC-5624\NOH_PDMS Alina\NOH_PDMS_80perc_2_5mm\WAXS\NOH_PDMS_80perc_2_5mm_WAXS_0000.edf
SC-5624,NOH_PDMS_80perc_2_75mm,NOH|PDMS|80perc|2|75mm,\\Synology\Data\2024\SC-5624\NOH_PDMS Alina\NOH_PDMS_80perc_2_75mm\WAXS\NOH_PDMS_80perc_2_75mm_WAXS_0000.edf
SC-5624,NOH_PDMS_80perc_3mm,NOH|PDMS|80perc|3mm,\\Synology\Data\2024\SC-5624\NOH_PDMS Alina\NOH_PDMS_80perc_3mm\WAXS\NOH_PDMS_80perc_3mm_WAXS_0000.edf
SC-5624,NOH_PDMS_80perc_3_25mm,NOH|PDMS|80perc|3|25mm,\\Synology\Data\2024\SC-5624\NOH_PDMS Alina\NOH_PDMS_80perc_3_25mm\WAXS\NOH_PDMS_80perc_3_25mm_WAXS_0000.edf
SC-5624,NOH_PDMS_80perc_3_5mm,NOH|PDMS|80perc|3|5mm,\\Synology\Data\2024\SC-5624\NOH_PDMS Alina\NOH_PDMS_80perc_3_5mm\WAXS\NOH_PDMS_80perc_3_5mm_WAXS_0000.edf
SC-5624,NOH_PDMS_80perc_3_75mm,NOH|PDMS|80perc|3|75mm,\\Synology\Data\2024\SC-5624\NOH_PDMS Alina\NOH_PDMS_80perc_3_75mm\WAXS\NOH_PDMS_80perc_3_75mm_WAXS_0000.edf
SC-5624,NOH_PDMS_80perc_4mm,NOH|PDMS|80perc|4mm,\\Synology\Data\2024\SC-5624\NOH_PDMS Alina\NOH_PDMS_80perc_4mm\WAXS\NOH_PDMS_80perc_4mm_WAXS_0000.edf
SC-5624,NOH_PDMS_80perc_4_25mm,NOH|PDMS|80perc|4|25mm,\\Synology\Data\2024\SC-5624\NOH_PDMS Alina\NOH_PDMS_80perc_4_25mm\WAXS\NOH_PDMS_80perc_4_25mm_WAXS_0000.edf
SC-5624,NOH_PDMS_80perc_4_5mm,NOH|PDMS|80perc|4|5mm,\\Synology\Data\2024\SC-5624\NOH_PDMS Alina\NOH_PDMS_80perc_4_5mm\WAXS\NOH_PDMS_80perc_4_5mm_WAXS_0000.edf
SC-5624,NOH_PDMS_80perc_4_75mm,NOH|PDMS|80perc|4|75mm,\\Synology\Data\2024\SC-5624\NOH_PDMS Alina\NOH_PDMS_80perc_4_75mm\WAXS\NOH_PDMS_80perc_4_75mm_WAXS_0000.edf
SC-5624,NOH_PDMS_80perc_5mm,NOH|PDMS|80perc|5mm,\\Synology\Data\2024\SC-5624\NOH_PDMS Alina\NOH_PDMS_80perc_5mm\WAXS\NOH_PDMS_80perc_5mm_WAXS_0000.edf
SC-5624,NOH_PDMS_80perc_5_25mm,NOH|PDMS|80perc|5|25mm,\\Synology\Data\2024\SC-5624\NOH_PDMS Alina\NOH_PDMS_80perc_5_25mm\WAXS\NOH_PDMS_80perc_5_25mm_WAXS_0000.edf
SC-5624,NOH_PDMS_80perc_5_5mm,NOH|PDMS|80perc|5|5mm,\\Synology\Data\2024\SC-5624\NOH_PDMS Alina\NOH_PDMS_80perc_5_5mm\WAXS\NOH_PDMS_80perc_5_5mm_WAXS_0000.edf
SC-5624,NOH_PDMS_80perc_5_75mm,NOH|PDMS|80perc|5|75mm,\\Synology\Data\2024\SC-5624\NOH_PDMS Alina\NOH_PDMS_80perc_5_75mm\WAXS\NOH_PDMS_80perc_5_75mm_WAXS_0000.edf
SC-5624,NOH_PDMS_80perc_6mm,NOH|PDMS|80perc|6mm,\\Synology\Data\2024\SC-5624\NOH_PDMS Alina\NOH_PDMS_80perc_6mm\WAXS\NOH_PDMS_80perc_6mm_WAXS_0000.edf
